{"type":"FeatureCollection","features":[{"type":"Feature","geometry":{"type":"Point","coordinates":[-1.298601,51.751134]},"properties":{"holder_names":"Portfolio Properties Oxford (Lucy White)","holder_address":"Portfolio Properties Oxford Suite A Hinksey Court, WestWay,  Botley, Oxford, OX2 9JU","property_count":15}},{"type":"Feature","geometry":{"type":"Point","coordinates":[-1.258878,51.754678]},"properties":{"holder_names":"The Parochial Church Council of St Mary Magdalen, Oxford","holder_address":"St Mary Magdalen Magdalen Street , Oxford, OX1 3AE","property_count":1}},{"type":"Feature","geometry":{"type":"Point","coordinates":[-1.201478,51.74042]},"properties":{"holder_names":"Sameeuddin Hussaini Syed","holder_address":"19 Hunter Close , Oxford, OX4 2PX","property_count":1}},{"type":"Feature","geometry":{"type":"Point","coordinates":[-1.230099,51.760798]},"properties":{"holder_names":"Zhuo Yu","holder_address":"19 Harberton Mead , Oxford, OX3 0DB","property_count":1}},{"type":"Feature","geometry":{"type":"Point","coordinates":[-1.244092,51.750371]},"properties":{"holder_names":"college and county (College and County)","holder_address":"9-10 st clements , oxford, ox4 1ab","property_count":1}},{"type":"Feature","geometry":{"type":"Point","coordinates":[-1.252638,51.727832]},"properties":{"holder_names":"Philip Roberts","holder_address":"106 Kennington Road Kennington, Oxford, OX1 5PE","property_count":1}},{"type":"Feature","geometry":{"type":"Point","coordinates":[-1.204844,51.724189]},"properties":{"holder_names":"Ettore Delcuratolo","holder_address":"8 Allin Close , Oxford, OX4 6AX","property_count":1}},{"type":"Feature","geometry":{"type":"Point","coordinates":[44.005361,36.206077]},"properties":{"holder_names":"timothy kiggell","holder_address":"43 Hill View Road, Oxford4, OX2 0DA","property_count":1}},{"type":"Feature","geometry":{"type":"Point","coordinates":[-1.222819,51.727613]},"properties":{"holder_names":"MAZHAR DOGAR; Mazhar Dogar","holder_address":"1 Hillsborough Road , Oxford, OX4 3SL","property_count":54}},{"type":"Feature","geometry":{"type":"Point","coordinates":[-1.283592,51.784644]},"properties":{"holder_names":"Benjamin Ryde; Bradford Securities Limited; Jacob Ryde; Joshua Ryde","holder_address":"5 Wolvercote Green , Oxford, OX2 8BD","property_count":9}},{"type":"Feature","geometry":{"type":"Point","coordinates":[-1.273826,51.78496]},"properties":{"holder_names":"Nicola Carrol","holder_address":"18 Woodstock Close , Oxford, OX2 8DB","property_count":1}},{"type":"Feature","geometry":{"type":"Point","coordinates":[-1.223057,51.741963]},"properties":{"holder_names":"Sebastiano Giorgio","holder_address":"34 GLANVILLE ROAD, OXFORD, OX4 2DD","property_count":3}},{"type":"Feature","geometry":{"type":"Point","coordinates":[-1.23835,51.740558]},"properties":{"holder_names":"St.John O'Rorke","holder_address":"70 Warwick Street , Oxford, OX4 1SX","property_count":1}},{"type":"Feature","geometry":{"type":"Point","coordinates":[-1.268817,51.761815]},"properties":{"holder_names":"LUCY GROUP LTD; LUCY GROUP LTD (Lucy Group Ltd); Lucy Group LTD (Lucy Group Ltd); Lucy Group Ltd (Lucy Group Ltd)","holder_address":"Lucy Group Ltd, Eagle Works Walton Well Road, Oxford, OX2  6EE","property_count":96}},{"type":"Feature","geometry":{"type":"Point","coordinates":[-1.258948,51.756054]},"properties":{"holder_names":"ST JOHN'S COLLEGE OXFORD (St John's College Oxford); ST. JOHN'S COLLEGE LIMITED (Iris Burke); ST. JOHN'S COLLEGE LIMITED (St John's College Oxford); St John's College, Oxford; St Johns College (Iris Burke); St Johns College (St John's College Oxford); St Johns College Oxford (Iris Burke); St Johns College Oxford (St John's College Oxford); St johns College (Iris Burke); Yanjun Guo","holder_address":"St. Johns College St. Giles, Oxford, OX1 3JP","property_count":155}},{"type":"Feature","geometry":{"type":"Point","coordinates":[-1.263929,51.752104]},"properties":{"holder_names":"University of Oxford (Paul Garnham)","holder_address":"Residential Lettings, The Malthouse Tidmarsh Lane, Oxford,  OX1 1NQ","property_count":19}},{"type":"Feature","geometry":{"type":"Point","coordinates":[-1.209619,51.730191]},"properties":{"holder_names":"Darshan Lal; Dimple Lal","holder_address":"1 Frederick Road , Oxford, OX4 3HL","property_count":8}},{"type":"Feature","geometry":{"type":"Point","coordinates":[-1.238098,51.774891]},"properties":{"holder_names":"Tamsin Heatley","holder_address":"12 Oxford Road Old Marston, Oxford, OX3 0PQ","property_count":2}},{"type":"Feature","geometry":{"type":"Point","coordinates":[-1.254723,51.750065]},"properties":{"holder_names":"Christ Church, Oxford (Wilfred Stephenson)","holder_address":"The Dean and Chapter of the Cathedral Church of Christ in  Oxford of the Foundation of King Henry the Eighth St. Aldates,  Oxford, OX1 1DP","property_count":32}},{"type":"Feature","geometry":{"type":"Point","coordinates":[-1.227254,51.71924]},"properties":{"holder_names":"RESPONSE ORGANISATION (Lesley Lawton); Response Organisation (Lesley Lawton)","holder_address":"Response Organisation, A G Palmer House Morrell Crescent,  Littlemore, Oxford, OX4 4SU","property_count":14}},{"type":"Feature","geometry":{"type":"Point","coordinates":[-1.237503,51.730657]},"properties":{"holder_names":"Patrick Fox-Tucker","holder_address":"80 Church Way Iffley, Oxford, OX4 4EF","property_count":13}},{"type":"Feature","geometry":{"type":"Point","coordinates":[-1.263091,51.756467]},"properties":{"holder_names":"RHHSR LTD; RHHSR LTD (Robin Swailes); SWAILES FAMILY ESTATES (ROBIN SWAILES); Swailes Family Estates LTD","holder_address":"Homefinders Oxford Ltd 151 Walton Street, Oxford, OX1 2HG","property_count":28}},{"type":"Feature","geometry":{"type":"Point","coordinates":[-1.233067,51.746345]},"properties":{"holder_names":"Mr Mohammed Idrees; Oxford Lettings; Oxford Lettings (Idrees Khan); Oxford Lettings (Mohammed Idrees); Oxford lettings","holder_address":"226 Cowley Road , Oxford, OX4 1UH","property_count":37}},{"type":"Feature","geometry":{"type":"Point","coordinates":[-1.264247,51.723515]},"properties":{"holder_names":"Mark Hinnells","holder_address":"Iona Badger Lane, Oxford, OX1 5BL","property_count":1}},{"type":"Feature","geometry":{"type":"Point","coordinates":[-1.238183,51.72737]},"properties":{"holder_names":"The Parochial Church Council of the Parish of Iffley (Sarah Beaver)","holder_address":"Iffley PCC Vestry Building, St Mary's Church Church Way,  Iffley, Oxford, OX4 4EG","property_count":1}},{"type":"Feature","geometry":{"type":"Point","coordinates":[-1.211021,51.729875]},"properties":{"holder_names":"Carol Frew","holder_address":"72 Boswell Road , Oxford, OX4 3HN","property_count":1}},{"type":"Feature","geometry":{"type":"Point","coordinates":[-1.270795,51.784439]},"properties":{"holder_names":"Emma Owen; Sebastian Owen","holder_address":"20 Apsley Road , Oxford, OX2 7QY","property_count":3}},{"type":"Feature","geometry":{"type":"Point","coordinates":[-1.224468,51.733346]},"properties":{"holder_names":"I&D Dwellings Limited (Maria Salinas)","holder_address":"68 Campbell Road , Oxford, OX4 3PG","property_count":2}},{"type":"Feature","geometry":{"type":"Point","coordinates":[-1.268393,51.75698]},"properties":{"holder_names":"Caroline Hinkes","holder_address":"35 Nelson Street , Oxford, OX2 6BD","property_count":1}},{"type":"Feature","geometry":{"type":"Point","coordinates":[-1.252827,51.753282]},"properties":{"holder_names":"All Souls College; The Warden and College of The Souls of All Faithful People  Deceased in the University of Oxford; The Warden and College of The Souls of All Faithful People  Deceased in the University of Oxford (Simon Jones)","holder_address":"All Souls College High Street, Oxford, OX1 4AL","property_count":17}},{"type":"Feature","geometry":{"type":"Point","coordinates":[-1.23642,51.76974]},"properties":{"holder_names":"Robert Tomlinson","holder_address":"4 Broughton Close Marston, Oxford, OX3 0RQ","property_count":7}},{"type":"Feature","geometry":{"type":"Point","coordinates":[-1.240917,51.76874]},"properties":{"holder_names":"geoff waddle","holder_address":"10 Cavendish Drive Marston, Oxford, OX3 0SB","property_count":1}},{"type":"Feature","geometry":{"type":"Point","coordinates":[-1.227442,51.742994]},"properties":{"holder_names":"BS Properties (Oxford) Limited","holder_address":"356 Cowley Road , Oxford, OX4 2AG","property_count":1}},{"type":"Feature","geometry":{"type":"Point","coordinates":[-1.21534,51.730178]},"properties":{"holder_names":"anita rai","holder_address":"11 Liddell Road , Oxford, OX4 3QT","property_count":1}},{"type":"Feature","geometry":{"type":"Point","coordinates":[-1.204015,51.743626]},"properties":{"holder_names":"Patrick Heritage","holder_address":"1 Dene Road, Oxford, OX3 7EF","property_count":1}},{"type":"Feature","geometry":{"type":"Point","coordinates":[-1.216067,51.726962]},"properties":{"holder_names":"John Amantrading; leon Amantrading","holder_address":"16 Van Diemans Lane , Oxford, OX4 3QD","property_count":6}},{"type":"Feature","geometry":{"type":"Point","coordinates":[-1.233717,51.741299]},"properties":{"holder_names":"NAVEED SHAN; Naveed Shan","holder_address":"33 Percy Street , Oxford, OX4 3AA","property_count":5}},{"type":"Feature","geometry":{"type":"Point","coordinates":[-1.278062,51.792769]},"properties":{"holder_names":"German Lutheran Congregation Oxford (Gunther von Billerbeck)","holder_address":"23 Linkside Avenue , Oxford, OX2 8JE","property_count":1}},{"type":"Feature","geometry":{"type":"Point","coordinates":[-1.214968,51.716303]},"properties":{"holder_names":"Chesterton Yeates (Lily Yeates)","holder_address":"Chesterton Yeates John Eccles House, Robert Robinson  Avenue, Oxford, OX4 4GP","property_count":41}},{"type":"Feature","geometry":{"type":"Point","coordinates":[-1.268682,51.763764]},"properties":{"holder_names":"Mary Ormerod","holder_address":"146 Kingston Road , Oxford, OX2 6RP","property_count":1}},{"type":"Feature","geometry":{"type":"Point","coordinates":[-1.214968,51.716303]},"properties":{"holder_names":"Chesterton Yeates (Lily Yeates)","holder_address":"Regus John Eccles House, Robert Robinson Avenue, Oxford,  OX4 4GP","property_count":6}},{"type":"Feature","geometry":{"type":"Point","coordinates":[-1.255566,51.752896]},"properties":{"holder_names":"Lincoln College; Lincoln College (Annaliese Griffiss); Lincoln College (Hywel Morse)","holder_address":"Lincoln College Turl Street, Oxford, OX1 3DR","property_count":17}},{"type":"Feature","geometry":{"type":"Point","coordinates":[-1.261024,51.77448]},"properties":{"holder_names":"Sarah Lai","holder_address":"Flat 4, Radley House 11 Marston Ferry Road, Oxford, OX2 7EA","property_count":1}},{"type":"Feature","geometry":{"type":"Point","coordinates":[-1.230699,51.743504]},"properties":{"holder_names":"Mohammad imran faruq; mohammad imran faruq","holder_address":"9 whitson place , oxford, ox4 3dd","property_count":13}},{"type":"Feature","geometry":{"type":"Point","coordinates":[-1.277798,51.784623]},"properties":{"holder_names":"Zelga Miller","holder_address":"373 Woodstock Road , Oxford, OX2 8AA","property_count":1}},{"type":"Feature","geometry":{"type":"Point","coordinates":[-0.479106,52.151138]},"properties":{"holder_names":"Sazan Shima","holder_address":"11 Alesworth Grove Headington, Oxford, OX3 9RD","property_count":2}},{"type":"Feature","geometry":{"type":"Point","coordinates":[-1.236268,51.747451]},"properties":{"holder_names":"LPM RESIDENTIAL LTD (Tariq Qume); LPM Residential Limited; LPM Residential Limited (Tariq Qume); LPM Residential Limited (Tariq)","holder_address":"Letting & Property Agency, 154B Cowley Road, Oxford, OX4  1UE","property_count":100}},{"type":"Feature","geometry":{"type":"Point","coordinates":[-1.278292,51.784928]},"properties":{"holder_names":"Gillian Usborne; HERS LLC (Ian Robinson)","holder_address":"2B Bladon Close, Oxford, OX2 8AD","property_count":4}},{"type":"Feature","geometry":{"type":"Point","coordinates":[-1.218358,51.734727]},"properties":{"holder_names":"Javed Iqbal","holder_address":"43 Maidcroft Road , Oxford, OX4 3EW","property_count":2}},{"type":"Feature","geometry":{"type":"Point","coordinates":[-1.205718,51.735865]},"properties":{"holder_names":"Kuldip Kumar","holder_address":"Kays Kumar 68 Wilkins Road, Oxford, OX4 2JB","property_count":1}},{"type":"Feature","geometry":{"type":"Point","coordinates":[-1.230088,51.743784]},"properties":{"holder_names":"mohammad jamil faruq","holder_address":"10 ridgefield road , oxford, ox4 3bt","property_count":5}},{"type":"Feature","geometry":{"type":"Point","coordinates":[-1.266854,51.773642]},"properties":{"holder_names":"Siobhan Catherine Cooney","holder_address":"190 Woodstock Road , Oxford, OX2 7NQ","property_count":5}},{"type":"Feature","geometry":{"type":"Point","coordinates":[-1.263451,51.769091]},"properties":{"holder_names":"Tilly Chown","holder_address":"4 Rawlinson Road , Oxford, OX2 6UE","property_count":1}},{"type":"Feature","geometry":{"type":"Point","coordinates":[-1.250629,51.754811]},"properties":{"holder_names":"David Arthur Parrott; Michael Burden; New College, Oxford (Gez Wells)","holder_address":"New College Holywell Street, Oxford, OX1 3BN","property_count":5}},{"type":"Feature","geometry":{"type":"Point","coordinates":[-1.262512,51.764457]},"properties":{"holder_names":"David Ian Lawton; Mr David Ian Lawton","holder_address":"16 Winchester Road, Oxford, OX2 6NA","property_count":6}},{"type":"Feature","geometry":{"type":"Point","coordinates":[-1.235249,51.76817]},"properties":{"holder_names":"Tatiana Soboleva","holder_address":"19 Beechey Avenue Marston, Oxford, OX3 0JU","property_count":1}},{"type":"Feature","geometry":{"type":"Point","coordinates":[-1.286413,51.726512]},"properties":{"holder_names":"Chilswell Investments Limited","holder_address":"The Byre, Chilswell Farm Boars Hill, Oxford, OX1 5EP","property_count":2}},{"type":"Feature","geometry":{"type":"Point","coordinates":[-1.209443,51.732276]},"properties":{"holder_names":"Shama El-Salahi","holder_address":"21 Napier Road , Oxford, OX4 3HZ","property_count":1}},{"type":"Feature","geometry":{"type":"Point","coordinates":[-1.834693,51.573859]},"properties":{"holder_names":"Eranda Proko","holder_address":"5 Steep Rise Headington, Oxford, OX3 9QG","property_count":1}},{"type":"Feature","geometry":{"type":"Point","coordinates":[-1.256229,51.752877]},"properties":{"holder_names":"Shepherd & Woodward Ltd; Shepherd & Woodward Ltd (Marie Curtis)","holder_address":"10 Turl Street , Oxford, OX1 3DN","property_count":6}},{"type":"Feature","geometry":{"type":"Point","coordinates":[-1.267633,51.773543]},"properties":{"holder_names":"David Nimmo-Smith; Judith Nimmo-Smith","holder_address":"Flat 1 245 Woodstock Road, Oxford, OX2 7AD","property_count":3}},{"type":"Feature","geometry":{"type":"Point","coordinates":[-0.478671,52.151284]},"properties":{"holder_names":"Manor Investment (Oxford) Ltd (Paul Harris)","holder_address":"14 Bertie Road Cumnor, Oxford, OX2 9PS","property_count":1}},{"type":"Feature","geometry":{"type":"Point","coordinates":[-1.601718,51.375562]},"properties":{"holder_names":"Peggy Roylance","holder_address":"64 Empress Court, Oxford, OX1 1HF","property_count":1}},{"type":"Feature","geometry":{"type":"Point","coordinates":[-1.214792,51.733094]},"properties":{"holder_names":"Mohammed Saddiq","holder_address":"38 St Omer Road , Oxford, OX4 3HB","property_count":15}},{"type":"Feature","geometry":{"type":"Point","coordinates":[-1.231588,51.760871]},"properties":{"holder_names":"Robert Urwin","holder_address":"22 Harberton Mead , Oxford, OX3 0DB","property_count":2}},{"type":"Feature","geometry":{"type":"Point","coordinates":[6.7643,51.211817]},"properties":{"holder_names":"Hilary Henwood","holder_address":"32 Links Road Kennington, Oxford, OX1 5RT","property_count":1}},{"type":"Feature","geometry":{"type":"Point","coordinates":[-1.271597,51.785695]},"properties":{"holder_names":"Adeola Ekpe; Adeola Yeyunde Ekpe; Daniel Ekpe","holder_address":"9 Upland Park Road , Oxford, OX2 7RU","property_count":4}},{"type":"Feature","geometry":{"type":"Point","coordinates":[-1.231588,51.760871]},"properties":{"holder_names":"Robert Urwin","holder_address":"22 Harberton Mead Headington, Oxford, OX3 0DB","property_count":4}},{"type":"Feature","geometry":{"type":"Point","coordinates":[-1.218096,51.758322]},"properties":{"holder_names":"Sarah McFadden","holder_address":"Flat 6, London Court 9-13 London Road, Headington, Oxford,  OX3 7SL","property_count":1}},{"type":"Feature","geometry":{"type":"Point","coordinates":[23.736909,37.949989]},"properties":{"holder_names":"Ben Reed","holder_address":"45 The Avenue Kennington, Oxford, OX1 5PP","property_count":1}},{"type":"Feature","geometry":{"type":"Point","coordinates":[-1.200983,51.725534]},"properties":{"holder_names":"Arben Demushi","holder_address":"31 Sandy Lane , Oxford, OX4 6AN","property_count":1}},{"type":"Feature","geometry":{"type":"Point","coordinates":[-1.263115,51.756455]},"properties":{"holder_names":"NOPSR; RHH Repository Ltd; RHHSR LTD; Robin Swailes; Swailes Family Estates LTD; Swailes Family Estates LTD (Robin Swailes)","holder_address":"151 Walton Street , Oxford, OX1 2HG","property_count":29}},{"type":"Feature","geometry":{"type":"Point","coordinates":[-1.238366,51.748474]},"properties":{"holder_names":"R M A Properties Ltd (Ashley Charles Bolton); RMA Properties Ltd (Ashley Bolton); RMA Properties Ltd (Ashley Charles Bolton)","holder_address":"RMA Properties Ltd 101A Cowley Road, Oxford, OX4 1HU","property_count":39}},{"type":"Feature","geometry":{"type":"Point","coordinates":[-1.197907,51.763373]},"properties":{"holder_names":"Martin Burgess","holder_address":"7 North Way Headington, Oxford, OX3 9ES","property_count":2}},{"type":"Feature","geometry":{"type":"Point","coordinates":[-1.207609,51.737291]},"properties":{"holder_names":"Safaraz Ahmed; Uzma Ahmed","holder_address":"102 Hollow Way Cowley, Oxford, OX4 2NH","property_count":2}},{"type":"Feature","geometry":{"type":"Point","coordinates":[-1.269409,51.789482]},"properties":{"holder_names":"Hui Tu","holder_address":"59 Harefields , Oxford, OX2 8HG","property_count":1}},{"type":"Feature","geometry":{"type":"Point","coordinates":[-1.245152,51.748813]},"properties":{"holder_names":"St Hilda's College (Alex Horsfall-Turner); St Hilda's College, Oxford","holder_address":"St. Hildas College Cowley Place, Oxford, OX4 1DY","property_count":3}},{"type":"Feature","geometry":{"type":"Point","coordinates":[-1.230194,51.7665]},"properties":{"holder_names":"Mohammed Ishaq","holder_address":"38 Headley Way Headington, Oxford, OX3 0LU","property_count":2}},{"type":"Feature","geometry":{"type":"Point","coordinates":[-3.19881,52.980842]},"properties":{"holder_names":"Christian Life Centre Oxford Trust (Grady Reid)","holder_address":"49A, Oxford Road Cowley, Oxford, OX4 2ER","property_count":1}},{"type":"Feature","geometry":{"type":"Point","coordinates":[-1.241888,51.750359]},"properties":{"holder_names":"Hutton Parker; Hutton Parker (Hutton Parker); Hutton parker (Hutton Parker); hutton parker (Hutton Parker)","holder_address":"41 st clements , Oxford, OX4 1AG","property_count":50}},{"type":"Feature","geometry":{"type":"Point","coordinates":[-1.301908,51.749771]},"properties":{"holder_names":"Anne-Marie Heslop","holder_address":"7 Cumnor Hill , Oxford, OX2 9EU","property_count":1}},{"type":"Feature","geometry":{"type":"Point","coordinates":[-1.224112,51.75236]},"properties":{"holder_names":"A Ali; Akhtar Ali","holder_address":"Bartlemas Lodge Cowley Road, Oxford, OX4 2AJ","property_count":19}},{"type":"Feature","geometry":{"type":"Point","coordinates":[-1.269498,51.761623]},"properties":{"holder_names":"Elizabeth Addy; Thomas Merrifield (Simon Smith)","holder_address":"1 Walton Well Road, Oxford, OX2 6ED","property_count":7}},{"type":"Feature","geometry":{"type":"Point","coordinates":[-1.232974,51.733826]},"properties":{"holder_names":"Kwok Hing Lau","holder_address":"20 Augustine Way , Oxford, OX4 4DG","property_count":2}},{"type":"Feature","geometry":{"type":"Point","coordinates":[-1.236276,51.747453]},"properties":{"holder_names":"LPM Residential Limited","holder_address":"154 Cowley Road, Oxford, ox4 1ue","property_count":23}},{"type":"Feature","geometry":{"type":"Point","coordinates":[-1.223671,51.762035]},"properties":{"holder_names":"Shabana Anwar","holder_address":"137 Headley Way Headington, Oxford, OX3 7SS","property_count":1}},{"type":"Feature","geometry":{"type":"Point","coordinates":[-1.301605,51.712187]},"properties":{"holder_names":"Richard Claye","holder_address":"Middleway Cottage Old Boars Hill, Oxford, OX1 5JJ","property_count":3}},{"type":"Feature","geometry":{"type":"Point","coordinates":[-1.214962,51.716311]},"properties":{"holder_names":"chesterton yeates (Victoria Chesterton); chesterton yeates (Victoria Cummins); chesterton yeates (Victoria cummins); chesterton yeates (victoria cummins)","holder_address":"john eccles house robert robinson avenue, oxford, ox4 4gp","property_count":4}},{"type":"Feature","geometry":{"type":"Point","coordinates":[-1.268471,51.761709]},"properties":{"holder_names":"Thomas Merrifield (Simon Smith)","holder_address":"Holyfield House 1 Walton Well Road, Oxford, OX2 6ED","property_count":7}},{"type":"Feature","geometry":{"type":"Point","coordinates":[-1.263615,51.749592]},"properties":{"holder_names":"Huiping Ying","holder_address":"Apartment 33, Mill Stream House Norfolk Street, Oxford, OX1  1EB","property_count":1}},{"type":"Feature","geometry":{"type":"Point","coordinates":[-0.426626,51.417531]},"properties":{"holder_names":"David Burt","holder_address":"9 Simpsons Way Kennington, Oxford, OX1 5RZ","property_count":3}},{"type":"Feature","geometry":{"type":"Point","coordinates":[-1.202002,51.722216]},"properties":{"holder_names":"Etleva Lika","holder_address":"16 Moorbank , Oxford, OX4 6HZ","property_count":1}},{"type":"Feature","geometry":{"type":"Point","coordinates":[-1.230764,51.743558]},"properties":{"holder_names":"Mohammad Amir Faruq; mohammad Amir faruq","holder_address":"12 whitson place , oxford, ox4 3dd","property_count":2}},{"type":"Feature","geometry":{"type":"Point","coordinates":[-1.266854,51.773642]},"properties":{"holder_names":"Siobhan Cooney","holder_address":"190 Woodstock Road, Oxford, OX2 7NQ","property_count":1}},{"type":"Feature","geometry":{"type":"Point","coordinates":[-1.265878,51.759718]},"properties":{"holder_names":"Swailes Family Estates LTD; Swailes Suites Limited","holder_address":"48 Walton Street , Oxford, OX2 6AD","property_count":5}},{"type":"Feature","geometry":{"type":"Point","coordinates":[-1.25926,51.750602]},"properties":{"holder_names":"WMJ property limited (Wenfeng Zhang)","holder_address":"Minox Boutique, 14-15 St. Ebbes Street, Oxford, OX1 1QQ","property_count":3}},{"type":"Feature","geometry":{"type":"Point","coordinates":[-1.233806,51.748963]},"properties":{"holder_names":"Xiaohang Fang","holder_address":"12 Ablett Close , Oxford, OX4 1XH","property_count":1}},{"type":"Feature","geometry":{"type":"Point","coordinates":[-1.259735,51.759101]},"properties":{"holder_names":"DQ PROPERTY LIMITED (Xuejie Ding)","holder_address":"30 St Giles, Oxford, ox1 3lz","property_count":1}},{"type":"Feature","geometry":{"type":"Point","coordinates":[-1.210463,51.730882]},"properties":{"holder_names":"Ashok Masih","holder_address":"51 Bailey Road , Oxford, OX4 3HU","property_count":11}},{"type":"Feature","geometry":{"type":"Point","coordinates":[-1.210463,51.730882]},"properties":{"holder_names":"ASHOK MASIH","holder_address":"51 BAILEY ROAD, OXFORD, OX4 3HU","property_count":1}},{"type":"Feature","geometry":{"type":"Point","coordinates":[-1.238767,51.740927]},"properties":{"holder_names":"Mark Gardener; Ruth Pickering","holder_address":"52 Warwick Street , Oxford, OX4 1SX","property_count":4}},{"type":"Feature","geometry":{"type":"Point","coordinates":[-1.216515,51.734812]},"properties":{"holder_names":"Israr Hussain","holder_address":"9 Havelock Road , Oxford, OX4 3EP","property_count":7}},{"type":"Feature","geometry":{"type":"Point","coordinates":[-1.227744,51.750188]},"properties":{"holder_names":"Aeron Morgan Buchanan","holder_address":"183 Morrell Avenue , Oxford, OX4 1NG","property_count":3}},{"type":"Feature","geometry":{"type":"Point","coordinates":[-1.266598,51.769903]},"properties":{"holder_names":"Julie Kilcoyne","holder_address":"177 Woodstock Road , Oxford, OX2 7NB","property_count":1}},{"type":"Feature","geometry":{"type":"Point","coordinates":[-1.209836,51.757845]},"properties":{"holder_names":"Mohammadreza Shirazi","holder_address":"2 Bateman Street Headington, Oxford, OX3 7BG","property_count":1}},{"type":"Feature","geometry":{"type":"Point","coordinates":[-1.187071,51.767281]},"properties":{"holder_names":"Lamiese Ismail; Nasim Soleymani Majd","holder_address":"Candleford House, Bayswater Farm Road Headington, Oxford,  OX3 8BX","property_count":3}},{"type":"Feature","geometry":{"type":"Point","coordinates":[-1.233067,51.746345]},"properties":{"holder_names":"Oxford Lettings (Mohammed Idrees)","holder_address":"226 Cowley Road Oxford , Oxford, OX4 1UH","property_count":6}},{"type":"Feature","geometry":{"type":"Point","coordinates":[-1.241888,51.750359]},"properties":{"holder_names":"Hutton Parker (Hutton Parker); Hutton parker (Hutton Parker)","holder_address":"41 St clements , Oxford, OX4 1AG","property_count":10}},{"type":"Feature","geometry":{"type":"Point","coordinates":[-1.256437,51.751872]},"properties":{"holder_names":"J&L Catering Ltd (Jason Chia); Jason Chia","holder_address":"130a The High Street , Oxford, OX1 4DH","property_count":29}},{"type":"Feature","geometry":{"type":"Point","coordinates":[-1.265824,51.759686]},"properties":{"holder_names":"India hoyle; NOPS","holder_address":"47 Walton St , Oxford, OX2 6AD","property_count":2}},{"type":"Feature","geometry":{"type":"Point","coordinates":[-1.208939,51.757039]},"properties":{"holder_names":"Ray Leung","holder_address":"74A, Windmill Road Headington, Oxford, OX3 7BZ","property_count":5}},{"type":"Feature","geometry":{"type":"Point","coordinates":[-1.208939,51.757039]},"properties":{"holder_names":"Ray Leung","holder_address":"74A Windmill Road , Oxford, OX3 7BZ","property_count":3}},{"type":"Feature","geometry":{"type":"Point","coordinates":[-1.202602,51.72394]},"properties":{"holder_names":"oskar ochylski","holder_address":"4 Wingate Close , Oxford, OX4 6BL","property_count":1}},{"type":"Feature","geometry":{"type":"Point","coordinates":[-1.254692,51.755408]},"properties":{"holder_names":"Wadham College; Wadham College University of Oxford; Wadham College University of Oxford (Chris Cox)","holder_address":"Wadham College Parks Road, Oxford, OX1 3PN","property_count":19}},{"type":"Feature","geometry":{"type":"Point","coordinates":[-1.25261,51.75103]},"properties":{"holder_names":"Alexander Schekochihin; John Eidinow; Merton College (John Gloag); Merton College (Sophie Tidy); Merton College (Tim Lightfoot); Oxford University Tennis Foundation","holder_address":"Merton College Merton Street, Oxford, OX1 4JD","property_count":46}},{"type":"Feature","geometry":{"type":"Point","coordinates":[-1.238418,51.748397]},"properties":{"holder_names":"Mr Hassan Arshad; Mr Mohammed Razvan Raja; RMA Properties Ltd (Ashley Bolton); RMA Properties Ltd (Ashley Charles Bolton)","holder_address":"101A Cowley Road , Oxford, OX4 1HU","property_count":16}},{"type":"Feature","geometry":{"type":"Point","coordinates":[-1.23518,51.766288]},"properties":{"holder_names":"Qi Chen; qi chen","holder_address":"25 Old Marston Road Marston, Oxford, OX3 0JR","property_count":2}},{"type":"Feature","geometry":{"type":"Point","coordinates":[-1.214792,51.733094]},"properties":{"holder_names":"Mohammed Saddiq; Mr Mohammed Saddiq","holder_address":"38 St Omer Road, Oxford, OX4 3HB","property_count":5}},{"type":"Feature","geometry":{"type":"Point","coordinates":[-1.26453,51.758552]},"properties":{"holder_names":"Oxford University Press; Oxford University Press (Adrian McLean); Oxford University Press (Adrian Mclean); Oxford University Press (Oxford University Press); Oxford University press","holder_address":"Oxford University Press Great Clarendon Street, Oxford, OX2  6DP","property_count":124}},{"type":"Feature","geometry":{"type":"Point","coordinates":[-1.27101,51.78967]},"properties":{"holder_names":"Afsaneh Khalilkhah; Faramarz Paziar","holder_address":"443 Banbury Road , Oxford, OX2 8ED","property_count":2}},{"type":"Feature","geometry":{"type":"Point","coordinates":[-1.293509,51.784059]},"properties":{"holder_names":"Suzanne Pullin","holder_address":"6 Baynhams Drive , Oxford, OX2 8FF","property_count":1}},{"type":"Feature","geometry":{"type":"Point","coordinates":[-1.272876,51.789232]},"properties":{"holder_names":"Andrew Owen; Trano Ltd (Andrew Owen); Trano Ltd. (Andrew Owen)","holder_address":"30 Kirk Close , Oxford, OX2 8JN","property_count":6}},{"type":"Feature","geometry":{"type":"Point","coordinates":[-5.237835,56.711572]},"properties":{"holder_names":"Evgeniya Kornelaeva","holder_address":"77 Henley Road Sandford-on-Thames, Oxford, OX4 4YW","property_count":1}},{"type":"Feature","geometry":{"type":"Point","coordinates":[-1.206136,51.736245]},"properties":{"holder_names":"Emma Shepherd","holder_address":"6 Bleache Place , Oxford, OX4 2JD","property_count":1}},{"type":"Feature","geometry":{"type":"Point","coordinates":[-1.305014,51.747188]},"properties":{"holder_names":"Mr Robert Roy Sturgess; Robert Sturgess","holder_address":"33 Cumnor Hill , Oxford, OX2 9EY","property_count":58}},{"type":"Feature","geometry":{"type":"Point","coordinates":[-1.236615,51.773981]},"properties":{"holder_names":"Robert Horner","holder_address":"31 Oxford Road Old Marston, Oxford, OX3 0PQ","property_count":1}},{"type":"Feature","geometry":{"type":"Point","coordinates":[-1.199156,51.755223]},"properties":{"holder_names":"Anthony Baker; Tony Baker","holder_address":"26 Quarry Road Headington, Oxford, OX3 8NU","property_count":3}},{"type":"Feature","geometry":{"type":"Point","coordinates":[-1.255422,51.750426]},"properties":{"holder_names":"Christ Church; Christ Church, Oxford (Wilfred Stephenson); The Dean & Chapter of the Cathedral Church of Christ in Oxford of  the Foundation of King Henry the Eighth (Jonathan Down); The Dean and Chapter of the Cathedral Church of Christ in Oxford  of the Foundation of King Henry the Eighth; The Dean and Chapter of the Cathedral Church of Christ in Oxford  of the Foundation of King Henry the Eighth (Jon Down); The Dean and Chapter of the Cathedral Church of Christ in Oxford  of the Foundation of King Henry the Eighth (Wilfred Stephenson); The Dean and Chapter of the Cathedral Church of Christ in Oxford  of the Foundation of King Henry the Eighth of Christ Church, (Jon  Down); The Dean and Chapter of the Cathedral Church of Christ in Oxford  of the Foundation on King Henry the Eighth","holder_address":"Christ Church St. Aldates, Oxford, OX1 1DP","property_count":133}},{"type":"Feature","geometry":{"type":"Point","coordinates":[-1.215709,51.760912]},"properties":{"holder_names":"Mau On Felix Wong","holder_address":"68 Beech Road Headington, Oxford, OX3 7SJ","property_count":1}},{"type":"Feature","geometry":{"type":"Point","coordinates":[-1.262901,51.74738]},"properties":{"holder_names":"THE LITTLEGATE TRUST (Kirsti Quarshie); The Littlegate Trust (Kirsti Quarshie)","holder_address":"5 Sadler Walk , Oxford, OX1 1TX","property_count":6}},{"type":"Feature","geometry":{"type":"Point","coordinates":[-1.834693,51.573859]},"properties":{"holder_names":"Mouazam Rana","holder_address":"5 St. Marys Road , Oxford, OX4 1PX","property_count":1}},{"type":"Feature","geometry":{"type":"Point","coordinates":[-1.261474,51.782018]},"properties":{"holder_names":"Jeremy Cunningham","holder_address":"86 Hamilton Road , Oxford, OX2 7QA","property_count":1}},{"type":"Feature","geometry":{"type":"Point","coordinates":[-1.200565,51.756076]},"properties":{"holder_names":"Emma Sutton","holder_address":"1 Cummings Close Headington, Oxford, OX3 8ND","property_count":2}},{"type":"Feature","geometry":{"type":"Point","coordinates":[-1.189283,51.768277]},"properties":{"holder_names":"Andrew Carver","holder_address":"Bayswater Mill House, Bayswater Mill Road Headington,  Oxford, OX3 9SB","property_count":2}},{"type":"Feature","geometry":{"type":"Point","coordinates":[-1.23551,51.745807]},"properties":{"holder_names":"Mohumed Hoque; Mr Mohumed Hoque","holder_address":"42 Leon Close , Oxford, OX4 1GS","property_count":6}},{"type":"Feature","geometry":{"type":"Point","coordinates":[-1.236276,51.747453]},"properties":{"holder_names":"LPM Residential Limited","holder_address":"154 Cowley Road, oxford, OX4 1UE","property_count":37}},{"type":"Feature","geometry":{"type":"Point","coordinates":[-0.477338,52.150429]},"properties":{"holder_names":"Ziaqat Saddique; shoqat Ali Saddique","holder_address":"2 Inott Furze Headington, Oxford, OX3 7ES","property_count":3}},{"type":"Feature","geometry":{"type":"Point","coordinates":[-1.233067,51.746345]},"properties":{"holder_names":"Mr Mohammed Idrees; Oxford Lettings (Mohammed Idrees)","holder_address":"226 Cowley Road, Oxford, OX4 1UH","property_count":40}},{"type":"Feature","geometry":{"type":"Point","coordinates":[-1.257218,51.754783]},"properties":{"holder_names":"The Master and Scholars of Balliol College in the University of  Oxford; The Masters and Scholars of Balliol College in the University of  Oxford (Amanda Tilley)","holder_address":"Balliol College Broad Street, Oxford, OX1 3BJ","property_count":16}},{"type":"Feature","geometry":{"type":"Point","coordinates":[-1.217118,51.771892]},"properties":{"holder_names":"GLACKY LIMITED (XIAOSHI GU)","holder_address":"6 Barton Fields Road , Oxford, OX3 9FQ","property_count":1}},{"type":"Feature","geometry":{"type":"Point","coordinates":[-1.201537,51.763834]},"properties":{"holder_names":"Lynne Elaine Macaskie","holder_address":"40 Northfield Road Headington, Oxford, OX3 9EW","property_count":2}},{"type":"Feature","geometry":{"type":"Point","coordinates":[-1.256347,51.742935]},"properties":{"holder_names":"Peter Muil","holder_address":"8 Kineton Road , Oxford, OX1 4PG","property_count":1}},{"type":"Feature","geometry":{"type":"Point","coordinates":[-1.237756,51.751763]},"properties":{"holder_names":"Wayne Ellis","holder_address":"20 London Place , Oxford, OX4 1BD","property_count":1}},{"type":"Feature","geometry":{"type":"Point","coordinates":[-1.235317,51.747415]},"properties":{"holder_names":"aparto Student (Fathi Mohamoud)","holder_address":"The Spireworks 163 Cowley Road, Oxford, OX4 1UT","property_count":1}},{"type":"Feature","geometry":{"type":"Point","coordinates":[-1.242227,51.77031]},"properties":{"holder_names":"Shabbir Choudhury; Tamim Choudhury","holder_address":"69 Arlington Drive Marston, Oxford, OX3 0SL","property_count":6}},{"type":"Feature","geometry":{"type":"Point","coordinates":[-1.230986,51.733622]},"properties":{"holder_names":"VARSITY DESIGN (HOWARD MARSHALL); VARSITY DESIGN LIMITED (Howard Marshall); Varsity Design Ltd (Howard Marshall)","holder_address":"39 Henley Avenue , Oxford, OX4 4DJ","property_count":4}},{"type":"Feature","geometry":{"type":"Point","coordinates":[-0.477741,52.151645]},"properties":{"holder_names":"Khalid Sharif; Rashda Manzoor","holder_address":"18 Marsh Lane Headington, Yes, OX3 0NF","property_count":2}},{"type":"Feature","geometry":{"type":"Point","coordinates":[-1.239474,51.763145]},"properties":{"holder_names":"Shaolin Liu","holder_address":"16 Purcell Road Marston, Oxford, OX3 0HB","property_count":1}},{"type":"Feature","geometry":{"type":"Point","coordinates":[-1.201898,51.734719]},"properties":{"holder_names":"Shpetim Rama","holder_address":"68 Oliver Road , Oxford, OX4 2JF","property_count":1}},{"type":"Feature","geometry":{"type":"Point","coordinates":[-1.264559,51.777422]},"properties":{"holder_names":"Carter Jonas LLP","holder_address":"Mayfield House 256 Banbury Road, Oxford, OX2 7DE","property_count":32}},{"type":"Feature","geometry":{"type":"Point","coordinates":[-1.269954,51.7594]},"properties":{"holder_names":"Kailash Khanna","holder_address":"8 Mount Street , Oxford, OX2 6DH","property_count":1}},{"type":"Feature","geometry":{"type":"Point","coordinates":[-1.261567,51.76876]},"properties":{"holder_names":"Jiangong Zhang","holder_address":"92 Banbury Road , Oxford, OX2 6JT","property_count":1}},{"type":"Feature","geometry":{"type":"Point","coordinates":[-1.222987,51.722866]},"properties":{"holder_names":"Velma Shallow","holder_address":"20 Swinbourne Road Littlemore, Oxford, OX4 4PQ","property_count":1}},{"type":"Feature","geometry":{"type":"Point","coordinates":[-1.239137,51.735533]},"properties":{"holder_names":"Muhammad Waqar Khan","holder_address":"355 Meadow Lane , Oxford, OX4 4BL","property_count":1}},{"type":"Feature","geometry":{"type":"Point","coordinates":[-1.263944,51.76849]},"properties":{"holder_names":"Mrs Ramnique Lall; Ramnique Lall","holder_address":"9 Rawlinson Road , Oxford, OX2 6UE","property_count":6}},{"type":"Feature","geometry":{"type":"Point","coordinates":[-1.815598,51.562237]},"properties":{"holder_names":"Genieve Boon","holder_address":"23 Castle Mews St. Thomas Street, Oxford, OX1 1JR","property_count":1}},{"type":"Feature","geometry":{"type":"Point","coordinates":[-1.228673,51.729106]},"properties":{"holder_names":"Michael Price","holder_address":"90 Courtland Road , Oxford, OX4 4JB","property_count":1}},{"type":"Feature","geometry":{"type":"Point","coordinates":[-1.402052,50.941462]},"properties":{"holder_names":"Elizabeth Ann Day","holder_address":"58 Yarnells Hill , Oxford, OX2 9BE","property_count":1}},{"type":"Feature","geometry":{"type":"Point","coordinates":[-1.227981,51.767486]},"properties":{"holder_names":"Imran Ahmed","holder_address":"34 Derwent Avenue , Oxford, OX3 0AP","property_count":7}},{"type":"Feature","geometry":{"type":"Point","coordinates":[-1.257602,51.764258]},"properties":{"holder_names":"Julian Harvey Wood","holder_address":"16 Crick Road , Oxford, OX2 6QL","property_count":2}},{"type":"Feature","geometry":{"type":"Point","coordinates":[-1.261717,51.767991]},"properties":{"holder_names":"Jiangong Zhang","holder_address":"92B Banbury Road, Oxford, OX2 6JT","property_count":3}},{"type":"Feature","geometry":{"type":"Point","coordinates":[-1.258244,51.74277]},"properties":{"holder_names":"Matthew Stevens","holder_address":"87 Marlborough Road , Oxford, OX1 4LX","property_count":1}},{"type":"Feature","geometry":{"type":"Point","coordinates":[-1.253313,51.737768]},"properties":{"holder_names":"Richard Shallard","holder_address":"11 Norreys Avenue , Oxford, OX1 4ST","property_count":1}},{"type":"Feature","geometry":{"type":"Point","coordinates":[-0.341492,51.577181]},"properties":{"holder_names":"Jonathan Francis; Sinead Francis","holder_address":"25A, High Street Cumnor, Oxford, OX2 9QD","property_count":2}},{"type":"Feature","geometry":{"type":"Point","coordinates":[-1.2624,51.779904]},"properties":{"holder_names":"Bright Properties (Oxford) Ltd (Thomas Bright)","holder_address":"105A Lonsdale Road, Oxford, OX2 7ET","property_count":2}},{"type":"Feature","geometry":{"type":"Point","coordinates":[-1.205727,51.735214]},"properties":{"holder_names":"KAMM PROPERTY LIMITED","holder_address":"89 Wilkins Road , Oxford, OX4 2JB","property_count":1}},{"type":"Feature","geometry":{"type":"Point","coordinates":[-0.002279,51.542964]},"properties":{"holder_names":"ALEMA LTD (Eitan Kaminer); Alema LTD (Eitan Kaminer)","holder_address":"10A, Gathorne Road Headington, Oxford, OX3 8NF","property_count":4}},{"type":"Feature","geometry":{"type":"Point","coordinates":[-1.298601,51.751134]},"properties":{"holder_names":"Portfolio Properties Oxford (Lucy White)","holder_address":"Portfolio Properties Oxford Suite A Hinksey Court, WestWay,  Botley, Yes, OX2 9JU","property_count":24}},{"type":"Feature","geometry":{"type":"Point","coordinates":[-1.220085,51.760099]},"properties":{"holder_names":"Farooq Ghulam; NCC-1701 PROPERTIES LIMITED (Farooq Ghulam); NCC-1701 Properties Limited (Farooq Ghulam)","holder_address":"6 Staunton Road Headington, Oxford, OX3 7TW","property_count":16}},{"type":"Feature","geometry":{"type":"Point","coordinates":[-0.931568,51.461421]},"properties":{"holder_names":"Asha Brown","holder_address":"1 Thackeray Close , Oxford, OX2 9GZ","property_count":1}},{"type":"Feature","geometry":{"type":"Point","coordinates":[-1.200874,51.762559]},"properties":{"holder_names":"Qiao Xu","holder_address":"Millstone, 283 London Road Headington, Oxford, OX3 9EH","property_count":1}},{"type":"Feature","geometry":{"type":"Point","coordinates":[-1.194502,51.719688]},"properties":{"holder_names":"Julie Duffy","holder_address":"22 Crowberry Road , Oxford, OX4 6RE","property_count":1}},{"type":"Feature","geometry":{"type":"Point","coordinates":[-1.227589,51.7588]},"properties":{"holder_names":"Cheuk Yin Michael Tsang; Sze Pak Peter Leung","holder_address":"4 Pullens Field Headington, Oxford, OX3 0BU","property_count":2}},{"type":"Feature","geometry":{"type":"Point","coordinates":[-1.291472,51.706289]},"properties":{"holder_names":"Richard Somovidis","holder_address":"Ashcroft House, Lincombe Lane Boars Hill, Oxford, OX1 5DX","property_count":7}},{"type":"Feature","geometry":{"type":"Point","coordinates":[-1.231422,51.728188]},"properties":{"holder_names":"Amjad Hussain; Mr Arshad Hussain; Mrs Ishrat Bibi Hussain","holder_address":"7 Abberbury Avenue , Oxford, OX4 4EU","property_count":7}},{"type":"Feature","geometry":{"type":"Point","coordinates":[-1.204978,51.753077]},"properties":{"holder_names":"Cathleen Blackburn","holder_address":"96 Old Road Headington, Oxford, OX3 8SX","property_count":1}},{"type":"Feature","geometry":{"type":"Point","coordinates":[-1.278261,51.71548]},"properties":{"holder_names":"John Trethewey","holder_address":"Meadowbank, Hamels Lane Boars Hill, Oxford, OX1 5DJ","property_count":1}},{"type":"Feature","geometry":{"type":"Point","coordinates":[-1.198863,51.745518]},"properties":{"holder_names":"Linda Winterbourne","holder_address":"93 Leiden Road Headington, Oxford, OX3 8QX","property_count":1}},{"type":"Feature","geometry":{"type":"Point","coordinates":[-1.222925,51.761239]},"properties":{"holder_names":"ajaz rehman","holder_address":"155 headley Way , oxford, ox3 7st","property_count":3}},{"type":"Feature","geometry":{"type":"Point","coordinates":[-1.229266,51.767433]},"properties":{"holder_names":"Madhiya Murtza","holder_address":"15 Derwent Avenue Headington, Oxford, OX3 0AR","property_count":1}},{"type":"Feature","geometry":{"type":"Point","coordinates":[-1.227988,51.763354]},"properties":{"holder_names":"Mook Sarah","holder_address":"85 Jack Straws Lane , Oxford, OX3 0DW","property_count":1}},{"type":"Feature","geometry":{"type":"Point","coordinates":[-1.236276,51.747453]},"properties":{"holder_names":"LPM Residential Limited; Mr Abdul Khuja","holder_address":"154 Cowley Road, Oxford, OX4 1UE","property_count":8}},{"type":"Feature","geometry":{"type":"Point","coordinates":[-1.208938,51.721651]},"properties":{"holder_names":"Tracey Dillion","holder_address":"15 Kestrel Crescent , Oxford, OX4 6DY","property_count":1}},{"type":"Feature","geometry":{"type":"Point","coordinates":[-1.252215,51.752733]},"properties":{"holder_names":"Paul Moloney","holder_address":"Boathouse Caretakers Flat High Street, Oxford, OX1 4BH","property_count":1}},{"type":"Feature","geometry":{"type":"Point","coordinates":[-80.735236,43.140048]},"properties":{"holder_names":"Dr Richard Coombs","holder_address":"29 Orchard Road , Oxford, OX2 9BL","property_count":1}},{"type":"Feature","geometry":{"type":"Point","coordinates":[-1.232239,51.735293]},"properties":{"holder_names":"Ashraf Rana","holder_address":"5 Henley Avenue , Oxford, OX4 4DH","property_count":4}},{"type":"Feature","geometry":{"type":"Point","coordinates":[-1.238843,51.746566]},"properties":{"holder_names":"Roger Springall","holder_address":"20 James Street , Oxford, OX4 1ET","property_count":1}},{"type":"Feature","geometry":{"type":"Point","coordinates":[-1.240038,51.747566]},"properties":{"holder_names":"MORRELL GROUNDS LTD; MORRELL GROUNDS LTD (Aeron Buchanan)","holder_address":"Gallery Co Working Space, Unit 3 The Gallery, 54 Marston  Street, Oxford, OX4 1LF","property_count":7}},{"type":"Feature","geometry":{"type":"Point","coordinates":[-1.257002,51.766122]},"properties":{"holder_names":"Silvia Sbardella","holder_address":"20 Norham Road , Oxford, OX2 6SF","property_count":1}},{"type":"Feature","geometry":{"type":"Point","coordinates":[-1.205584,51.759174]},"properties":{"holder_names":"Sarah Floris","holder_address":"38 Wharton Road Headington, Oxford, OX3 8AJ","property_count":1}},{"type":"Feature","geometry":{"type":"Point","coordinates":[-1.206157,51.753914]},"properties":{"holder_names":"Matthew Edwards","holder_address":"173 Windmill Road Headington, Oxford, OX3 7DW","property_count":1}},{"type":"Feature","geometry":{"type":"Point","coordinates":[-1.212835,51.731782]},"properties":{"holder_names":"Fatmir Arriku","holder_address":"23 Knolles Road , Oxford, OX4 3HT","property_count":2}},{"type":"Feature","geometry":{"type":"Point","coordinates":[-1.217,51.731222]},"properties":{"holder_names":"Lindita Xhaferaj","holder_address":"17 Hampden Road , Oxford, OX4 3LW","property_count":1}},{"type":"Feature","geometry":{"type":"Point","coordinates":[-1.208297,51.721221]},"properties":{"holder_names":"Roland Gashi","holder_address":"7 Peregrine Road , Oxford, OX4 6EJ","property_count":1}},{"type":"Feature","geometry":{"type":"Point","coordinates":[-1.199195,51.740491]},"properties":{"holder_names":"Calum Makias Marshall","holder_address":"14 Fletcher Road , Oxford, OX4 2UE","property_count":1}},{"type":"Feature","geometry":{"type":"Point","coordinates":[-0.439643,51.472613]},"properties":{"holder_names":"MORRELL GROUNDS LTD (Aeron Buchanan)","holder_address":"256 Mayfied House Banbury Road, Summertown, Oxford, OX2  7ED","property_count":1}},{"type":"Feature","geometry":{"type":"Point","coordinates":[-1.17488,51.793485]},"properties":{"holder_names":"Alambra Professional Services Ltd (leonardo bocci)","holder_address":"Barossa, Woodperry Road , Oxford, OX3 9UZ","property_count":1}},{"type":"Feature","geometry":{"type":"Point","coordinates":[-1.255974,51.752874]},"properties":{"holder_names":"SHEPHERD AND WOODWARD LIMITED (Lucy Venables); Venables Properties Ltd","holder_address":"Walters & Co (Oxford) Ltd, 9-11 Turl Street, Oxford, OX1 3DN","property_count":3}},{"type":"Feature","geometry":{"type":"Point","coordinates":[-1.256229,51.752877]},"properties":{"holder_names":"Venables Properties Ltd","holder_address":"10 Turl Street , Oxford, OX1 4DN","property_count":1}},{"type":"Feature","geometry":{"type":"Point","coordinates":[-1.309077,51.752112]},"properties":{"holder_names":"Vanessa Caswell","holder_address":"47 Fogwell Road , Oxford, OX2 9SB","property_count":1}},{"type":"Feature","geometry":{"type":"Point","coordinates":[-1.31991,51.714505]},"properties":{"holder_names":"Richard Willis","holder_address":"178 Cumnor Road Boars Hill, Oxford, OX1 5JS","property_count":1}},{"type":"Feature","geometry":{"type":"Point","coordinates":[0.573402,51.36574]},"properties":{"holder_names":"Cleo Huang","holder_address":"22 Jewell Street Headington, Oxford, OX3 9GZ","property_count":1}},{"type":"Feature","geometry":{"type":"Point","coordinates":[-1.195705,51.740566]},"properties":{"holder_names":"KITCHEN ARCHITECTURE LIMITED (Kitchen Architecture Ltd)","holder_address":"Kitchen Architecture Ltd, Brasenose Cottage Brasenose  Driftway, Oxford, OX4 2QZ","property_count":1}},{"type":"Feature","geometry":{"type":"Point","coordinates":[-1.204015,51.743626]},"properties":{"holder_names":"Patrick Heritage","holder_address":"1 Dene Road , Oxford, OX3 7EF","property_count":3}},{"type":"Feature","geometry":{"type":"Point","coordinates":[24.177345,54.350696]},"properties":{"holder_names":"JK LAU PROPERTIES LTD (Jonathan Lau); Jonathan Lau","holder_address":"33 Woodcroft Kennington, Oxford, OX1 5NH","property_count":2}},{"type":"Feature","geometry":{"type":"Point","coordinates":[-1.260086,51.762828]},"properties":{"holder_names":"Wycliffe Hall","holder_address":"Wycliffe Hall 52-54 Banbury Road, Oxford, OX2 6PW","property_count":12}},{"type":"Feature","geometry":{"type":"Point","coordinates":[-1.277435,51.718329]},"properties":{"holder_names":"Stevco Ltd","holder_address":"Foxcombe End Foxcombe Lane, Oxford, OX1 5DH","property_count":25}},{"type":"Feature","geometry":{"type":"Point","coordinates":[-1.266876,51.784928]},"properties":{"holder_names":"Julia Cresswell","holder_address":"3 Wentworth Road , Oxford, OX2 7TG","property_count":1}},{"type":"Feature","geometry":{"type":"Point","coordinates":[-1.337498,51.737157]},"properties":{"holder_names":"Graham Clare","holder_address":"62 High Street Cumnor, Oxford, OX2 9QD","property_count":1}},{"type":"Feature","geometry":{"type":"Point","coordinates":[-1.239075,51.75269]},"properties":{"holder_names":"Nina-Jane ODriscoll","holder_address":"52 Cherwell Street , Oxford, OX4 1BG","property_count":1}},{"type":"Feature","geometry":{"type":"Point","coordinates":[-0.067858,51.472743]},"properties":{"holder_names":"Sara Racy","holder_address":"3 The Orchards Hawkswell Gardens, Oxford, OX2 7WS","property_count":1}},{"type":"Feature","geometry":{"type":"Point","coordinates":[-1.441281,52.395695]},"properties":{"holder_names":"Jonathan Beecher","holder_address":"4 Wychwood Lane Headington, Oxford, OX3 8HG","property_count":1}},{"type":"Feature","geometry":{"type":"Point","coordinates":[-1.223836,51.719876]},"properties":{"holder_names":"David Henwood","holder_address":"3 David Nicholls Close Littlemore, Oxford, OX4 4QX","property_count":1}},{"type":"Feature","geometry":{"type":"Point","coordinates":[-1.258654,51.7447]},"properties":{"holder_names":"Naseem Akhtar; Tallwest Limited (Naeem Chaudhry)","holder_address":"53 Western Road , Oxford, OX1 4LF","property_count":2}},{"type":"Feature","geometry":{"type":"Point","coordinates":[-1.239952,51.74407]},"properties":{"holder_names":"Evelina Francia","holder_address":"179 Flat B Iffley Road, Oxford, OX4 1EL","property_count":1}},{"type":"Feature","geometry":{"type":"Point","coordinates":[-1.275596,51.788351]},"properties":{"holder_names":"Dong Zhang; Yaoyue Zhang","holder_address":"28 Sunderland Avenue , Oxford, OX2 8DX","property_count":2}},{"type":"Feature","geometry":{"type":"Point","coordinates":[-1.268634,51.763492]},"properties":{"holder_names":"Ruediger Lang","holder_address":"151 Kingston Road , Oxford, OX2 6RP","property_count":1}},{"type":"Feature","geometry":{"type":"Point","coordinates":[-1.276324,51.78306]},"properties":{"holder_names":"Fiona Wills","holder_address":"5 Wyndham Way , Oxford, OX2 8DF","property_count":1}},{"type":"Feature","geometry":{"type":"Point","coordinates":[-1.281983,51.751605]},"properties":{"holder_names":"Andrew Goodwin; Andrew Leslie Goodwin; Jonathan Robert Gledhill","holder_address":"21 Duke Street , Oxford, OX2 0HX","property_count":4}},{"type":"Feature","geometry":{"type":"Point","coordinates":[-1.26869,51.756978]},"properties":{"holder_names":"Patricia Lilly","holder_address":"40 Nelson Street , Oxford, OX2 6BD","property_count":4}},{"type":"Feature","geometry":{"type":"Point","coordinates":[-1.277961,51.787765]},"properties":{"holder_names":"Onik Dom Limited (Volha Hancharevich)","holder_address":"47 Sunderland Avenue , Oxford, OX2 8DT","property_count":2}},{"type":"Feature","geometry":{"type":"Point","coordinates":[-1.277961,51.787765]},"properties":{"holder_names":"Onik Dom Limited (Volha Hancharevich); Onik Dom Ltd (Volha Hancharevich)","holder_address":"47 Sunderland Avenue, Oxford, OX2 8DT","property_count":3}},{"type":"Feature","geometry":{"type":"Point","coordinates":[-1.201998,51.737841]},"properties":{"holder_names":"Norman Smith","holder_address":"3 White Road Cowley, Oxford, OX4 2JJ","property_count":1}},{"type":"Feature","geometry":{"type":"Point","coordinates":[-1.270795,51.784439]},"properties":{"holder_names":"Andy Chivers","holder_address":"12 Apsley Road , Oxford, OX2 7QY","property_count":1}},{"type":"Feature","geometry":{"type":"Point","coordinates":[-0.304619,51.482158]},"properties":{"holder_names":"RMA Properties Ltd (Ashley Charles Bolton)","holder_address":"101A Cowley Road , Yes, OX4 1HU","property_count":1}},{"type":"Feature","geometry":{"type":"Point","coordinates":[-1.255597,51.739544]},"properties":{"holder_names":"Laura Ridge","holder_address":"55 LAKE STREET , OXFORD, OX1 4RR","property_count":2}},{"type":"Feature","geometry":{"type":"Point","coordinates":[-1.274522,51.751409]},"properties":{"holder_names":"Simon Pressey","holder_address":"11 West Street , Oxford, OX2 0BQ","property_count":1}},{"type":"Feature","geometry":{"type":"Point","coordinates":[-1.236817,51.750148]},"properties":{"holder_names":"Charity of Thomas Dawson","holder_address":"St Clements Centre Cross Street, Oxford, OX4 1DA","property_count":1}},{"type":"Feature","geometry":{"type":"Point","coordinates":[-1.201685,51.734963]},"properties":{"holder_names":"Ah Hee Urquhart; John William Urquhart","holder_address":"47 Oliver Road , Oxford, OX4 2JQ","property_count":4}},{"type":"Feature","geometry":{"type":"Point","coordinates":[-1.281911,51.787094]},"properties":{"holder_names":"Lalitha Iyadurai","holder_address":"13 Godstow Road Wolvercote, Oxford, OX2 8AJ","property_count":1}},{"type":"Feature","geometry":{"type":"Point","coordinates":[-1.264605,51.77748]},"properties":{"holder_names":"MingLi Tong","holder_address":"Savills , 256 Banbury Road, OX2 7DE","property_count":1}},{"type":"Feature","geometry":{"type":"Point","coordinates":[-1.226849,51.740489]},"properties":{"holder_names":"Sunjeet Kaur","holder_address":"63 Cricket Road , Oxford, OX4 3DH","property_count":1}},{"type":"Feature","geometry":{"type":"Point","coordinates":[-1.277298,51.751027]},"properties":{"holder_names":"Carmine Ruggiero","holder_address":"52 Hill View Road , Oxford, OX2 0BZ","property_count":1}},{"type":"Feature","geometry":{"type":"Point","coordinates":[-1.219051,51.72747]},"properties":{"holder_names":"Tarsem Lal Damney","holder_address":"52 Littlemore Road , Oxford, OX4 3SU","property_count":2}},{"type":"Feature","geometry":{"type":"Point","coordinates":[-1.241888,51.750359]},"properties":{"holder_names":"Hutton Parker (Hutton Parker); Hutton parker (Hutton Parker); hutton parker (Hutton Parker)","holder_address":"41 St Clements , Oxford, OX4 1AG","property_count":16}},{"type":"Feature","geometry":{"type":"Point","coordinates":[-1.223525,51.748882]},"properties":{"holder_names":"Linda Liede","holder_address":"28 Hill Top Road , Oxford, OX4 1PE","property_count":1}},{"type":"Feature","geometry":{"type":"Point","coordinates":[-1.221154,51.747331]},"properties":{"holder_names":"Oxford Golf Club Limited","holder_address":"Oxford Golf Club Visitors Ltd Hill Top Road, Oxford, OX4 1PF","property_count":1}},{"type":"Feature","geometry":{"type":"Point","coordinates":[-1.253568,51.751831]},"properties":{"holder_names":"Oriel College; Oriel College (Ian Skinner)","holder_address":"Oriel College Oriel Square, Oxford, OX1 4EW","property_count":5}},{"type":"Feature","geometry":{"type":"Point","coordinates":[-1.236678,51.767261]},"properties":{"holder_names":"Venis M Rowe","holder_address":"152 Oxford Road Old Marston, Oxford, OX3 0RF","property_count":1}},{"type":"Feature","geometry":{"type":"Point","coordinates":[-1.268248,51.765598]},"properties":{"holder_names":"Jonathan Edward Bound Shepard; Nicola Shepard","holder_address":"10 Farndon Road , Oxford, OX2 6RT","property_count":3}},{"type":"Feature","geometry":{"type":"Point","coordinates":[-1.834693,51.573859]},"properties":{"holder_names":"Hazaran Khan","holder_address":"5 St. Martins Road , Oxford, OX4 4RR","property_count":1}},{"type":"Feature","geometry":{"type":"Point","coordinates":[-1.228143,51.73067]},"properties":{"holder_names":"Philip Mann","holder_address":"8 Ellesmere Road , Oxford, OX4 4JG","property_count":2}},{"type":"Feature","geometry":{"type":"Point","coordinates":[-1.247283,51.733861]},"properties":{"holder_names":"Elizabeth Hart","holder_address":"11 Canning Crescent , Oxford, OX1 4XA","property_count":1}},{"type":"Feature","geometry":{"type":"Point","coordinates":[-1.29506,51.753449]},"properties":{"holder_names":"James Greig","holder_address":"Seacourt Tower West Way, Oxford, ox2 0fb","property_count":1}},{"type":"Feature","geometry":{"type":"Point","coordinates":[-1.269914,51.77249]},"properties":{"holder_names":"Elspeth Garman","holder_address":"21 Bainton Road , Oxford, OX2 7AF","property_count":1}},{"type":"Feature","geometry":{"type":"Point","coordinates":[-1.310704,51.749976]},"properties":{"holder_names":"Rajesh SAMUEL DEVASAHAYAM","holder_address":"100 Eynsham Road Botley, Oxford, OX2 9BX","property_count":2}},{"type":"Feature","geometry":{"type":"Point","coordinates":[-1.209639,51.7557]},"properties":{"holder_names":"Hon Ting Howard Mok","holder_address":"15 Mattock Close Headington, Oxford, OX3 7AH","property_count":1}},{"type":"Feature","geometry":{"type":"Point","coordinates":[-0.478671,52.151284]},"properties":{"holder_names":"Grazyna Cooper","holder_address":"14 Blenheim Drive , Oxford, OX2 8DG","property_count":1}},{"type":"Feature","geometry":{"type":"Point","coordinates":[-1.265053,51.762812]},"properties":{"holder_names":"Stuart Andrew West","holder_address":"44 Plantation Road , Oxford, OX2 6JE","property_count":1}},{"type":"Feature","geometry":{"type":"Point","coordinates":[23.677552,54.104436]},"properties":{"holder_names":"Alistair Cameron","holder_address":"134 Kingston Road , Oxford, OX2 6RW","property_count":3}},{"type":"Feature","geometry":{"type":"Point","coordinates":[-1.263615,51.749592]},"properties":{"holder_names":"Zhenhai Li","holder_address":"Apartment 57, Mill Stream House Norfolk Street, Oxford, OX1  1EB","property_count":1}},{"type":"Feature","geometry":{"type":"Point","coordinates":[-1.269899,51.761659]},"properties":{"holder_names":"David Paul Taggart; David Taggart","holder_address":"Flat 44, Furnace House Walton Well Road, Oxford, OX2 6GF","property_count":6}},{"type":"Feature","geometry":{"type":"Point","coordinates":[-1.26794,51.769114]},"properties":{"holder_names":"PRMPP Limited; Raymond Murphy","holder_address":"47 Chalfont Road , Oxford, OX2 6TJ","property_count":3}},{"type":"Feature","geometry":{"type":"Point","coordinates":[-1.267429,51.774656]},"properties":{"holder_names":"Sam Farrar","holder_address":"214 Woodstock Road , Oxford, OX2 7NH","property_count":1}},{"type":"Feature","geometry":{"type":"Point","coordinates":[68.339014,43.283425]},"properties":{"holder_names":"Yunli Song","holder_address":"61 Frenchay Road , Oxford, OX2 6TF","property_count":1}},{"type":"Feature","geometry":{"type":"Point","coordinates":[3.871821,43.840858]},"properties":{"holder_names":"Pamina Radha Mitter","holder_address":"34 Kirk Close , Oxford, OX2 8JN","property_count":1}},{"type":"Feature","geometry":{"type":"Point","coordinates":[-3.020432,51.64465]},"properties":{"holder_names":"Theresa Stevenson","holder_address":"20 Warnborough Road , Oxford, OX2 6JA","property_count":1}},{"type":"Feature","geometry":{"type":"Point","coordinates":[-1.265836,51.73347]},"properties":{"holder_names":"Ian Whitfield","holder_address":"Hill View Cottage, 3 Manor Road South Hinksey, Oxford, OX1  5AS","property_count":1}},{"type":"Feature","geometry":{"type":"Point","coordinates":[44.750717,48.797059]},"properties":{"holder_names":"Joseph Zetter; Naomi Dodson-Zetter","holder_address":"26 Portland Road , Oxford, OX2 7EY","property_count":2}},{"type":"Feature","geometry":{"type":"Point","coordinates":[-0.426626,51.417531]},"properties":{"holder_names":"Abdelkader Lamzini","holder_address":"9 Campion Close , Oxford, OX4 7YH","property_count":1}},{"type":"Feature","geometry":{"type":"Point","coordinates":[-3.18266,51.660093]},"properties":{"holder_names":"Matt Swapp","holder_address":"24 Charlbury Road , Oxford, OX2 6UU","property_count":1}},{"type":"Feature","geometry":{"type":"Point","coordinates":[-0.352938,51.814955]},"properties":{"holder_names":"XIAOSHI GU","holder_address":"6 Barton Fields Road Headington, Oxford, OX3 9FQ","property_count":1}},{"type":"Feature","geometry":{"type":"Point","coordinates":[-1.223958,51.727357]},"properties":{"holder_names":"Mr Niaz Mohammed; Niaz Mohammed","holder_address":"127 Rose Hill , Oxford, OX4 4HT","property_count":3}},{"type":"Feature","geometry":{"type":"Point","coordinates":[-2.857289,55.894043]},"properties":{"holder_names":"Penelope Keyte","holder_address":"63 Victoria Road , Oxford, OX2 7QG","property_count":2}},{"type":"Feature","geometry":{"type":"Point","coordinates":[-0.304619,51.482158]},"properties":{"holder_names":"R.M.A. PROPERTIES LIMITED (Ashley Bolton); RMA Properties Ltd (Ashley Charles Bolton)","holder_address":"101A Cowley Road, Oxford, OX4 1HU","property_count":5}},{"type":"Feature","geometry":{"type":"Point","coordinates":[-1.260348,51.78322]},"properties":{"holder_names":"Jane Grindey","holder_address":"47 Victoria Road , Oxford, OX2 7QF","property_count":1}},{"type":"Feature","geometry":{"type":"Point","coordinates":[-0.477338,52.150429]},"properties":{"holder_names":"CLIVE BALFOUR WHITE; Clive White","holder_address":"2 Vetch Place , Oxford, OX4 6QY","property_count":2}},{"type":"Feature","geometry":{"type":"Point","coordinates":[-3.020432,51.64465]},"properties":{"holder_names":"Joya Banerjee","holder_address":"20 Horseman Close Headington, Oxford, OX3 0NS","property_count":1}},{"type":"Feature","geometry":{"type":"Point","coordinates":[7.102596,50.699772]},"properties":{"holder_names":"Sarah Adams","holder_address":"41 Meadow Prospect Wolvercote, Oxford, OX2 8PP","property_count":1}},{"type":"Feature","geometry":{"type":"Point","coordinates":[-1.318454,51.386206]},"properties":{"holder_names":"Bice Investments Ltd (Melda Lloyd Payne)","holder_address":"7 St. Margarets Road , Oxford, OX2 6RU","property_count":1}},{"type":"Feature","geometry":{"type":"Point","coordinates":[-0.477486,52.151361]},"properties":{"holder_names":"Tina Webb","holder_address":"16 Bleache Place , Oxford, OX4 2JD","property_count":1}},{"type":"Feature","geometry":{"type":"Point","coordinates":[-1.13582,52.956435]},"properties":{"holder_names":"Paul Aitken","holder_address":"10 Portland Road , Oxford, OX2 7EY","property_count":1}},{"type":"Feature","geometry":{"type":"Point","coordinates":[0.180868,51.870642]},"properties":{"holder_names":"Martin Pittard","holder_address":"13 Chalfont Road , Oxford, OX2 6TL","property_count":2}},{"type":"Feature","geometry":{"type":"Point","coordinates":[-1.513787,53.643125]},"properties":{"holder_names":"Suzannah Chirnside","holder_address":"289 Woodstock Road , Oxford, OX2 7NY","property_count":1}},{"type":"Feature","geometry":{"type":"Point","coordinates":[-0.037926,51.103879]},"properties":{"holder_names":"Shona Murphy","holder_address":"36B Norham Road, Oxford, OX2 6SQ","property_count":2}},{"type":"Feature","geometry":{"type":"Point","coordinates":[-1.298601,51.751134]},"properties":{"holder_names":"Portfolio Properties Oxford (Lucy White)","holder_address":"Portfolio Properties Oxford Suite A Hinksey Court, WestWay,  Botley, Botley, Oxford, OX2 9JU","property_count":12}},{"type":"Feature","geometry":{"type":"Point","coordinates":[-0.679788,51.481023]},"properties":{"holder_names":"Marie Li; Mingquan Li","holder_address":"52 Charlbury Road , Oxford, OX2 6UX","property_count":4}},{"type":"Feature","geometry":{"type":"Point","coordinates":[-0.477338,52.150429]},"properties":{"holder_names":"Joy Shorten","holder_address":"2 Woodlands Cottage, Bayworth Lane Boars Hill, Oxford, OX1  5DF","property_count":1}},{"type":"Feature","geometry":{"type":"Point","coordinates":[-1.253564,51.709343]},"properties":{"holder_names":"Argyrios Stasinakis","holder_address":"Bagley Wood House, 101 Bagley Wood Road Kennington,  Oxford, OX1 5NA","property_count":1}},{"type":"Feature","geometry":{"type":"Point","coordinates":[-1.13582,52.956435]},"properties":{"holder_names":"David shorrock","holder_address":"10 Victoria Road , Oxford, OX2 7QD","property_count":1}},{"type":"Feature","geometry":{"type":"Point","coordinates":[-1.264136,51.776244]},"properties":{"holder_names":"Finders Keepers (Gabriella m'rabet)","holder_address":"226 banbury, oxford, ox2 7by","property_count":1}},{"type":"Feature","geometry":{"type":"Point","coordinates":[-0.477615,52.151507]},"properties":{"holder_names":"Reuben Gates","holder_address":"17 Third Acre Rise , Oxford, OX2 9DA","property_count":1}},{"type":"Feature","geometry":{"type":"Point","coordinates":[-1.13582,52.956435]},"properties":{"holder_names":"Shapour Sabbaghi-Sarabi","holder_address":"10 Barn Close , Oxford, OX2 9JP","property_count":5}},{"type":"Feature","geometry":{"type":"Point","coordinates":[-1.815598,51.562237]},"properties":{"holder_names":"Colin Kilpatrick; Holly Kilpatrick","holder_address":"23 Lucerne Road , Oxford, OX2 7QB","property_count":2}},{"type":"Feature","geometry":{"type":"Point","coordinates":[103.905003,52.59341]},"properties":{"holder_names":"Nicholas Connolly","holder_address":"49 Turner Drive , Oxford, OX2 9GX","property_count":1}},{"type":"Feature","geometry":{"type":"Point","coordinates":[-1.259262,51.745038]},"properties":{"holder_names":"Timothy Blair Healey","holder_address":"86 Marlborough Road , Oxford, OX1 4LS","property_count":1}},{"type":"Feature","geometry":{"type":"Point","coordinates":[-0.067858,51.472743]},"properties":{"holder_names":"Abdullah Khan","holder_address":"3 Catherine Street , Oxford, OX4 3AQ","property_count":3}},{"type":"Feature","geometry":{"type":"Point","coordinates":[-0.426626,51.417531]},"properties":{"holder_names":"College and County (College and County)","holder_address":"9-10 St Clements, Oxford, Ox4 1ab","property_count":2}},{"type":"Feature","geometry":{"type":"Point","coordinates":[-0.067858,51.472743]},"properties":{"holder_names":"Asel Lin","holder_address":"3 Plantation Road , Oxford, OX2 6JD","property_count":1}},{"type":"Feature","geometry":{"type":"Point","coordinates":[13.111386,45.665982]},"properties":{"holder_names":"Jenny Lunnon","holder_address":"36 Ulfgar Road , Oxford, OX2 8AZ","property_count":1}},{"type":"Feature","geometry":{"type":"Point","coordinates":[-1.269899,51.761659]},"properties":{"holder_names":"Louise Braddock","holder_address":"Flat 37, Furnace House Walton Well Road, Oxford, OX2 6GF","property_count":1}},{"type":"Feature","geometry":{"type":"Point","coordinates":[-0.47846,52.151355]},"properties":{"holder_names":"Christopher Pankhurst","holder_address":"15 Barn Close , Oxford, OX2 9JP","property_count":2}},{"type":"Feature","geometry":{"type":"Point","coordinates":[-1.285164,51.751987]},"properties":{"holder_names":"Ken Wing Cheng","holder_address":"Flat 6, Park View Lamarsh Road, Oxford, OX2 0FF","property_count":2}},{"type":"Feature","geometry":{"type":"Point","coordinates":[-1.232162,51.743609]},"properties":{"holder_names":"Sterling lettings and management ltd; Sterling lettings and management ltd (Abdul Shakoor); sterling lettings and management ltd (Abdul Shakoor)","holder_address":"138 Magdalen rd , Oxford, OX4 1RJ","property_count":14}},{"type":"Feature","geometry":{"type":"Point","coordinates":[28.002882,-26.093302]},"properties":{"holder_names":"Andrew Leadbitter","holder_address":"102 Godstow Road Wolvercote, Oxford, OX2 8PF","property_count":2}},{"type":"Feature","geometry":{"type":"Point","coordinates":[-0.477338,52.150429]},"properties":{"holder_names":"Paul Westoby","holder_address":"2 Observatory Street , Oxford, OX2 6EW","property_count":1}},{"type":"Feature","geometry":{"type":"Point","coordinates":[-1.576181,51.747922]},"properties":{"holder_names":"Margaret Barton","holder_address":"37B Walton Crescent, Oxford, OX1 2JQ","property_count":1}},{"type":"Feature","geometry":{"type":"Point","coordinates":[104.919677,11.558325]},"properties":{"holder_names":"Tony Trafford","holder_address":"232 Marlborough road , Oxford, OX1 4LT","property_count":2}},{"type":"Feature","geometry":{"type":"Point","coordinates":[-1.27013,51.781359]},"properties":{"holder_names":"Isaac Brown","holder_address":"304 Woodstock Road , Oxford, OX2 7LW","property_count":1}},{"type":"Feature","geometry":{"type":"Point","coordinates":[-1.273754,51.777929]},"properties":{"holder_names":"Andy Rush; Peter Holliday; ST.EDWARD'S SCHOOL (Edward Hayter); St Edward's School (Edward Hayter); Suzannah Chirnside","holder_address":"St. Edwards School Woodstock Road, Oxford, OX2 7NN","property_count":5}},{"type":"Feature","geometry":{"type":"Point","coordinates":[-1.301135,51.714818]},"properties":{"holder_names":"Yvonne Oliver-Redfern","holder_address":"The Dell, Orchard Lane Boars Hill, Oxford, OX1 5JH","property_count":2}},{"type":"Feature","geometry":{"type":"Point","coordinates":[-1.256894,51.753462]},"properties":{"holder_names":"Jesus College (Jesus College Jesus College); Miles Jackson","holder_address":"Jesus College Turl Street, Oxford, OX1 3DW","property_count":9}},{"type":"Feature","geometry":{"type":"Point","coordinates":[0.180868,51.870642]},"properties":{"holder_names":"Robert Armstrong","holder_address":"13 Elms Drive, Oxford, OX3 0NN","property_count":1}},{"type":"Feature","geometry":{"type":"Point","coordinates":[-1.299226,51.71555]},"properties":{"holder_names":"Carl Fabian-Hunt","holder_address":"Midhurst Old Boars Hill, Oxford, OX1 5JQ","property_count":2}},{"type":"Feature","geometry":{"type":"Point","coordinates":[-1.221504,51.75769]},"properties":{"holder_names":"HEADINGTON RYE OXFORD LIMITED (Headington Rye Oxford Ltd)","holder_address":"The Bursary, Headington School Headington Road,  Headington, Oxford, OX3 0BL","property_count":3}},{"type":"Feature","geometry":{"type":"Point","coordinates":[-79.027688,-8.116178]},"properties":{"holder_names":"Mazharul Islam","holder_address":"1A Samphire road, Oxford, ox4 6rf","property_count":1}},{"type":"Feature","geometry":{"type":"Point","coordinates":[-1.13582,52.956435]},"properties":{"holder_names":"Judith Helene Pistone","holder_address":"10 South Parade , Oxford, OX2 7JL","property_count":1}},{"type":"Feature","geometry":{"type":"Point","coordinates":[-0.931568,51.461421]},"properties":{"holder_names":"David Oppenheimer","holder_address":"1 Garford Road , Oxford, OX2 6UY","property_count":1}},{"type":"Feature","geometry":{"type":"Point","coordinates":[-1.815598,51.562237]},"properties":{"holder_names":"Chanika Farmer","holder_address":"23 Fairlie Road , Oxford, OX4 3SW","property_count":1}},{"type":"Feature","geometry":{"type":"Point","coordinates":[-1.298601,51.751134]},"properties":{"holder_names":"Portfolio Properties Oxford (Lucy White)","holder_address":"Portfolio Properties Oxford Suite A Hinksey Court, WestWay,  Botley, Botley oxford, OX2 9JU","property_count":1}},{"type":"Feature","geometry":{"type":"Point","coordinates":[-1.236631,51.755737]},"properties":{"holder_names":"OXFORD CENTRE FOR ISLAMIC STUDIES","holder_address":"The Oxford Centre for Islamic studies Marston Road, Oxford,  ox3 0ee","property_count":4}},{"type":"Feature","geometry":{"type":"Point","coordinates":[44.749294,48.794839]},"properties":{"holder_names":"Andrew Britton Morgan","holder_address":"37 Barton Road Headington, Oxford, OX3 9JD","property_count":2}},{"type":"Feature","geometry":{"type":"Point","coordinates":[-1.267161,51.771672]},"properties":{"holder_names":"175 Iffley Road Limited (175 Iffley Road Limited); Thomas Crampton Smith","holder_address":"209 Woodstock Road, Oxford, ox2 7ab","property_count":4}},{"type":"Feature","geometry":{"type":"Point","coordinates":[-1.267161,51.771672]},"properties":{"holder_names":"Thomas Crampton Smith","holder_address":"209 Woodstock Road , Oxford, OX2 7AB","property_count":1}},{"type":"Feature","geometry":{"type":"Point","coordinates":[-1.264363,51.773977]},"properties":{"holder_names":"Joseph Ryan","holder_address":"Flat 5, Diamond Court 153 Banbury Road, Oxford, OX2 7AA","property_count":4}},{"type":"Feature","geometry":{"type":"Point","coordinates":[130.073768,42.540267]},"properties":{"holder_names":"Jane Aldgate","holder_address":"91 Lonsdale Road , Oxford, OX2 7ET","property_count":1}},{"type":"Feature","geometry":{"type":"Point","coordinates":[-1.264107,51.776272]},"properties":{"holder_names":"Finders Keepers (Gabriella M'rabet)","holder_address":"226 Banbury Road Banbury Road, OXford, OX2 7BY","property_count":1}},{"type":"Feature","geometry":{"type":"Point","coordinates":[-1.253847,51.750874]},"properties":{"holder_names":"Corpus Christi College; Corpus Christi College, Oxford","holder_address":"Corpus Christi College Merton Street, Oxford, OX1 4JF","property_count":6}},{"type":"Feature","geometry":{"type":"Point","coordinates":[-1.26666,51.770619]},"properties":{"holder_names":"Susan Rose Keable","holder_address":"Flat 1 189 Woodstock Road, Oxford, OX2 7NB","property_count":4}},{"type":"Feature","geometry":{"type":"Point","coordinates":[45.684899,35.323716]},"properties":{"holder_names":"ROSAMUND MARY SHIFFNER; Rosamund Mary Shiffner","holder_address":"103 Church Road Sandford-on-Thames, Oxford, OX4 4YA","property_count":2}},{"type":"Feature","geometry":{"type":"Point","coordinates":[0.500925,51.392265]},"properties":{"holder_names":"Lindsey Court","holder_address":"70 Victoria Road , Oxford, OX2 7QE","property_count":1}},{"type":"Feature","geometry":{"type":"Point","coordinates":[-79.027688,-8.116178]},"properties":{"holder_names":"Susan Swift","holder_address":"1A Ash Grove , Oxford, OX3 9JN","property_count":1}},{"type":"Feature","geometry":{"type":"Point","coordinates":[-1.221387,51.756613]},"properties":{"holder_names":"Sheena Mayhew","holder_address":"222 Headington Road Headington, Oxford, OX3 7PS","property_count":1}},{"type":"Feature","geometry":{"type":"Point","coordinates":[-0.477741,52.151645]},"properties":{"holder_names":"John Ellse","holder_address":"18 Kingston Road , Oxford, OX2 6RQ","property_count":1}},{"type":"Feature","geometry":{"type":"Point","coordinates":[7.102596,50.699772]},"properties":{"holder_names":"Yolanda Eraso","holder_address":"41 Pitts Road Headington, Oxford, OX3 8BA","property_count":1}},{"type":"Feature","geometry":{"type":"Point","coordinates":[-0.426591,51.417397]},"properties":{"holder_names":"Vedenath Audit","holder_address":"8 Woodcroft Kennington, Oxford, OX1 5NH","property_count":1}},{"type":"Feature","geometry":{"type":"Point","coordinates":[-1.301135,51.714818]},"properties":{"holder_names":"F M Hawxwell","holder_address":"Farleigh, Orchard Lane Boars Hill, Oxford, OX1 5JH","property_count":1}},{"type":"Feature","geometry":{"type":"Point","coordinates":[-1.278247,51.786273]},"properties":{"holder_names":"Carol Buckland","holder_address":"374 Woodstock Road , Oxford, OX2 8AF","property_count":1}},{"type":"Feature","geometry":{"type":"Point","coordinates":[-0.682003,51.919611]},"properties":{"holder_names":"Susanna Hoe","holder_address":"20A Plantation Road, Oxford, OX2 6JD","property_count":1}},{"type":"Feature","geometry":{"type":"Point","coordinates":[103.905003,52.59341]},"properties":{"holder_names":"Sue Feltham","holder_address":"49 Alice Smith Square Littlemore, Oxford, OX4 4NG","property_count":1}},{"type":"Feature","geometry":{"type":"Point","coordinates":[-1.258002,51.747445]},"properties":{"holder_names":"HOMELESS OXFORDSHIRE LTD (HOMELESS OXFORDSHIRE)","holder_address":"O'Hanlon House Luther Street, Oxford, OX1 1UL","property_count":4}},{"type":"Feature","geometry":{"type":"Point","coordinates":[-0.426626,51.417531]},"properties":{"holder_names":"David Broughton","holder_address":"9 Tudor Close Iffley, Oxford, OX4 4HB","property_count":3}},{"type":"Feature","geometry":{"type":"Point","coordinates":[-0.479106,52.151138]},"properties":{"holder_names":"Diana Hayes","holder_address":"11 Bateman Street Headington, Oxford, OX3 7BG","property_count":1}},{"type":"Feature","geometry":{"type":"Point","coordinates":[-1.186209,51.751906]},"properties":{"holder_names":"Stephen Dandridge","holder_address":"Saone, Old Road Shotover Hill, Headington, Oxford, OX3 8TA","property_count":1}},{"type":"Feature","geometry":{"type":"Point","coordinates":[44.005361,36.206077]},"properties":{"holder_names":"Simon Baalham","holder_address":"43 Robsart Place Cumnor, Oxford, OX2 9QT","property_count":1}},{"type":"Feature","geometry":{"type":"Point","coordinates":[-0.931568,51.461421]},"properties":{"holder_names":"Ian Douglas Grout","holder_address":"1 Grandpont Place Long Ford Close, Oxford, OX1 4NH","property_count":2}},{"type":"Feature","geometry":{"type":"Point","coordinates":[-0.478887,52.151212]},"properties":{"holder_names":"Charles Haynes","holder_address":"12 Boults Lane Marston, Oxford, OX3 0PW","property_count":3}},{"type":"Feature","geometry":{"type":"Point","coordinates":[-0.47783,52.151799]},"properties":{"holder_names":"Akira Wiberg","holder_address":"19 Jeune Street , Oxford, OX4 1BN","property_count":1}},{"type":"Feature","geometry":{"type":"Point","coordinates":[15.970028,45.79777]},"properties":{"holder_names":"Sarah Lumsdon","holder_address":"21 Ash Grove, Oxford, Ox3 9JN","property_count":1}},{"type":"Feature","geometry":{"type":"Point","coordinates":[-1.214962,51.716311]},"properties":{"holder_names":"Chesterton Yeates (Victoria Cummins)","holder_address":"John Eccles House Robert Robinson Avenue, Oxford, ox4 4gp","property_count":5}},{"type":"Feature","geometry":{"type":"Point","coordinates":[6.7643,51.211817]},"properties":{"holder_names":"John Charles Gittins","holder_address":"32 Lakeside , Oxford, OX2 8JG","property_count":2}},{"type":"Feature","geometry":{"type":"Point","coordinates":[-1.237082,51.729793]},"properties":{"holder_names":"David Hilton","holder_address":"The Barn, 81 Church Way Iffley, Oxford, OX4 4EF","property_count":1}},{"type":"Feature","geometry":{"type":"Point","coordinates":[44.750717,48.797059]},"properties":{"holder_names":"Stephen Evance Eeley","holder_address":"26 St. Margarets Road , Oxford, OX2 6RX","property_count":1}},{"type":"Feature","geometry":{"type":"Point","coordinates":[-3.18266,51.660093]},"properties":{"holder_names":"ivor roberts","holder_address":"24 Upland Park Road , Oxford, OX2 7RU","property_count":1}},{"type":"Feature","geometry":{"type":"Point","coordinates":[-1.256448,51.755354]},"properties":{"holder_names":"THE PRESIDENT FELLOWS AND SCHOLARS OF THE COLLEGE OF  THE HOLY AND UNDIVIDED TRINITY IN THE UNIVERSITY OF  OXFORD; The College Of The Holy And Undivided Trinity In The University Of  Oxford (Jonathan Davies); The College of the Holy and Undivided Trinity in the University of  Oxford of the Foundation of Sir Thomas Pope (Jonathan Davies); Trinity College, University of Oxford (Jonathan Davies)","holder_address":"Trinity College Broad Street, Oxford, OX1 3BH","property_count":7}},{"type":"Feature","geometry":{"type":"Point","coordinates":[-3.020432,51.64465]},"properties":{"holder_names":"Hala Bentley","holder_address":"20 Kenilworth Avenue , Oxford, OX4 2AN","property_count":1}},{"type":"Feature","geometry":{"type":"Point","coordinates":[-1.834693,51.573859]},"properties":{"holder_names":"Alison Hopcraft","holder_address":"5 Davenant Road , Oxford, OX2 8BT","property_count":1}},{"type":"Feature","geometry":{"type":"Point","coordinates":[-1.252098,51.752577]},"properties":{"holder_names":"The Master and Fellows of University College in the University of  Oxford; Thomas Povey; University College; University College Oxford (University College Oxford)","holder_address":"University College High Street, Oxford, OX1 4BH","property_count":14}},{"type":"Feature","geometry":{"type":"Point","coordinates":[-0.426591,51.417397]},"properties":{"holder_names":"Nayeem Uddin","holder_address":"8 Faber Close , Oxford, OX4 4NA","property_count":1}},{"type":"Feature","geometry":{"type":"Point","coordinates":[-1.560836,52.385565]},"properties":{"holder_names":"Jane Amanda May","holder_address":"2 Hurst Lane Cumnor, Oxford, OX2 9PR","property_count":1}},{"type":"Feature","geometry":{"type":"Point","coordinates":[-1.256443,51.746623]},"properties":{"holder_names":"orde Levinson","holder_address":"Flat 6, Caudwells Castle 5 Folly Bridge, Oxford, OX1 4LB","property_count":1}},{"type":"Feature","geometry":{"type":"Point","coordinates":[-1.834693,51.573859]},"properties":{"holder_names":"Kulbir Lehri","holder_address":"5 Edith Road , Oxford, OX1 4QB","property_count":1}},{"type":"Feature","geometry":{"type":"Point","coordinates":[-0.47846,52.151355]},"properties":{"holder_names":"Guang Geng","holder_address":"15 Warnborough Road , Oxford, OX2 6HZ","property_count":1}},{"type":"Feature","geometry":{"type":"Point","coordinates":[-0.478887,52.151212]},"properties":{"holder_names":"Richard Sanderson","holder_address":"12 St. Margarets Road , Oxford, OX2 6RU","property_count":1}},{"type":"Feature","geometry":{"type":"Point","coordinates":[-1.815598,51.562237]},"properties":{"holder_names":"Howard Cox","holder_address":"23 Spruce Gardens , Oxford, OX4 7GH","property_count":1}},{"type":"Feature","geometry":{"type":"Point","coordinates":[-1.22877,51.748234]},"properties":{"holder_names":"Alison Williams","holder_address":"93 Divinity Road , Oxford, OX4 1LN","property_count":1}},{"type":"Feature","geometry":{"type":"Point","coordinates":[-3.18266,51.660093]},"properties":{"holder_names":"Benjamin Willmore","holder_address":"24 Grove Street , Oxford, OX2 7JT","property_count":1}},{"type":"Feature","geometry":{"type":"Point","coordinates":[-1.206543,51.738734]},"properties":{"holder_names":"Leach-Davies Properties Ltd","holder_address":"150 Hollow Way , OXFORD, OX4 2NL","property_count":1}},{"type":"Feature","geometry":{"type":"Point","coordinates":[-1.26529,51.783241]},"properties":{"holder_names":"Linacre College (Simon Barker)","holder_address":"Flat 10, West Grove Hernes Road, Oxford, OX2 7PD","property_count":1}},{"type":"Feature","geometry":{"type":"Point","coordinates":[23.736909,37.949989]},"properties":{"holder_names":"Guncharosh Boyd","holder_address":"45 St. Margarets Road , Oxford, OX2 6LD","property_count":1}},{"type":"Feature","geometry":{"type":"Point","coordinates":[-1.259959,51.782021]},"properties":{"holder_names":"Colin Kilpatrick; Holly Kilpatrick","holder_address":"Bishops Mill 23 Lucerne Road, Oxford, OX2 7QB","property_count":7}},{"type":"Feature","geometry":{"type":"Point","coordinates":[-0.477615,52.151507]},"properties":{"holder_names":"HEM PANT; Hem Pant","holder_address":"17 Squitchey Lane , Oxford, OX2 7LD","property_count":2}},{"type":"Feature","geometry":{"type":"Point","coordinates":[15.970028,45.79777]},"properties":{"holder_names":"Danyi Yu","holder_address":"21 Rewley Road , Oxford, OX1 2RA","property_count":1}},{"type":"Feature","geometry":{"type":"Point","coordinates":[-1.298601,51.751134]},"properties":{"holder_names":"Portfolio Properties Oxford (Lucy White)","holder_address":"Portfolio Properties Oxford Suite A Hinksey Court, WestWay,  Botley, Botlely,Oxford, OX2 9JU","property_count":1}},{"type":"Feature","geometry":{"type":"Point","coordinates":[-5.236143,56.712861]},"properties":{"holder_names":"Richard Pye","holder_address":"66 Sunderland Avenue , Oxford, OX2 8DU","property_count":1}},{"type":"Feature","geometry":{"type":"Point","coordinates":[0.180868,51.870642]},"properties":{"holder_names":"Bainton Property Limited; Wildwood Investment Limited","holder_address":"13 Apsley Road , Oxford, OX2 7QX","property_count":10}},{"type":"Feature","geometry":{"type":"Point","coordinates":[-1.256193,51.752039]},"properties":{"holder_names":"RF Collingwood","holder_address":"H M G Law LLP 126 High Street, Oxford, OX1 4DG","property_count":1}},{"type":"Feature","geometry":{"type":"Point","coordinates":[-0.679788,51.481023]},"properties":{"holder_names":"nathan godin","holder_address":"52 New High Street Headington, Oxford, OX3 7AQ","property_count":1}},{"type":"Feature","geometry":{"type":"Point","coordinates":[-1.294518,51.792093]},"properties":{"holder_names":"Daren Carter","holder_address":"44a Downside road, Risinghurst., Oxford, Ox3 8hr","property_count":1}},{"type":"Feature","geometry":{"type":"Point","coordinates":[-1.263981,51.752133]},"properties":{"holder_names":"University of Oxford (Paul Garnham)","holder_address":"The Malthouse Tidmarsh Lane, Oxford, OX1 1NQ","property_count":1}},{"type":"Feature","geometry":{"type":"Point","coordinates":[-1.267313,51.750348]},"properties":{"holder_names":"Stanton Ballard Charitable Trust","holder_address":"Stanton Ballard Trust Po Box 957, Oxford, OX1 9ZQ","property_count":11}},{"type":"Feature","geometry":{"type":"Point","coordinates":[-0.47846,52.151355]},"properties":{"holder_names":"Timothy Power","holder_address":"15 Home Close Wolvercote, Oxford, OX2 8PS","property_count":1}},{"type":"Feature","geometry":{"type":"Point","coordinates":[-0.355567,51.427004]},"properties":{"holder_names":"Timothy Eyres","holder_address":"75 Bainton Road , Oxford, OX2 7AG","property_count":1}},{"type":"Feature","geometry":{"type":"Point","coordinates":[-1.268853,51.767252]},"properties":{"holder_names":"Heather King","holder_address":"93 Kingston Road , Oxford, OX2 6RL","property_count":1}},{"type":"Feature","geometry":{"type":"Point","coordinates":[15.970028,45.79777]},"properties":{"holder_names":"Sarah Dark","holder_address":"21 Marlborough Court Duke Street, Oxford, OX2 0QT","property_count":1}},{"type":"Feature","geometry":{"type":"Point","coordinates":[30.153458,59.795655]},"properties":{"holder_names":"John Edward Allen","holder_address":"42 Davenant Road , Oxford, OX2 8BY","property_count":1}},{"type":"Feature","geometry":{"type":"Point","coordinates":[-0.067858,51.472743]},"properties":{"holder_names":"Jill Donald","holder_address":"3 Fairlawn End , Oxford, OX2 8AR","property_count":1}},{"type":"Feature","geometry":{"type":"Point","coordinates":[0.472293,51.733465]},"properties":{"holder_names":"Akhmid Nazir","holder_address":"39 Union Street , Oxford, OX4 1JP","property_count":2}},{"type":"Feature","geometry":{"type":"Point","coordinates":[-0.477338,52.150429]},"properties":{"holder_names":"John Phelps","holder_address":"2 Fairlawn End , Oxford, OX2 8AR","property_count":1}},{"type":"Feature","geometry":{"type":"Point","coordinates":[0.01216,51.523875]},"properties":{"holder_names":"Manavar Anwar; Salman Hafeez; anwar dogar","holder_address":"195 The Slade Headington, Oxford, OX3 7HR","property_count":10}},{"type":"Feature","geometry":{"type":"Point","coordinates":[-1.206703,51.757034]},"properties":{"holder_names":"shubha bellur","holder_address":"Flat 38, Wooldridge Court Margaret Road, Headington, Oxford,  OX3 8SE","property_count":1}},{"type":"Feature","geometry":{"type":"Point","coordinates":[-1.537529,53.588069]},"properties":{"holder_names":"JSL Consulting Ltd; JSL Consulting ltd (Jill Shankleman)","holder_address":"38 Hayfield Road , Oxford, OX2 6TT","property_count":2}},{"type":"Feature","geometry":{"type":"Point","coordinates":[-0.478671,52.151284]},"properties":{"holder_names":"URBANE LETTINGS LTD (edward bell); edward bell","holder_address":"14 Minster Road , Oxford, OX4 1LX","property_count":4}},{"type":"Feature","geometry":{"type":"Point","coordinates":[-1.29347,51.782073]},"properties":{"holder_names":"Kim Priddis","holder_address":"191 Godstow Road Wolvercote, Oxford, OX2 8PG","property_count":1}},{"type":"Feature","geometry":{"type":"Point","coordinates":[6.7643,51.211817]},"properties":{"holder_names":"Simon Pagano","holder_address":"32 Simpsons Way Kennington, Oxford, OX1 5RZ","property_count":2}},{"type":"Feature","geometry":{"type":"Point","coordinates":[-1.229528,51.735143]},"properties":{"holder_names":"ANDREW EAMON SCULLY; ANDREW SCULLY; andrew scully","holder_address":"122 Cornwallis Road , Oxford, OX4 3NH","property_count":5}},{"type":"Feature","geometry":{"type":"Point","coordinates":[-1.202159,51.743922]},"properties":{"holder_names":"Basil Kooran Varghese","holder_address":"317 Hollow Way Headington, Oxford, OX3 7JE","property_count":1}},{"type":"Feature","geometry":{"type":"Point","coordinates":[-0.352938,51.814955]},"properties":{"holder_names":"Biby Thomas","holder_address":"6 Maltfield Road Headington, Oxford, OX3 9RG","property_count":1}},{"type":"Feature","geometry":{"type":"Point","coordinates":[-0.478887,52.151212]},"properties":{"holder_names":"Anusha Subramaniam","holder_address":"12 Middle Way , Oxford, OX2 7LH","property_count":1}},{"type":"Feature","geometry":{"type":"Point","coordinates":[-0.477486,52.151361]},"properties":{"holder_names":"Luyang Chen","holder_address":"16 Stevenson Crescent Headington, Oxford, OX3 9GR","property_count":2}},{"type":"Feature","geometry":{"type":"Point","coordinates":[-1.218141,51.77141]},"properties":{"holder_names":"Natalia MITROFANOVA","holder_address":"Flat 12, Willow Court Barton Fields Road, Headington, Oxford,  OX3 9FQ","property_count":1}},{"type":"Feature","geometry":{"type":"Point","coordinates":[-1.235845,51.754903]},"properties":{"holder_names":"Oxford Centre For Islamic Studies (Home Bursar)","holder_address":"The Islamic Centre Marston Road, Oxford, OX3 0EE","property_count":1}},{"type":"Feature","geometry":{"type":"Point","coordinates":[-1.219018,51.785984]},"properties":{"holder_names":"Richard Brown","holder_address":"Church Farm Elsfield, Oxford, OX3 9UH","property_count":1}},{"type":"Feature","geometry":{"type":"Point","coordinates":[-1.260081,51.75667]},"properties":{"holder_names":"L Chan","holder_address":"St Cross college 61 St. Giles, Oxford, OX1 3LZ","property_count":1}},{"type":"Feature","geometry":{"type":"Point","coordinates":[-1.289009,51.710488]},"properties":{"holder_names":"John Simms","holder_address":"Yatscombe Lodge, Foxcombe Road Boars Hill, Oxford, OX1  5DG","property_count":1}},{"type":"Feature","geometry":{"type":"Point","coordinates":[3.881323,43.974931]},"properties":{"holder_names":"Julia Bromhall","holder_address":"30 Bagley Wood Road Kennington, Oxford, OX1 5LY","property_count":1}},{"type":"Feature","geometry":{"type":"Point","coordinates":[13.111386,45.665982]},"properties":{"holder_names":"Jim Girling","holder_address":"36 Portland Road , Oxford, OX2 7EY","property_count":1}},{"type":"Feature","geometry":{"type":"Point","coordinates":[27.146994,38.436963]},"properties":{"holder_names":"fei gan","holder_address":"35 Park Town , Oxford, OX2 6SL","property_count":1}},{"type":"Feature","geometry":{"type":"Point","coordinates":[-1.236924,51.750218]},"properties":{"holder_names":"Charity of Thomas Dawson","holder_address":"Flat, St. Clements Family Centre Cross Street, Oxford, OX4  1DA","property_count":1}},{"type":"Feature","geometry":{"type":"Point","coordinates":[-1.266264,51.77994]},"properties":{"holder_names":"Raypat Ltd","holder_address":"The Banquets Group, Banquets House 285A Banbury Road,  Oxford, OX2 7JF","property_count":2}},{"type":"Feature","geometry":{"type":"Point","coordinates":[139.536566,36.246112]},"properties":{"holder_names":"Lucy Binney","holder_address":"57 Jack Straws Lane Headington, Oxford, OX3 0DW","property_count":2}},{"type":"Feature","geometry":{"type":"Point","coordinates":[-1.441281,52.395695]},"properties":{"holder_names":"Devand Menon Mahabir","holder_address":"4 Haslemere Gardens , Oxford, OX2 8EL","property_count":2}},{"type":"Feature","geometry":{"type":"Point","coordinates":[-0.067858,51.472743]},"properties":{"holder_names":"Susan Cripps","holder_address":"3 Yarnells Hill , Oxford, OX2 9BD","property_count":1}},{"type":"Feature","geometry":{"type":"Point","coordinates":[44.005361,36.206077]},"properties":{"holder_names":"Milka Kukoc","holder_address":"43 Park Close , Oxford, OX2 8NP","property_count":1}},{"type":"Feature","geometry":{"type":"Point","coordinates":[51.80169,55.651549]},"properties":{"holder_names":"Marie Beatrice Svetlana Teissier","holder_address":"28 Adelaide Street , Oxford, OX2 6EN","property_count":1}},{"type":"Feature","geometry":{"type":"Point","coordinates":[23.736909,37.949989]},"properties":{"holder_names":"Michael Boyd","holder_address":"45 St. Margarets Road , OXFORD, OX2 6LD","property_count":1}},{"type":"Feature","geometry":{"type":"Point","coordinates":[-1.318454,51.386206]},"properties":{"holder_names":"Sarah Gray","holder_address":"7 Church Close South Hinksey, Oxford, OX1 5BA","property_count":1}},{"type":"Feature","geometry":{"type":"Point","coordinates":[-0.47846,52.151355]},"properties":{"holder_names":"Joanna Moffett-Levy","holder_address":"15 Third Acre Rise , Oxford, OX2 9DA","property_count":1}},{"type":"Feature","geometry":{"type":"Point","coordinates":[1.153418,51.086376]},"properties":{"holder_names":"Isherwood Moss Limited (Elizabeth Moss); Isherwood Moss Ltd (Elizabeth Moss)","holder_address":"264 Banbury Road , Oxford, OX2 7DY","property_count":4}},{"type":"Feature","geometry":{"type":"Point","coordinates":[-3.359518,55.949868]},"properties":{"holder_names":"Senli Consultancy Ltd (LEE CHEN)","holder_address":"16B Hight Street, Oxford, OX1 4AG","property_count":1}},{"type":"Feature","geometry":{"type":"Point","coordinates":[-1.202402,51.746737]},"properties":{"holder_names":"Hing Tsang","holder_address":"136 Leiden Road Headington, Oxford, OX3 8QU","property_count":1}},{"type":"Feature","geometry":{"type":"Point","coordinates":[-3.020432,51.64465]},"properties":{"holder_names":"Colin Geary","holder_address":"20 Foundry House Walton Well Road, Oxford, OX2 6AQ","property_count":1}},{"type":"Feature","geometry":{"type":"Point","coordinates":[-0.931568,51.461421]},"properties":{"holder_names":"Timothy Jones","holder_address":"1 Hope Way , Oxford, OX2 9RZ","property_count":1}},{"type":"Feature","geometry":{"type":"Point","coordinates":[-0.479106,52.151138]},"properties":{"holder_names":"Veronica Jane Strang","holder_address":"11 East Street , Oxford, OX2 0AU","property_count":2}},{"type":"Feature","geometry":{"type":"Point","coordinates":[-1.254723,51.765929]},"properties":{"holder_names":"Mrs Ramnique Lall; Ms Ramnique Lall; Ramnique Lall","holder_address":"9 Rawlinson Road, Oxford, OX2 6UE","property_count":3}},{"type":"Feature","geometry":{"type":"Point","coordinates":[-0.47846,52.151355]},"properties":{"holder_names":"Mohammad Ayyub","holder_address":"15 Kennett Road Headington, Oxford, OX3 7BH","property_count":1}},{"type":"Feature","geometry":{"type":"Point","coordinates":[6.7643,51.211817]},"properties":{"holder_names":"Shinder Pal Singh","holder_address":"3 Cotswold Crescent Marston, Oxford, OX3 0SG","property_count":3}},{"type":"Feature","geometry":{"type":"Point","coordinates":[-1.262514,51.749948]},"properties":{"holder_names":"Jun Cao","holder_address":"Flat 22, Tennyson Lodge Paradise Square, Oxford, OX1 1UD","property_count":1}},{"type":"Feature","geometry":{"type":"Point","coordinates":[103.905003,52.59341]},"properties":{"holder_names":"debbie parriss","holder_address":"49 Henry Road , Oxford, OX2 0DG","property_count":1}},{"type":"Feature","geometry":{"type":"Point","coordinates":[-0.067858,51.472743]},"properties":{"holder_names":"Nicola Stanton","holder_address":"3 Rupert Road , Oxford, OX4 2QQ","property_count":1}},{"type":"Feature","geometry":{"type":"Point","coordinates":[-0.679788,51.481023]},"properties":{"holder_names":"Memory chipo woodson","holder_address":"52 Five Mile Drive , Oxford, OX2 8HW","property_count":1}},{"type":"Feature","geometry":{"type":"Point","coordinates":[-1.268654,51.76576]},"properties":{"holder_names":"Caroline Kanerick","holder_address":"109 Kingston Road , Oxford, OX2 6RN","property_count":1}},{"type":"Feature","geometry":{"type":"Point","coordinates":[-0.478671,52.151284]},"properties":{"holder_names":"Annabel Heywood","holder_address":"14 Trinity Street , Oxford, OX1 1TN","property_count":3}},{"type":"Feature","geometry":{"type":"Point","coordinates":[-1.20558,51.753062]},"properties":{"holder_names":"Mark Tucker","holder_address":"Old Road House, 90 Old Road Headington, Oxford, OX3 8SX","property_count":1}},{"type":"Feature","geometry":{"type":"Point","coordinates":[-5.237389,56.71215]},"properties":{"holder_names":"Habib Khushi; Habib Khushi (Habib Khushi); Khushi Properties (Habib Khushi)","holder_address":"72 Cricket Road , Oxford, OX4 3DH","property_count":5}},{"type":"Feature","geometry":{"type":"Point","coordinates":[3.871821,43.840858]},"properties":{"holder_names":"Louisa Ludbrook","holder_address":"34 Mill Street , Oxford, OX2 0AJ","property_count":1}},{"type":"Feature","geometry":{"type":"Point","coordinates":[-1.233629,51.767612]},"properties":{"holder_names":"Catherine Amey; Daniele Basile","holder_address":"47 Ouseley Close Marston, Oxford, OX3 0JS","property_count":2}},{"type":"Feature","geometry":{"type":"Point","coordinates":[-1.258264,51.741955]},"properties":{"holder_names":"Victoria Bass","holder_address":"224 Marlborough Road , Oxford, OX1 4LT","property_count":2}},{"type":"Feature","geometry":{"type":"Point","coordinates":[-0.478671,52.151284]},"properties":{"holder_names":"Jun Zhang","holder_address":"14 Lucerne Road , Oxford, OX2 7QB","property_count":3}},{"type":"Feature","geometry":{"type":"Point","coordinates":[3.871821,43.840858]},"properties":{"holder_names":"J & M Janecek (Oxford) Ltd (Yvonne Janecek); J & M Janecek(Oxford) Ltd (Yvonne Janecek)","holder_address":"34 Home Close , Oxford, OX2 8PS","property_count":4}},{"type":"Feature","geometry":{"type":"Point","coordinates":[-1.264978,51.778799]},"properties":{"holder_names":"Breckon & Breckon (letting & management) LTD","holder_address":"Twining House 294 Banbury Road , Oxford, ox2 7ed","property_count":4}},{"type":"Feature","geometry":{"type":"Point","coordinates":[-1.264978,51.778799]},"properties":{"holder_names":"Keith Trigwell","holder_address":"C/O Twining house 294 Banbury Road, Summertown, OX2 7ed","property_count":1}},{"type":"Feature","geometry":{"type":"Point","coordinates":[-3.020432,51.64465]},"properties":{"holder_names":"Elizabeth Jacqueline Gunn","holder_address":"20 Holywell Street , Oxford, OX1 3SA","property_count":1}},{"type":"Feature","geometry":{"type":"Point","coordinates":[-0.679788,51.481023]},"properties":{"holder_names":"Richard Pantcheff","holder_address":"52 Middle Way , Oxford, OX2 7LG","property_count":1}},{"type":"Feature","geometry":{"type":"Point","coordinates":[141.433489,40.547494]},"properties":{"holder_names":"Hilary Elizabeth Pearson","holder_address":"29 Anne Greenwood Close , Oxford, OX4 4DN","property_count":1}},{"type":"Feature","geometry":{"type":"Point","coordinates":[-1.446896,51.402113]},"properties":{"holder_names":"David Glanville","holder_address":"78, Five Mile Drive, , Oxford, OX2 8HN","property_count":1}},{"type":"Feature","geometry":{"type":"Point","coordinates":[-0.478887,52.151212]},"properties":{"holder_names":"Jakub Boronczyk","holder_address":"12 Leander Way , Oxford, OX1 4XR","property_count":4}},{"type":"Feature","geometry":{"type":"Point","coordinates":[-1.213496,51.75615]},"properties":{"holder_names":"Lara Saxby; M W Saxby Discretionary Trust (Lara Saxby); Sylvia Rosa Maria Saxby; Thomas Saxby","holder_address":"Linfield, 74 Lime Walk Headington, Oxford, OX3 7AE","property_count":9}},{"type":"Feature","geometry":{"type":"Point","coordinates":[0.573402,51.36574]},"properties":{"holder_names":"Andrew Poole","holder_address":"22 Oliver Road , Oxford, OX4 2JF","property_count":1}},{"type":"Feature","geometry":{"type":"Point","coordinates":[-1.222903,51.740778]},"properties":{"holder_names":"Michael McCabe","holder_address":"123 Reliance Way , Oxford, OX4 2FW","property_count":1}},{"type":"Feature","geometry":{"type":"Point","coordinates":[-1.215658,51.716533]},"properties":{"holder_names":"chesterton yeates (Victoria Cummins)","holder_address":"Regus Oxford Science Park Robert Robinson Avenue, Oxford,  ox4 4gp","property_count":2}},{"type":"Feature","geometry":{"type":"Point","coordinates":[-1.583671,51.391997]},"properties":{"holder_names":"Maria Lee","holder_address":"67 Fogwell Road , Oxford, OX2 9SD","property_count":1}},{"type":"Feature","geometry":{"type":"Point","coordinates":[-0.477486,52.151361]},"properties":{"holder_names":"Melissa Evans","holder_address":"16 Mill Street , Oxford, OX2 0AJ","property_count":1}},{"type":"Feature","geometry":{"type":"Point","coordinates":[-1.231837,51.708528]},"properties":{"holder_names":"Patrick Carney","holder_address":"Rosoak Church Road, Sandford on Thames, Oxford, OX4 4YA","property_count":12}},{"type":"Feature","geometry":{"type":"Point","coordinates":[-1.318454,51.386206]},"properties":{"holder_names":"ANA PAUL TONIOLO CARTER; Ana Paula Toniolo Carter","holder_address":"7 Kingston Court Walton Street, Oxford, OX2 6ES","property_count":2}},{"type":"Feature","geometry":{"type":"Point","coordinates":[-1.231488,51.708563]},"properties":{"holder_names":"Jane Blandy","holder_address":"The Mill House, 2 Burra Close Sandford-on-Thames, Oxford,  OX4 4YE","property_count":1}},{"type":"Feature","geometry":{"type":"Point","coordinates":[-1.238498,51.742102]},"properties":{"holder_names":"Eleanor Kaye","holder_address":"218 Iffley Road , Oxford, OX4 1SE","property_count":1}},{"type":"Feature","geometry":{"type":"Point","coordinates":[44.005361,36.206077]},"properties":{"holder_names":"David Charles Lloyd","holder_address":"43 Stockmore Street , Oxford, OX4 1JT","property_count":1}},{"type":"Feature","geometry":{"type":"Point","coordinates":[27.146994,38.436963]},"properties":{"holder_names":"Matthew Taberner","holder_address":"35 Fairacres Road , Oxford, OX4 1TH","property_count":1}},{"type":"Feature","geometry":{"type":"Point","coordinates":[7.102596,50.699772]},"properties":{"holder_names":"HUTTON PARKER (Hutton Parker)","holder_address":"41 ST CLEMENTS , OXFORD, OX4 1AG","property_count":1}},{"type":"Feature","geometry":{"type":"Point","coordinates":[-0.477741,52.151645]},"properties":{"holder_names":"Ben Truesdale","holder_address":"18 Church Hill Road , Oxford, OX4 3SE","property_count":1}},{"type":"Feature","geometry":{"type":"Point","coordinates":[-1.265581,51.7797]},"properties":{"holder_names":"Rohan Wijesurendra","holder_address":"322 Banbury Road , Oxford, OX2 7ED","property_count":1}},{"type":"Feature","geometry":{"type":"Point","coordinates":[26.62446,51.311352]},"properties":{"holder_names":"Donna probitts","holder_address":"56 Lye Valley Headington, Oxford, OX3 7ER","property_count":1}},{"type":"Feature","geometry":{"type":"Point","coordinates":[0.180868,51.870642]},"properties":{"holder_names":"Trustees Of The Simrom Trust","holder_address":"13 Abbey Road , Oxford, OX2 0AD","property_count":2}},{"type":"Feature","geometry":{"type":"Point","coordinates":[-1.26446,51.776231]},"properties":{"holder_names":"P&R Holdings; Paul Hunt; Richard Hunt","holder_address":"195 Banbury Road , Oxford, OX2 7AR","property_count":14}},{"type":"Feature","geometry":{"type":"Point","coordinates":[-0.931568,51.461421]},"properties":{"holder_names":"Guoqing Dai","holder_address":"1 Harberton Mead Headington, Oxford, OX3 0DB","property_count":2}},{"type":"Feature","geometry":{"type":"Point","coordinates":[-1.250733,51.733679]},"properties":{"holder_names":"Shelly Masih","holder_address":"134 Wytham Street , Oxford, OX1 4TW","property_count":1}},{"type":"Feature","geometry":{"type":"Point","coordinates":[-5.237539,56.712067]},"properties":{"holder_names":"Brian McBeth","holder_address":"73 Princes Street , Oxford, OX4 1DE","property_count":3}},{"type":"Feature","geometry":{"type":"Point","coordinates":[-0.477338,52.150429]},"properties":{"holder_names":"Joy Clark","holder_address":"2 Cranesbill Way , Oxford, OX4 7WP","property_count":1}},{"type":"Feature","geometry":{"type":"Point","coordinates":[-0.426591,51.417397]},"properties":{"holder_names":"Claire Stentiford","holder_address":"8 Lincoln Road , Oxford, OX1 4TB","property_count":2}},{"type":"Feature","geometry":{"type":"Point","coordinates":[15.970028,45.79777]},"properties":{"holder_names":"Joanna Newson","holder_address":"21 Edith Road , Oxford, OX1 4QB","property_count":1}},{"type":"Feature","geometry":{"type":"Point","coordinates":[-0.47846,52.151355]},"properties":{"holder_names":"Ville Aula","holder_address":"15 North Hinksey Lane , Oxford, OX2 0LT","property_count":1}},{"type":"Feature","geometry":{"type":"Point","coordinates":[-1.318454,51.386206]},"properties":{"holder_names":"Anna Chamcham","holder_address":"7 Edith Road , Oxford, OX1 4QB","property_count":2}},{"type":"Feature","geometry":{"type":"Point","coordinates":[45.398905,35.575375]},"properties":{"holder_names":"Lorna Logan","holder_address":"117 Godstow Road, Oxford, OX2 8PG","property_count":1}},{"type":"Feature","geometry":{"type":"Point","coordinates":[23.819185,49.862409]},"properties":{"holder_names":"Suzie Vincent","holder_address":"46 Oliver Road , Oxford, OX4 2JF","property_count":1}},{"type":"Feature","geometry":{"type":"Point","coordinates":[-0.067858,51.472743]},"properties":{"holder_names":"Donald Mower","holder_address":"3 Victoria Road , Oxford, OX2 7QF","property_count":2}},{"type":"Feature","geometry":{"type":"Point","coordinates":[-1.210734,51.76007]},"properties":{"holder_names":"Finders Keepers","holder_address":"122 London Road , Headington, OX3 9AX","property_count":3}},{"type":"Feature","geometry":{"type":"Point","coordinates":[-1.259811,51.784689]},"properties":{"holder_names":"Ben Hegedus","holder_address":"Flat 20, Meadow View Water Eaton Road, Oxford, OX2 7QS","property_count":2}},{"type":"Feature","geometry":{"type":"Point","coordinates":[-1.251936,51.755975]},"properties":{"holder_names":"Harris Manchester College (Chris Manning)","holder_address":"Harris Manchester College Mansfield Road, Oxford, OX1 3TD","property_count":1}},{"type":"Feature","geometry":{"type":"Point","coordinates":[-1.238366,51.748474]},"properties":{"holder_names":"R M A Properties Ltd (Ashley Charles Bolton)","holder_address":"R M A Properties Ltd 101A Cowley Road, Oxford, OX4 1HU","property_count":5}},{"type":"Feature","geometry":{"type":"Point","coordinates":[30.153458,59.795655]},"properties":{"holder_names":"Louisa Gill; Stuart Reid","holder_address":"42 Squitchey Lane , Oxford, OX2 7LD","property_count":2}},{"type":"Feature","geometry":{"type":"Point","coordinates":[-1.390755,51.824266]},"properties":{"holder_names":"Kazim Karabulut","holder_address":"Flat 9, The Parade 68, Main Road Long Hanborough , WITNEY,  OX2 98BD","property_count":2}},{"type":"Feature","geometry":{"type":"Point","coordinates":[33.442262,49.131697]},"properties":{"holder_names":"Andrew Eichholz","holder_address":"50 Beech Road Headington, Oxford, OX3 7SJ","property_count":1}},{"type":"Feature","geometry":{"type":"Point","coordinates":[-0.47783,52.151799]},"properties":{"holder_names":"Robina Coon","holder_address":"19 Highfield Avenue Headington, Oxford, OX3 7LR","property_count":2}},{"type":"Feature","geometry":{"type":"Point","coordinates":[-1.281893,51.784616]},"properties":{"holder_names":"Alison Massara","holder_address":"Church Farmhouse First Turn, Oxford, OX2 8AH","property_count":2}},{"type":"Feature","geometry":{"type":"Point","coordinates":[-1.39436,52.692346]},"properties":{"holder_names":"Paul Oldfield","holder_address":"6 Buckingham Street , Oxford, OX1 4LH","property_count":1}},{"type":"Feature","geometry":{"type":"Point","coordinates":[-1.280804,51.713965]},"properties":{"holder_names":"Robert Lawson","holder_address":"Heath Barrows, Bayworth Lane Boars Hill, Oxford, OX1 5DF","property_count":2}},{"type":"Feature","geometry":{"type":"Point","coordinates":[-1.205239,51.761425]},"properties":{"holder_names":"Yangmei Li","holder_address":"206 London Road Headington, Oxford, OX3 9EE","property_count":1}},{"type":"Feature","geometry":{"type":"Point","coordinates":[-1.13582,52.956435]},"properties":{"holder_names":"Nicola Shepard","holder_address":"10 Farndon Road , Oxford, ox2 6rt","property_count":1}},{"type":"Feature","geometry":{"type":"Point","coordinates":[-1.401812,51.400843]},"properties":{"holder_names":"Robert Robinson","holder_address":"80 Kingston Road , Oxford, OX2 6RJ","property_count":1}},{"type":"Feature","geometry":{"type":"Point","coordinates":[-1.321185,51.738856]},"properties":{"holder_names":"Ron Watts","holder_address":"Bornholme Cottage, Chawley Lane Cumnor, Oxford, OX2 9PX","property_count":1}},{"type":"Feature","geometry":{"type":"Point","coordinates":[-0.47846,52.151355]},"properties":{"holder_names":"Theo Armstrong-coveley","holder_address":"15 HADOW ROAD MARSTON, OXFORD, OX3 0JW","property_count":1}},{"type":"Feature","geometry":{"type":"Point","coordinates":[-1.262531,51.761371]},"properties":{"holder_names":"Green Templeton College (Accommodation Office Green  Templeton College)","holder_address":"Green Templeton College 43 Woodstock Road, Oxford, OX2  6HG","property_count":1}},{"type":"Feature","geometry":{"type":"Point","coordinates":[-1.252525,51.756377]},"properties":{"holder_names":"Matthew Jenkinson","holder_address":"New College School 2 Savile Road, Oxford, OX1 3UA","property_count":1}},{"type":"Feature","geometry":{"type":"Point","coordinates":[-1.22699,51.803984]},"properties":{"holder_names":"Simon Bishop","holder_address":"The Lodge, Woodeaton Manor School , Oxford, OX3 9TS","property_count":1}},{"type":"Feature","geometry":{"type":"Point","coordinates":[3.871821,43.840858]},"properties":{"holder_names":"Andrew Saunders-Davies","holder_address":"34 Charlbury Road , Oxford, OX2 6UU","property_count":1}},{"type":"Feature","geometry":{"type":"Point","coordinates":[-0.931568,51.461421]},"properties":{"holder_names":"Julia Hanson-Abbott","holder_address":"1 Sandpath, New Inn Road Beckley, Oxford, OX3 9SU","property_count":1}},{"type":"Feature","geometry":{"type":"Point","coordinates":[-1.269204,51.781122]},"properties":{"holder_names":"Robin swailes","holder_address":"Summerhill House 22 Summerhill Road, Oxford, OX2 7JY","property_count":1}},{"type":"Feature","geometry":{"type":"Point","coordinates":[-0.478887,52.151212]},"properties":{"holder_names":"Rosanna Van Den Bogaerde","holder_address":"12 Osberton Road , Oxford, OX2 7NU","property_count":1}},{"type":"Feature","geometry":{"type":"Point","coordinates":[-1.446896,51.402113]},"properties":{"holder_names":"David Glanville","holder_address":"78 Five Mile Drive , Oxford, OX2 8HN","property_count":2}},{"type":"Feature","geometry":{"type":"Point","coordinates":[44.749294,48.794839]},"properties":{"holder_names":"Margaret Lavercombe","holder_address":"37 Playfield Road Kennington, Oxford, OX1 5RS","property_count":1}},{"type":"Feature","geometry":{"type":"Point","coordinates":[6.7643,51.211817]},"properties":{"holder_names":"David Henwood","holder_address":"3 David Nicholls Close, Oxford, OX4 4QX","property_count":1}},{"type":"Feature","geometry":{"type":"Point","coordinates":[-0.477876,52.150618]},"properties":{"holder_names":"Rachel Turney","holder_address":"8 Colgrove Down, Oxford, ox2 9ht","property_count":1}},{"type":"Feature","geometry":{"type":"Point","coordinates":[-2.857289,55.894043]},"properties":{"holder_names":"Jeremy Fry","holder_address":"63 Chalfont Road , Oxford, OX2 6TJ","property_count":1}},{"type":"Feature","geometry":{"type":"Point","coordinates":[31.257651,58.523612]},"properties":{"holder_names":"Sheila Glazebrook","holder_address":"116 Woodstock Road , Oxford, OX2 7NF","property_count":4}},{"type":"Feature","geometry":{"type":"Point","coordinates":[-0.670007,51.477934]},"properties":{"holder_names":"Hongzhu Chi; NANSEN PEAK LIMITED (Hongzhu Chi)","holder_address":"54 Blandford Avenue , Oxford, OX2 8DZ","property_count":2}},{"type":"Feature","geometry":{"type":"Point","coordinates":[-1.289009,51.710488]},"properties":{"holder_names":"John Simms; None (John Simms)","holder_address":"Yatscombe Lodge Foxcombe Road, Boars Hill, Oxford, OX1  5DG","property_count":2}},{"type":"Feature","geometry":{"type":"Point","coordinates":[-0.47783,52.151799]},"properties":{"holder_names":"John Hemp","holder_address":"19 The Paddox , Oxford, OX2 7PN","property_count":1}},{"type":"Feature","geometry":{"type":"Point","coordinates":[-1.834693,51.573859]},"properties":{"holder_names":"Caroline Friend-Naumann","holder_address":"5 Plantation Road , Oxford, OX2 6JD","property_count":1}},{"type":"Feature","geometry":{"type":"Point","coordinates":[-1.203784,51.734149]},"properties":{"holder_names":"Sarah Smith; sarah smith","holder_address":"104 Fern Hill Road , Oxford, OX4 2JP","property_count":4}},{"type":"Feature","geometry":{"type":"Point","coordinates":[15.970028,45.79777]},"properties":{"holder_names":"Jacqueline Davis","holder_address":"21 Yeftly Drive Littlemore, Oxford, OX4 4XS","property_count":1}},{"type":"Feature","geometry":{"type":"Point","coordinates":[-1.267926,51.774223]},"properties":{"holder_names":"HESTIA EGHWE LIMITED (Mark Beer)","holder_address":"255 Woodstock Road , Oxford, OX2 7AE","property_count":1}},{"type":"Feature","geometry":{"type":"Point","coordinates":[-0.461691,51.470939]},"properties":{"holder_names":"Hassan Kattach","holder_address":"325 Marston Road Marston, Oxford, OX3 0EP","property_count":1}},{"type":"Feature","geometry":{"type":"Point","coordinates":[-3.18266,51.660093]},"properties":{"holder_names":"Inter bay (Humayon Rehman)","holder_address":"24 Clive Road , Oxford, OX4 3EJ","property_count":1}},{"type":"Feature","geometry":{"type":"Point","coordinates":[-1.260637,51.752757]},"properties":{"holder_names":"St Peter's College (Charlie Kisiel)","holder_address":"St. Peters College New Inn Hall Street, Oxford, OX1 2DL","property_count":1}},{"type":"Feature","geometry":{"type":"Point","coordinates":[0.500925,51.392265]},"properties":{"holder_names":"Sophia P\u00e9p\u00e9s","holder_address":"70 Norreys Avenue , Oxford, OX1 4SS","property_count":1}},{"type":"Feature","geometry":{"type":"Point","coordinates":[26.62446,51.311352]},"properties":{"holder_names":"John Lee","holder_address":"56 Norreys Avenue , Oxford, OX1 4SS","property_count":1}},{"type":"Feature","geometry":{"type":"Point","coordinates":[-1.267161,51.771672]},"properties":{"holder_names":"Mr Tom Crampton Smith; Thomas Crampton Smith","holder_address":"209 Woodstock Road, Oxford, OX2 7AB","property_count":13}},{"type":"Feature","geometry":{"type":"Point","coordinates":[-1.193301,52.895448]},"properties":{"holder_names":"Akanksha Awal","holder_address":"2C Park Town, Oxford, OX2 6SH","property_count":1}},{"type":"Feature","geometry":{"type":"Point","coordinates":[-1.298601,51.751134]},"properties":{"holder_names":"Portfolio Properties Oxford (Lucy White)","holder_address":"Portfolio Properties Oxford Suite A Hinksey Court, WestWay,  Botley, Botley, OX2 9JU","property_count":5}},{"type":"Feature","geometry":{"type":"Point","coordinates":[-0.479106,52.151138]},"properties":{"holder_names":"Berta Verd; Gregory Boyle","holder_address":"11 Summerfield , Oxford, OX1 4RU","property_count":2}},{"type":"Feature","geometry":{"type":"Point","coordinates":[-1.194617,51.753603]},"properties":{"holder_names":"Harris 2014 Limited","holder_address":"Shotover Kilns Shotover Hill, Headington, Oxford,, OX3 8ST","property_count":1}},{"type":"Feature","geometry":{"type":"Point","coordinates":[-0.931568,51.461421]},"properties":{"holder_names":"Alan Shouls","holder_address":"1 Alhambra Lane , Oxford, OX4 1FA","property_count":1}},{"type":"Feature","geometry":{"type":"Point","coordinates":[-2.29415,53.782902]},"properties":{"holder_names":"Abul Boshor; Humaira boshor","holder_address":"65 Girdlestone Road Headington, Oxford, OX3 7NU","property_count":2}},{"type":"Feature","geometry":{"type":"Point","coordinates":[-1.254754,51.765913]},"properties":{"holder_names":"Martin Keown; Mr Martin Keown","holder_address":"8 Park Town, Oxford, OX2 6SH","property_count":5}},{"type":"Feature","geometry":{"type":"Point","coordinates":[-1.186213,51.79798]},"properties":{"holder_names":"Paul Peros","holder_address":"Nokewood House, Church Street Beckley, Oxford, OX3 9UT","property_count":1}},{"type":"Feature","geometry":{"type":"Point","coordinates":[-0.477615,52.151507]},"properties":{"holder_names":"Christine Kelly","holder_address":"17 St. Giles , Oxford, OX1 3JS","property_count":1}},{"type":"Feature","geometry":{"type":"Point","coordinates":[-1.834693,51.573859]},"properties":{"holder_names":"Ashraf Rana","holder_address":"5 Henley Avenue , Oxford, ox4 4dh","property_count":1}},{"type":"Feature","geometry":{"type":"Point","coordinates":[0.573402,51.36574]},"properties":{"holder_names":"Finders Keepers","holder_address":"22 Park End Street , Oxford, OX1 1HU","property_count":1}},{"type":"Feature","geometry":{"type":"Point","coordinates":[0.559105,51.374487]},"properties":{"holder_names":"HATHAWAY'S ESTATE AGENTS LIMITED (Rhys Hathaway); Rhys Hathaway","holder_address":"33A Botley Road, Oxford, OX2 0BN","property_count":2}},{"type":"Feature","geometry":{"type":"Point","coordinates":[27.146994,38.436963]},"properties":{"holder_names":"Martha Elizabeth Brundin","holder_address":"35 Hill View Road , Oxford, OX2 0DA","property_count":1}},{"type":"Feature","geometry":{"type":"Point","coordinates":[-1.213618,51.763324]},"properties":{"holder_names":"Jane Belson","holder_address":"The Court, The Croft Headington, Oxford, OX3 9BT","property_count":6}},{"type":"Feature","geometry":{"type":"Point","coordinates":[-1.339887,52.852046]},"properties":{"holder_names":"Raksha Mungar","holder_address":"25 Hill View Rd , Oxford, ox2 0da","property_count":1}},{"type":"Feature","geometry":{"type":"Point","coordinates":[-1.231837,51.708528]},"properties":{"holder_names":"Patrick Carney","holder_address":"Rosoak Church Road, Sandford on Thames , Oxford, OX4 4YA","property_count":1}},{"type":"Feature","geometry":{"type":"Point","coordinates":[-1.257496,51.759126]},"properties":{"holder_names":"Howard Smith; Ian Archer; Keble College","holder_address":"Keble College Parks Road, Oxford, OX1 3PG","property_count":3}},{"type":"Feature","geometry":{"type":"Point","coordinates":[33.442262,49.131697]},"properties":{"holder_names":"Claudia Thomas","holder_address":"50 West Street , Oxford, OX2 0BH","property_count":1}},{"type":"Feature","geometry":{"type":"Point","coordinates":[-1.257792,51.750083]},"properties":{"holder_names":"Pembroke College; Pembroke College (Charles Harris)","holder_address":"Pembroke College St. Aldates, Oxford, OX1 1DW","property_count":2}},{"type":"Feature","geometry":{"type":"Point","coordinates":[-1.23627,51.747451]},"properties":{"holder_names":"LPM Residential Limited","holder_address":"Asset Max Ltd 154 Cowley Road, Oxford, OX4 1UE","property_count":31}},{"type":"Feature","geometry":{"type":"Point","coordinates":[44.749294,48.794839]},"properties":{"holder_names":"Usman Ahmed","holder_address":"37 Littlehay Road , Oxford, OX4 3EQ","property_count":4}},{"type":"Feature","geometry":{"type":"Point","coordinates":[-1.13582,52.956435]},"properties":{"holder_names":"Mrs Norsheen Sarwar; Mrs Tazim Akhtar; Zainab Sarwar","holder_address":"10 Divinity Road, Oxford, OX4 1LJ","property_count":4}},{"type":"Feature","geometry":{"type":"Point","coordinates":[-2.29415,53.782902]},"properties":{"holder_names":"Felice Nassar","holder_address":"65 Home Close Wolvercote, Oxford, OX2 8PT","property_count":1}},{"type":"Feature","geometry":{"type":"Point","coordinates":[-1.834693,51.573859]},"properties":{"holder_names":"Vaishali Gada","holder_address":"5 Abberbury Avenue , Oxford, OX4 4UE","property_count":1}},{"type":"Feature","geometry":{"type":"Point","coordinates":[-0.477338,52.150429]},"properties":{"holder_names":"Camille Gay","holder_address":"2 Sheepway Court Iffley, Oxford, OX4 4JL","property_count":1}},{"type":"Feature","geometry":{"type":"Point","coordinates":[-1.583671,51.391997]},"properties":{"holder_names":"victoria Sowter","holder_address":"67 Crescent Road , Oxford, OX4 2NY","property_count":1}},{"type":"Feature","geometry":{"type":"Point","coordinates":[141.433489,40.547494]},"properties":{"holder_names":"georgia higgins","holder_address":"29 Blandford Avenue , Oxford, OX2 8EA","property_count":1}},{"type":"Feature","geometry":{"type":"Point","coordinates":[-0.14172,51.509843]},"properties":{"holder_names":"Jiangong Zhang","holder_address":"92D Banbury Road, Oxford, OX2 6JT","property_count":2}},{"type":"Feature","geometry":{"type":"Point","coordinates":[-0.478887,52.151212]},"properties":{"holder_names":"Craig Muir","holder_address":"12 Rowland Close Wolvercote, Oxford, OX2 8PW","property_count":1}},{"type":"Feature","geometry":{"type":"Point","coordinates":[-1.339887,52.852046]},"properties":{"holder_names":"Sydney Foster","holder_address":"25 Osberton Road , Oxford, OX2 7NU","property_count":1}},{"type":"Feature","geometry":{"type":"Point","coordinates":[-1.271849,51.765469]},"properties":{"holder_names":"Richard Groves; YUN YING Groves","holder_address":"44 Merrivale Square , Oxford, OX2 6QX","property_count":3}},{"type":"Feature","geometry":{"type":"Point","coordinates":[-1.192197,51.762118]},"properties":{"holder_names":"SANU ARECKEKUDY","holder_address":"330 London Road Headington, Oxford, OX3 8DN","property_count":1}},{"type":"Feature","geometry":{"type":"Point","coordinates":[6.7643,51.211817]},"properties":{"holder_names":"Emmanuel Olaiya","holder_address":"3 Barns Hay Marston, Oxford, OX3 0PN","property_count":1}},{"type":"Feature","geometry":{"type":"Point","coordinates":[0.180868,51.870642]},"properties":{"holder_names":"Robert Armstrong","holder_address":"13 Elms Drive , Marston, OX3 0NN","property_count":1}},{"type":"Feature","geometry":{"type":"Point","coordinates":[0.180868,51.870642]},"properties":{"holder_names":"Robert Armstrong","holder_address":"13 Elms Drive Marston, Oxford, OX3 0NN","property_count":1}},{"type":"Feature","geometry":{"type":"Point","coordinates":[0.472293,51.733465]},"properties":{"holder_names":"Mark Evans","holder_address":"39 Warwick Street , Oxford, OX4 1SZ","property_count":1}},{"type":"Feature","geometry":{"type":"Point","coordinates":[-1.272509,51.772377]},"properties":{"holder_names":"Phyllis Hills","holder_address":"129 Frenchay Road , Oxford, OX2 6TE","property_count":2}},{"type":"Feature","geometry":{"type":"Point","coordinates":[-1.265252,51.778071]},"properties":{"holder_names":"Alastair Larman","holder_address":"255 Banbury Road , Oxford, OX2 7HN","property_count":1}},{"type":"Feature","geometry":{"type":"Point","coordinates":[-0.477338,52.150429]},"properties":{"holder_names":"Peter Bryant; Terezinha Nunes","holder_address":"2 Bladon Close , Oxford, OX2 8AD","property_count":2}},{"type":"Feature","geometry":{"type":"Point","coordinates":[-0.47783,52.151799]},"properties":{"holder_names":"Joanna Sandelson","holder_address":"19 Meadow Prospect Wolvercote, Oxford, OX2 8PP","property_count":1}},{"type":"Feature","geometry":{"type":"Point","coordinates":[-1.263475,51.725755]},"properties":{"holder_names":"Bagh Sabir","holder_address":"Charnwood Hinksey Hill, Oxford, OX1 5BD","property_count":1}},{"type":"Feature","geometry":{"type":"Point","coordinates":[-1.245508,52.282178]},"properties":{"holder_names":"Anthony Hugh Alpert","holder_address":"99 Courtland Road , Oxford, OX4 4HZ","property_count":2}},{"type":"Feature","geometry":{"type":"Point","coordinates":[-1.339887,52.852046]},"properties":{"holder_names":"Myrto Kothri","holder_address":"25 Capel Close , Oxford, OX2 7LA","property_count":1}},{"type":"Feature","geometry":{"type":"Point","coordinates":[-0.478671,52.151284]},"properties":{"holder_names":"Anne Routledge","holder_address":"14 Middle Way , Oxford, OX2 7LH","property_count":1}},{"type":"Feature","geometry":{"type":"Point","coordinates":[-1.249453,51.735125]},"properties":{"holder_names":"Krystian Volak; Mr Krystian Volak","holder_address":"The Studio 11 Chatham Road, Oxford, OX1 4UZ","property_count":2}},{"type":"Feature","geometry":{"type":"Point","coordinates":[-3.200461,51.583354]},"properties":{"holder_names":"RANA HOMES (Mohammad Rana)","holder_address":"18A, Cherwell Drive Marston, Oxford, OX3 0LY","property_count":2}},{"type":"Feature","geometry":{"type":"Point","coordinates":[141.433489,40.547494]},"properties":{"holder_names":"Basil Wyatt Holdings Limited (David Wyatt)","holder_address":"29 Harpes Road, Oxford, ox2 7qj","property_count":1}},{"type":"Feature","geometry":{"type":"Point","coordinates":[-1.295048,51.753407]},"properties":{"holder_names":"Doris Field Charitable Trust Ltd","holder_address":"Blake Morgan LLP, Seacourt Tower West Way, Oxford, OX2 0FB","property_count":4}},{"type":"Feature","geometry":{"type":"Point","coordinates":[-1.392745,51.40087]},"properties":{"holder_names":"Dominic Clayton","holder_address":"81 Hurst Street , Oxford, OX4 1HA","property_count":1}},{"type":"Feature","geometry":{"type":"Point","coordinates":[-1.243579,51.755885]},"properties":{"holder_names":"St Catherine's College (Carey Forster); St Catherine's College (Carey Michelle Forster)","holder_address":"St. Catherines College Manor Road, Oxford, OX1 3UJ","property_count":5}},{"type":"Feature","geometry":{"type":"Point","coordinates":[-1.263819,51.763428]},"properties":{"holder_names":"Maxine Rambaut","holder_address":"89 Woodstock Road , Oxford, OX2 6HL","property_count":1}},{"type":"Feature","geometry":{"type":"Point","coordinates":[-1.178662,51.788881]},"properties":{"holder_names":"Jake Eadle","holder_address":"Redways Farm, New Inn Road Beckley, Oxford, OX3 9SS","property_count":1}},{"type":"Feature","geometry":{"type":"Point","coordinates":[-1.834693,51.573859]},"properties":{"holder_names":"John McMahon","holder_address":"5 Burbush Road , Oxford, OX4 2JS","property_count":2}},{"type":"Feature","geometry":{"type":"Point","coordinates":[51.80169,55.651549]},"properties":{"holder_names":"Anu Dudhia","holder_address":"28 Trinity Street , Oxford, OX1 1TY","property_count":1}},{"type":"Feature","geometry":{"type":"Point","coordinates":[-1.276416,51.75231]},"properties":{"holder_names":"HATHAWAY'S ESTATE AGENTS LIMITED (Rhys Hathaway); Rhys Hathaway","holder_address":"Pearce Alder & Co 33 Botley Road, Oxford, OX2 0BN","property_count":5}},{"type":"Feature","geometry":{"type":"Point","coordinates":[44.750717,48.797059]},"properties":{"holder_names":"Chris Daly","holder_address":"26 Stile Road Headington, Oxford, OX3 8AQ","property_count":1}},{"type":"Feature","geometry":{"type":"Point","coordinates":[-0.478887,52.151212]},"properties":{"holder_names":"David Knight","holder_address":"12 Bankside Headington, Oxford, OX3 8LT","property_count":1}},{"type":"Feature","geometry":{"type":"Point","coordinates":[-0.931568,51.461421]},"properties":{"holder_names":"Nicholas Ringshall","holder_address":"1 Maywood Road , Oxford, OX4 4EE","property_count":1}},{"type":"Feature","geometry":{"type":"Point","coordinates":[-0.067858,51.472743]},"properties":{"holder_names":"Robert Faber","holder_address":"3 Frenchay Road , Oxford, OX2 6TG","property_count":1}},{"type":"Feature","geometry":{"type":"Point","coordinates":[-1.318454,51.386206]},"properties":{"holder_names":"Anna Briant","holder_address":"7 Canterbury Road , Oxford, OX2 6LU","property_count":1}},{"type":"Feature","geometry":{"type":"Point","coordinates":[-0.067858,51.472743]},"properties":{"holder_names":"Astrid Marie Spalding; Robert Spalding","holder_address":"3 Bannister Close , Oxford, OX4 1SH","property_count":3}},{"type":"Feature","geometry":{"type":"Point","coordinates":[-0.944201,51.457182]},"properties":{"holder_names":"Lillian Spearing","holder_address":"59 Argyle Street , Oxford, OX4 1ST","property_count":1}},{"type":"Feature","geometry":{"type":"Point","coordinates":[-1.256107,51.753937]},"properties":{"holder_names":"Exeter College (Bursar)","holder_address":"Exeter College Turl Street, Oxford, OX1 3DP","property_count":10}},{"type":"Feature","geometry":{"type":"Point","coordinates":[15.970028,45.79777]},"properties":{"holder_names":"Jaye Johnson","holder_address":"21 The Villas Rutherway, Oxford, OX2 6QY","property_count":1}},{"type":"Feature","geometry":{"type":"Point","coordinates":[3.881323,43.974931]},"properties":{"holder_names":"Simon Marshall","holder_address":"30 Balliol Court Rutherway, Oxford, OX2 6QZ","property_count":6}},{"type":"Feature","geometry":{"type":"Point","coordinates":[-1.269162,51.772862]},"properties":{"holder_names":"Michael Wynell-Mayow","holder_address":"93 Bainton Road , Oxford, OX2 7AG","property_count":1}},{"type":"Feature","geometry":{"type":"Point","coordinates":[-1.276862,51.7187]},"properties":{"holder_names":"Anna Boxall","holder_address":"Flat 1, Meriden House Foxcombe Road, Oxford, OX1 5DG","property_count":1}},{"type":"Feature","geometry":{"type":"Point","coordinates":[-1.231891,51.720091]},"properties":{"holder_names":"Karine Matha; Katarzyna Wronska","holder_address":"44 Mogridge Drive Littlemore, Oxford, OX4 4QN","property_count":2}},{"type":"Feature","geometry":{"type":"Point","coordinates":[-3.359376,55.949485]},"properties":{"holder_names":"Marcus Ramirez","holder_address":"16A Hids Copse Road, Oxford, OX2 9JJ","property_count":4}},{"type":"Feature","geometry":{"type":"Point","coordinates":[-1.267321,51.774424]},"properties":{"holder_names":"Gregory Barnard","holder_address":"206 Woodstock Road , Oxford, OX2 7NH","property_count":1}},{"type":"Feature","geometry":{"type":"Point","coordinates":[-2.167796,51.84986]},"properties":{"holder_names":"Cerlin Roberts","holder_address":"34C Blandford Avenue, Oxford, OX2 8DY","property_count":1}},{"type":"Feature","geometry":{"type":"Point","coordinates":[44.005361,36.206077]},"properties":{"holder_names":"Xiaohui Wu","holder_address":"43 Hythe Bridge Street , Oxford, OX1 2EP","property_count":3}},{"type":"Feature","geometry":{"type":"Point","coordinates":[-1.195798,51.76035]},"properties":{"holder_names":"David Sperry","holder_address":"Quarry Motoring Centre, 66 Green Road Headington, Oxford,  OX3 8LA","property_count":3}},{"type":"Feature","geometry":{"type":"Point","coordinates":[44.005361,36.206077]},"properties":{"holder_names":"Ansar Pathan","holder_address":"43 Ashhurst Way , Oxford, OX4 4RE","property_count":2}},{"type":"Feature","geometry":{"type":"Point","coordinates":[-0.47846,52.151355]},"properties":{"holder_names":"Bharat Patel","holder_address":"15 East Field Close, Oxford, OX3 7SH","property_count":1}},{"type":"Feature","geometry":{"type":"Point","coordinates":[103.905003,52.59341]},"properties":{"holder_names":"Juliet Franks","holder_address":"49 Quarry High Street Headington, Oxford, OX3 8JU","property_count":1}},{"type":"Feature","geometry":{"type":"Point","coordinates":[-1.242227,51.77031]},"properties":{"holder_names":"Paul Humphrey Allum","holder_address":"122 Arlington Drive Marston, Oxford, OX3 0SL","property_count":1}},{"type":"Feature","geometry":{"type":"Point","coordinates":[44.005361,36.206077]},"properties":{"holder_names":"Amy Tse","holder_address":"43 Kiln Lane Headington, Oxford, OX3 8HA","property_count":1}},{"type":"Feature","geometry":{"type":"Point","coordinates":[-1.339887,52.852046]},"properties":{"holder_names":"Richard John Cullen","holder_address":"25 Observatory Street , Oxford, OX2 6EW","property_count":1}},{"type":"Feature","geometry":{"type":"Point","coordinates":[-5.237539,56.712067]},"properties":{"holder_names":"Paul Harris","holder_address":"73 Cumnor Hill , Oxford, OX2 9HX","property_count":1}},{"type":"Feature","geometry":{"type":"Point","coordinates":[0.573402,51.36574]},"properties":{"holder_names":"Paul Shanahan","holder_address":"22 Elizabeth Jennings Way , Oxford, OX2 7BN","property_count":1}},{"type":"Feature","geometry":{"type":"Point","coordinates":[-1.461558,53.37747]},"properties":{"holder_names":"RIGHTON GROUP LIMITED (EMMA RIGHTON); Righton Group Limited (Emma Righton)","holder_address":"8A South Parade, Oxford, OX2 7JL","property_count":2}},{"type":"Feature","geometry":{"type":"Point","coordinates":[-1.13582,52.956435]},"properties":{"holder_names":"Iveta Gregova","holder_address":"10 Kirk Close , Oxford, OX2 8JN","property_count":1}},{"type":"Feature","geometry":{"type":"Point","coordinates":[-0.679788,51.481023]},"properties":{"holder_names":"Mark Blain","holder_address":"52 Kimmeridge Road Cumnor, Oxford, OX2 9RQ","property_count":1}},{"type":"Feature","geometry":{"type":"Point","coordinates":[24.177345,54.350696]},"properties":{"holder_names":"Wendy Hart","holder_address":"33 Bowness Avenue Headington, Oxford, OX3 0AL","property_count":1}},{"type":"Feature","geometry":{"type":"Point","coordinates":[23.819185,49.862409]},"properties":{"holder_names":"qing yu-carver","holder_address":"46 Balliol Court Rutherway, Oxford, OX2 6QZ","property_count":3}},{"type":"Feature","geometry":{"type":"Point","coordinates":[-0.479106,52.151138]},"properties":{"holder_names":"Denis John Williams","holder_address":"11 Hawkswell Gardens , Oxford, OX2 7EX","property_count":1}},{"type":"Feature","geometry":{"type":"Point","coordinates":[-0.477615,52.151507]},"properties":{"holder_names":"Annette Mayer","holder_address":"17 Polstead Road , Oxford, OX2 6TW","property_count":1}},{"type":"Feature","geometry":{"type":"Point","coordinates":[-0.485584,51.470609]},"properties":{"holder_names":"Adrian Sutton","holder_address":"516 Banbury Road , Oxford, OX2 8LG","property_count":2}},{"type":"Feature","geometry":{"type":"Point","coordinates":[-1.225364,51.762097]},"properties":{"holder_names":"Alice Kennett","holder_address":"107 Jack Straws Lane Headington, Oxford, OX3 0DW","property_count":2}},{"type":"Feature","geometry":{"type":"Point","coordinates":[-1.29425,51.782867]},"properties":{"holder_names":"Gordon Robert Faulkner","holder_address":"153 Godstow Road, Wolvercote, OX2 8PG","property_count":3}},{"type":"Feature","geometry":{"type":"Point","coordinates":[-5.237835,56.711572]},"properties":{"holder_names":"David Chen","holder_address":"77 Aldrich Road , Oxford, OX2 7SU","property_count":1}},{"type":"Feature","geometry":{"type":"Point","coordinates":[-1.27101,51.78967]},"properties":{"holder_names":"Rohit Kotnis","holder_address":"433 Banbury Road , Oxford, OX2 8ED","property_count":2}},{"type":"Feature","geometry":{"type":"Point","coordinates":[-0.477615,52.151507]},"properties":{"holder_names":"Sanjay Patel","holder_address":"17 Mileway Gardens , Oxford, OX3 7XH","property_count":2}},{"type":"Feature","geometry":{"type":"Point","coordinates":[-0.067858,51.472743]},"properties":{"holder_names":"Munawar Ahmed","holder_address":"3 James Wolfe Road , Oxford, OX4 2PY","property_count":1}},{"type":"Feature","geometry":{"type":"Point","coordinates":[-1.13582,52.956435]},"properties":{"holder_names":"Arabella Elizabeth Ann Campbell; James Campbell","holder_address":"10 Richmond Road , Oxford, OX1 2JJ","property_count":2}},{"type":"Feature","geometry":{"type":"Point","coordinates":[-1.208938,51.721651]},"properties":{"holder_names":"Sharon Willett","holder_address":"136 Kestrel Crescent , Oxford, OX4 6EB","property_count":1}},{"type":"Feature","geometry":{"type":"Point","coordinates":[-1.441281,52.395695]},"properties":{"holder_names":"Phillip Willett; Phillip Willett (Phillip Willett)","holder_address":"4 Mercury Road , Oxford, OX4 6QG","property_count":5}},{"type":"Feature","geometry":{"type":"Point","coordinates":[0.573402,51.36574]},"properties":{"holder_names":"Hannah Newton","holder_address":"22 Kingston Road , Oxford, OX2 6RQ","property_count":1}},{"type":"Feature","geometry":{"type":"Point","coordinates":[-0.477615,52.151507]},"properties":{"holder_names":"Wai Lan Judy Pang","holder_address":"17 Oswestry Road , Oxford, OX1 4TL","property_count":1}},{"type":"Feature","geometry":{"type":"Point","coordinates":[-0.478887,52.151212]},"properties":{"holder_names":"Elizabeth Taylor","holder_address":"12 Church Way Iffley, Oxford, OX4 4DY","property_count":2}},{"type":"Feature","geometry":{"type":"Point","coordinates":[13.111386,45.665982]},"properties":{"holder_names":"Richard Francis; Victoria MCGUINNESS","holder_address":"36 Poplar Grove Kennington, Oxford, OX1 5QW","property_count":2}},{"type":"Feature","geometry":{"type":"Point","coordinates":[-1.270687,51.7686]},"properties":{"holder_names":"Gaynor Louise Humphrey","holder_address":"Best Years Ltd 5 Burgess Mead, Oxford, OX2 6XP","property_count":1}},{"type":"Feature","geometry":{"type":"Point","coordinates":[-1.815598,51.562237]},"properties":{"holder_names":"Francis Walker","holder_address":"23 Halls Close , Oxford, OX2 9HR","property_count":1}},{"type":"Feature","geometry":{"type":"Point","coordinates":[-1.241862,51.750138]},"properties":{"holder_names":"Diamond Estates & Homes; Diamond Estates & Homes (Lewis McMahon)","holder_address":"93 St Clements Street , Oxford, OX4 1AR","property_count":6}},{"type":"Feature","geometry":{"type":"Point","coordinates":[-0.477615,52.151507]},"properties":{"holder_names":"Sanjay Patel","holder_address":"17 Mileway Gardens Headington, Oxford, OX3 7XH","property_count":1}},{"type":"Feature","geometry":{"type":"Point","coordinates":[1.072641,51.297469]},"properties":{"holder_names":"Benjamin Mumby-Croft","holder_address":"19A Linkside Avenue, Oxford, OX2 8HZ","property_count":1}},{"type":"Feature","geometry":{"type":"Point","coordinates":[-1.318454,51.386206]},"properties":{"holder_names":"Andrey Astakhov","holder_address":"7 Paradise Square , Oxford, OX1 1TW","property_count":1}},{"type":"Feature","geometry":{"type":"Point","coordinates":[-1.26506,51.751246]},"properties":{"holder_names":"Peter Atkins","holder_address":"Flat 28, The Lion Brewery St. Thomas Street, Oxford, OX1 1JE","property_count":1}},{"type":"Feature","geometry":{"type":"Point","coordinates":[-1.273662,51.751233]},"properties":{"holder_names":"shaeen yasin","holder_address":"88 Bridge Street , Oxford, OX2 0BD","property_count":1}},{"type":"Feature","geometry":{"type":"Point","coordinates":[-0.944201,51.457182]},"properties":{"holder_names":"Adrian Williams","holder_address":"59 Frenchay Road , Oxford, OX2 6TF","property_count":1}},{"type":"Feature","geometry":{"type":"Point","coordinates":[-0.304619,51.482158]},"properties":{"holder_names":"Andrews Lettings and Management","holder_address":"101a London Road , Headington, OX3 9AE","property_count":1}},{"type":"Feature","geometry":{"type":"Point","coordinates":[-1.233966,51.736733]},"properties":{"holder_names":"Janet Lord; Matthew Lord; Michael Lord","holder_address":"352 Iffley Road , Oxford, OX4 4AU","property_count":3}},{"type":"Feature","geometry":{"type":"Point","coordinates":[-0.679788,51.481023]},"properties":{"holder_names":"Tim Beechey-Newman","holder_address":"52 Stratfield Road , Oxford, OX2 7BQ","property_count":1}},{"type":"Feature","geometry":{"type":"Point","coordinates":[-1.264978,51.778799]},"properties":{"holder_names":"Breckon & Breckon Asset Management & Consultancy (Michelle  van den Houten)","holder_address":"Twining House 294 Banbury Road, Oxford, OX2 7ED","property_count":9}},{"type":"Feature","geometry":{"type":"Point","coordinates":[-1.271691,51.792964]},"properties":{"holder_names":"Beryl Barrow","holder_address":"564 Banbury Road , Oxford, OX2 8EH","property_count":1}},{"type":"Feature","geometry":{"type":"Point","coordinates":[-1.288352,51.711639]},"properties":{"holder_names":"Jennifer Green","holder_address":"Lincombe House Lincombe Lane Boars Hill, Oxfordshire, OX1  5DU","property_count":1}},{"type":"Feature","geometry":{"type":"Point","coordinates":[0.180868,51.870642]},"properties":{"holder_names":"Wildwood Investment Limited","holder_address":"13 Apsley Road , OXFORD, OX2 7QX","property_count":1}},{"type":"Feature","geometry":{"type":"Point","coordinates":[-1.256106,51.746043]},"properties":{"holder_names":"John Salter; jOHN Salter; john salter","holder_address":"Amantani, Salter Brothers Yard Folly Bridge, Oxford, OX1 4LB","property_count":10}},{"type":"Feature","geometry":{"type":"Point","coordinates":[-0.47783,52.151799]},"properties":{"holder_names":"Ruth Mary Fowler","holder_address":"19 Apsley Road , Oxford, OX2 7QX","property_count":1}},{"type":"Feature","geometry":{"type":"Point","coordinates":[-1.834693,51.573859]},"properties":{"holder_names":"Lana Al-Shami","holder_address":"5 Horwood Close Headington, Oxford, OX3 7RF","property_count":1}},{"type":"Feature","geometry":{"type":"Point","coordinates":[-1.276554,51.789906]},"properties":{"holder_names":"Jennifer Swainson","holder_address":"47 Five Mile Drive , Oxford, OX2 8HR","property_count":1}},{"type":"Feature","geometry":{"type":"Point","coordinates":[-0.679788,51.481023]},"properties":{"holder_names":"P.J Scott Symonds","holder_address":"52 Blenheim Drive , Oxford, OX2 8DQ","property_count":1}},{"type":"Feature","geometry":{"type":"Point","coordinates":[0.573402,51.36574]},"properties":{"holder_names":"Catherine Eddy","holder_address":"22 Prestwich Place , Oxford, OX2 0ED","property_count":1}},{"type":"Feature","geometry":{"type":"Point","coordinates":[33.442262,49.131697]},"properties":{"holder_names":"Lana Feldman","holder_address":"50 Howard Street , Oxford, OX4 3BE","property_count":2}},{"type":"Feature","geometry":{"type":"Point","coordinates":[125.616506,7.072482]},"properties":{"holder_names":"Eugenia Rosaspina","holder_address":"28 Hernes Road , Oxford, OX2 7PU","property_count":3}},{"type":"Feature","geometry":{"type":"Point","coordinates":[-1.278062,51.792769]},"properties":{"holder_names":"Ambreen Gill; Atiff Gill","holder_address":"108 Linkside Avenue , Oxford, OX2 8JB","property_count":2}},{"type":"Feature","geometry":{"type":"Point","coordinates":[-0.477594,52.150713]},"properties":{"holder_names":"Nicholas Compton-Burnett","holder_address":"9 Burgess Mead , Oxford, OX2 6XP","property_count":1}},{"type":"Feature","geometry":{"type":"Point","coordinates":[-1.186655,54.523063]},"properties":{"holder_names":"Viewshot Limited (James Moore)","holder_address":"72 Frenchay Road , Oxford, OX2 6TF","property_count":1}},{"type":"Feature","geometry":{"type":"Point","coordinates":[-1.219827,51.76111]},"properties":{"holder_names":"Elizabeth Cole","holder_address":"44 Sandfield Road Headington, Oxford, OX3 7RJ","property_count":1}},{"type":"Feature","geometry":{"type":"Point","coordinates":[-1.13582,52.956435]},"properties":{"holder_names":"Gabrielle Hawley","holder_address":"10 Woodman Court Cross Street, Oxford, OX4 1BZ","property_count":1}},{"type":"Feature","geometry":{"type":"Point","coordinates":[-0.478887,52.151212]},"properties":{"holder_names":"Peter vezey","holder_address":"12 Appleton Road Cumnor, Oxford, OX2 9QH","property_count":1}},{"type":"Feature","geometry":{"type":"Point","coordinates":[-0.352938,51.814955]},"properties":{"holder_names":"Madeline Van Der Wal","holder_address":"6 Hampden Road , Oxford, OX4 3LW","property_count":1}},{"type":"Feature","geometry":{"type":"Point","coordinates":[24.177345,54.350696]},"properties":{"holder_names":"Hathaway's (Rhys Hathaway)","holder_address":"33 Botley Road, Oxford, Ox2 0BN","property_count":1}},{"type":"Feature","geometry":{"type":"Point","coordinates":[-1.318454,51.386206]},"properties":{"holder_names":"Lilian Volcan","holder_address":"7 Mary Price Close Headington, Oxford, OX3 0LN","property_count":1}},{"type":"Feature","geometry":{"type":"Point","coordinates":[-0.477338,52.150429]},"properties":{"holder_names":"Manmohan Bhurjee","holder_address":"2 Fiennes Road , Oxford, OX4 4RQ","property_count":2}},{"type":"Feature","geometry":{"type":"Point","coordinates":[24.177345,54.350696]},"properties":{"holder_names":"Abdul Rehman Qureshi; Yasar Rehman Qureshi","holder_address":"33 Cranmer Road , Oxford, OX4 2QA","property_count":2}},{"type":"Feature","geometry":{"type":"Point","coordinates":[-0.986256,51.434458]},"properties":{"holder_names":"Quynh Trang To","holder_address":"105 Copse Lane , Oxford, ox3 0ay","property_count":1}},{"type":"Feature","geometry":{"type":"Point","coordinates":[51.80169,55.651549]},"properties":{"holder_names":"Mary Franklin","holder_address":"28 Dove House Close , Oxford, OX2 8BG","property_count":1}},{"type":"Feature","geometry":{"type":"Point","coordinates":[-0.352938,51.814955]},"properties":{"holder_names":"Andrew Greenwood","holder_address":"6 Butler Close , Oxford, OX2 6JG","property_count":1}},{"type":"Feature","geometry":{"type":"Point","coordinates":[0.180868,51.870642]},"properties":{"holder_names":"Claire Stenton","holder_address":"13 Newton Road , Oxford, OX1 4PT","property_count":1}},{"type":"Feature","geometry":{"type":"Point","coordinates":[-1.258837,51.743806]},"properties":{"holder_names":"Liz Woolley; Pete Lock","holder_address":"138 Marlborough Road , Oxford, OX1 4LS","property_count":3}},{"type":"Feature","geometry":{"type":"Point","coordinates":[-1.441281,52.395695]},"properties":{"holder_names":"Barry Newsome","holder_address":"4 Fitzherbert Close , Oxford, OX4 4EN","property_count":2}},{"type":"Feature","geometry":{"type":"Point","coordinates":[-0.352938,51.814955]},"properties":{"holder_names":"Angela Bolam; Edward Bolam","holder_address":"6 Cavendish Court Hobson Road, Oxford, OX2 7JU","property_count":2}},{"type":"Feature","geometry":{"type":"Point","coordinates":[-0.47846,52.151355]},"properties":{"holder_names":"Dale Harris","holder_address":"15 Janaway Littlemore, Oxford, OX4 4SY","property_count":1}},{"type":"Feature","geometry":{"type":"Point","coordinates":[-0.931568,51.461421]},"properties":{"holder_names":"Julia Mortimer","holder_address":"1 Wadham Cottage Parks Road, Oxford, OX1 3PA","property_count":1}},{"type":"Feature","geometry":{"type":"Point","coordinates":[-1.26506,51.777304]},"properties":{"holder_names":"Martine Wilhelmij","holder_address":"Coventry Building Society 235 Banbury Road, Oxford, OX2  7HN","property_count":1}},{"type":"Feature","geometry":{"type":"Point","coordinates":[-1.262522,51.762185]},"properties":{"holder_names":"St Anne's College; St Annes College (Craig Hibberd)","holder_address":"St. Annes College Woodstock Road, Oxford, OX2 6HS","property_count":2}},{"type":"Feature","geometry":{"type":"Point","coordinates":[-1.236844,51.743573]},"properties":{"holder_names":"Hannah Dummett; Paul Dummett","holder_address":"44 Aston Street , Oxford, OX4 1EP","property_count":2}},{"type":"Feature","geometry":{"type":"Point","coordinates":[13.111386,45.665982]},"properties":{"holder_names":"Stephen Burholt","holder_address":"36 Courtland Road , Oxford, OX4 4JB","property_count":1}},{"type":"Feature","geometry":{"type":"Point","coordinates":[-1.254754,51.765913]},"properties":{"holder_names":"Martin Keown; Martin Raymond Keown; Mr Martin Keown","holder_address":"8 Park Town , Oxford, OX2 6SH","property_count":9}},{"type":"Feature","geometry":{"type":"Point","coordinates":[-1.269699,51.75743]},"properties":{"holder_names":"St. Barnabas Church (Claire Herbertson)","holder_address":"St. Barnabus Vicarage 15 St. Barnabas Street, Oxford, OX2  6BG","property_count":1}},{"type":"Feature","geometry":{"type":"Point","coordinates":[-2.29415,53.782902]},"properties":{"holder_names":"Elizabeth Dunmore","holder_address":"65 Jack Straws Lane Headington, Oxford, OX3 0DW","property_count":1}},{"type":"Feature","geometry":{"type":"Point","coordinates":[-1.25617,51.772614]},"properties":{"holder_names":"Zhihong Mu","holder_address":"55 Charlbury Road , Oxford, OX2 6UX","property_count":1}},{"type":"Feature","geometry":{"type":"Point","coordinates":[141.433489,40.547494]},"properties":{"holder_names":"Bernard Rea","holder_address":"29 Stephen Road Headington, Oxford, OX3 9AY","property_count":1}},{"type":"Feature","geometry":{"type":"Point","coordinates":[-3.020432,51.64465]},"properties":{"holder_names":"Kathryn Walton","holder_address":"20 Girdlestone Road Headington, Oxford, OX3 7LZ","property_count":1}},{"type":"Feature","geometry":{"type":"Point","coordinates":[-0.067858,51.472743]},"properties":{"holder_names":"Martina D'Angeli","holder_address":"3 Chilswell Road , Oxford, OX1 4PQ","property_count":1}},{"type":"Feature","geometry":{"type":"Point","coordinates":[6.7643,51.211817]},"properties":{"holder_names":"Lee Spencer","holder_address":"32 Hurst Rise Road , Oxford, OX2 9HQ","property_count":1}},{"type":"Feature","geometry":{"type":"Point","coordinates":[-1.214056,51.724709]},"properties":{"holder_names":"Nigel Woodley","holder_address":"86 Herschel Crescent , Oxford, OX4 3TU","property_count":1}},{"type":"Feature","geometry":{"type":"Point","coordinates":[24.177345,54.350696]},"properties":{"holder_names":"Hathaways (Rhys Hathaway)","holder_address":"33 Botley road , Oxford, OX2 0BN","property_count":2}},{"type":"Feature","geometry":{"type":"Point","coordinates":[-1.318454,51.386206]},"properties":{"holder_names":"Jon Maskens","holder_address":"7 Quarry Road Headington, Oxford, OX3 8NT","property_count":1}},{"type":"Feature","geometry":{"type":"Point","coordinates":[7.102596,50.699772]},"properties":{"holder_names":"HUTTON PARKER (Hutton Parker); Hutton Parker (Hutton Parker); Hutton parker (Hutton Parker)","holder_address":"41 st clements , Oxford, OX4 1Ag","property_count":5}},{"type":"Feature","geometry":{"type":"Point","coordinates":[-0.067858,51.472743]},"properties":{"holder_names":"Marian Elgar","holder_address":"3 Church Lane Wolvercote, Oxford, OX2 8AS","property_count":1}},{"type":"Feature","geometry":{"type":"Point","coordinates":[-3.020432,51.64465]},"properties":{"holder_names":"Mohammed Hoque; Mohidul Hoque","holder_address":"20 Sorrel Road , Oxford, OX4 6SL","property_count":3}},{"type":"Feature","geometry":{"type":"Point","coordinates":[-1.537529,53.588069]},"properties":{"holder_names":"Mohammed Saddiq","holder_address":"38 St. Omer Road , Oxford, OX4 3HB","property_count":2}},{"type":"Feature","geometry":{"type":"Point","coordinates":[0.180868,51.870642]},"properties":{"holder_names":"Lisa Cowey; THE TECHNOLOGY TRANSFER INTERFACE LIMITED (Lisa Cowey)","holder_address":"13 Adelaide Street , Oxford, OX2 6EN","property_count":2}},{"type":"Feature","geometry":{"type":"Point","coordinates":[-1.264708,51.777766]},"properties":{"holder_names":"NOAHSWORTH LIMITED; Sanguines Investments Limited (Waney Squier)","holder_address":"Shaw Gibbs Ltd 264 Banbury Road, Oxford, OX2 7DY","property_count":4}},{"type":"Feature","geometry":{"type":"Point","coordinates":[-0.931568,51.461421]},"properties":{"holder_names":"Nicola Copeman","holder_address":"1 Dove House Close , Oxford, OX2 8BG","property_count":1}},{"type":"Feature","geometry":{"type":"Point","coordinates":[-0.478671,52.151284]},"properties":{"holder_names":"Rosemary Earl","holder_address":"14 St. Andrews Road Headington, Oxford, OX3 9DL","property_count":1}},{"type":"Feature","geometry":{"type":"Point","coordinates":[-0.931568,51.461421]},"properties":{"holder_names":"Felicity Dendy","holder_address":"1 Rimmer Close Marston, Oxford, OX3 0PB","property_count":1}},{"type":"Feature","geometry":{"type":"Point","coordinates":[23.736909,37.949989]},"properties":{"holder_names":"Richard Yates","holder_address":"45 Bowness Avenue Headington, Oxford, OX3 0AL","property_count":7}},{"type":"Feature","geometry":{"type":"Point","coordinates":[-1.392745,51.40087]},"properties":{"holder_names":"Francois Smit","holder_address":"81 Stone Meadow , Oxford, OX2 6TD","property_count":1}},{"type":"Feature","geometry":{"type":"Point","coordinates":[-0.479106,52.151138]},"properties":{"holder_names":"Tarek Al Mallah","holder_address":"Flat 5, 11-13 Fairfax Road, Oxford, OX4 2QG","property_count":1}},{"type":"Feature","geometry":{"type":"Point","coordinates":[-1.392745,51.40087]},"properties":{"holder_names":"Treve Wearne","holder_address":"81 The Crescent, Mandelbrote Drive Littlemore, Oxford, OX4  4XQ","property_count":2}},{"type":"Feature","geometry":{"type":"Point","coordinates":[-0.477615,52.151507]},"properties":{"holder_names":"Donald Degenhardt","holder_address":"17 Walton Crescent , Oxford, OX1 2JG","property_count":1}},{"type":"Feature","geometry":{"type":"Point","coordinates":[-1.256106,51.746043]},"properties":{"holder_names":"John Salter; Salter Bros Ltd (John Salter); Salter Brothers Ltd (John Salter); john Salter","holder_address":"Salter Bros Ltd Folly Bridge, Oxford, OX1 4LA","property_count":23}},{"type":"Feature","geometry":{"type":"Point","coordinates":[-1.280977,51.788965]},"properties":{"holder_names":"Rosemary Harris","holder_address":"Rostar, 396 Woodstock Road Wolvercote, Oxford, OX2 8JW","property_count":1}},{"type":"Feature","geometry":{"type":"Point","coordinates":[-1.26372,51.775039]},"properties":{"holder_names":"Gwyn Harries-Jones","holder_address":"176 Banbury Road , Oxford, OX2 7BT","property_count":2}},{"type":"Feature","geometry":{"type":"Point","coordinates":[-1.441281,52.395695]},"properties":{"holder_names":"Paul Richard Jackson","holder_address":"4 Davenant Road , Oxford, OX2 8BX","property_count":1}},{"type":"Feature","geometry":{"type":"Point","coordinates":[-1.26097,51.75581]},"properties":{"holder_names":"Otared Haidar","holder_address":"University of Oxford, Oriental Institute Pusey Lane, Oxford,  OX1 2LE","property_count":1}},{"type":"Feature","geometry":{"type":"Point","coordinates":[-0.477876,52.150618]},"properties":{"holder_names":"Grace Ding","holder_address":"8 Wyndham Way , Oxford, OX2 8DF","property_count":1}},{"type":"Feature","geometry":{"type":"Point","coordinates":[-1.266349,51.780248]},"properties":{"holder_names":"Evelyn Joan Galilee","holder_address":"Flat 2, Clarendon Court 34 Grove Street, Oxford, OX2 7JJ","property_count":1}},{"type":"Feature","geometry":{"type":"Point","coordinates":[-0.931568,51.461421]},"properties":{"holder_names":"Sureshlal Gurdev","holder_address":"1 East Field Close Headington, Oxford, OX3 7SH","property_count":1}},{"type":"Feature","geometry":{"type":"Point","coordinates":[-0.479106,52.151138]},"properties":{"holder_names":"Philippa Goodger","holder_address":"11 River View Sandford-on-Thames, Oxford, OX4 4YF","property_count":1}},{"type":"Feature","geometry":{"type":"Point","coordinates":[-1.13582,52.956435]},"properties":{"holder_names":"KANWALJIT SINGH KAMAL","holder_address":"10 Meyseys Close Headington, Oxford, OX3 7SF","property_count":2}},{"type":"Feature","geometry":{"type":"Point","coordinates":[-1.150086,52.963992]},"properties":{"holder_names":"Khurram Ayub; Mr Khurram Ayub","holder_address":"337 London Road Headington, Oxford, OX3 9EL","property_count":3}},{"type":"Feature","geometry":{"type":"Point","coordinates":[-0.426591,51.417397]},"properties":{"holder_names":"Catherine McCarthy","holder_address":"8 Rolfe Place Headington, Oxford, OX3 0DS","property_count":1}},{"type":"Feature","geometry":{"type":"Point","coordinates":[103.905003,52.59341]},"properties":{"holder_names":"Ralph Dennison","holder_address":"49 Church Lane Marston, Oxford, OX3 0PT","property_count":1}},{"type":"Feature","geometry":{"type":"Point","coordinates":[-5.237539,56.712067]},"properties":{"holder_names":"Sophie Fyson","holder_address":"73 Five Mile Drive , Oxford, OX2 8HW","property_count":1}},{"type":"Feature","geometry":{"type":"Point","coordinates":[125.616506,7.072482]},"properties":{"holder_names":"Eugenia Rosaspina","holder_address":"28 Hernes Road , Oxford,, OX2 7PU","property_count":1}},{"type":"Feature","geometry":{"type":"Point","coordinates":[0.472293,51.733465]},"properties":{"holder_names":"Landlord (Navdeep Kaur); Navdeep Kaur","holder_address":"39 Herschel Crescent , Oxford, OX4 3TS","property_count":2}},{"type":"Feature","geometry":{"type":"Point","coordinates":[-1.293159,51.718172]},"properties":{"holder_names":"Stuart Charles Packford","holder_address":"Christow Bedwells Heath, Oxford, OX1 5JE","property_count":1}},{"type":"Feature","geometry":{"type":"Point","coordinates":[-0.477486,52.151361]},"properties":{"holder_names":"Terence Baker","holder_address":"16 Conifer Close , Oxford, OX2 9HP","property_count":1}},{"type":"Feature","geometry":{"type":"Point","coordinates":[-1.263491,51.752999]},"properties":{"holder_names":"Catherine Farfan; Hamish Low; Nuffield College (Claire Bunce)","holder_address":"Nuffield College New Road, Oxford, OX1 1NF","property_count":16}},{"type":"Feature","geometry":{"type":"Point","coordinates":[-0.47783,52.151799]},"properties":{"holder_names":"Katrina Niblett","holder_address":"19 Bainton Road , Oxford, OX2 7AF","property_count":2}},{"type":"Feature","geometry":{"type":"Point","coordinates":[-1.236749,51.728513]},"properties":{"holder_names":"Mary Tate","holder_address":"107 Church Way, Iffley , Oxford, OX4 4EG","property_count":2}},{"type":"Feature","geometry":{"type":"Point","coordinates":[-0.47846,52.151355]},"properties":{"holder_names":"Susan Offen","holder_address":"15 Carey Close , Oxford, OX2 8HX","property_count":3}},{"type":"Feature","geometry":{"type":"Point","coordinates":[1.170733,49.213836]},"properties":{"holder_names":"Joanna Dennison","holder_address":"27 Rowland Hill Court Osney Lane, Oxford, OX1 1LE","property_count":1}},{"type":"Feature","geometry":{"type":"Point","coordinates":[-1.220572,51.73957]},"properties":{"holder_names":"Mohammed Nawaz","holder_address":"The Office 173a Cowley Road, Oxford, OX4 1UT","property_count":1}},{"type":"Feature","geometry":{"type":"Point","coordinates":[28.22433,61.055625]},"properties":{"holder_names":"Gordon Hickson","holder_address":"31 Orchard Road , Oxford, OX2 9BL","property_count":1}},{"type":"Feature","geometry":{"type":"Point","coordinates":[-1.441281,52.395695]},"properties":{"holder_names":"Alison Culverwell","holder_address":"4 Marston Ferry Road , Oxford, OX2 7EE","property_count":1}},{"type":"Feature","geometry":{"type":"Point","coordinates":[-1.232107,51.743569]},"properties":{"holder_names":"Sterling lettings and management ltd (Abdul Shakoor)","holder_address":"Wired To 138 Magdalen Road, Oxford, OX4 1RJ","property_count":2}},{"type":"Feature","geometry":{"type":"Point","coordinates":[30.153458,59.795655]},"properties":{"holder_names":"Tina Milkovic","holder_address":"42 Balliol Court Rutherway, Oxford, OX2 6QZ","property_count":1}},{"type":"Feature","geometry":{"type":"Point","coordinates":[-1.184195,51.751771]},"properties":{"holder_names":"Robert McHenry","holder_address":"Monks Farm, Shotover Headington, Oxford, OX3 8TD","property_count":1}},{"type":"Feature","geometry":{"type":"Point","coordinates":[-1.339887,52.852046]},"properties":{"holder_names":"Christian Davies","holder_address":"25 Thorncliffe Road , Oxford, OX2 7BA","property_count":1}},{"type":"Feature","geometry":{"type":"Point","coordinates":[-1.289359,51.740939]},"properties":{"holder_names":"Clare Davis","holder_address":"The Pool House Harcourt Hill, Oxford, OX2 9AS","property_count":1}},{"type":"Feature","geometry":{"type":"Point","coordinates":[44.069734,36.208943]},"properties":{"holder_names":"Rachel Arthington","holder_address":"120 Arlington Drive, Oxford, OX3 0SL","property_count":1}},{"type":"Feature","geometry":{"type":"Point","coordinates":[-1.208762,51.736217]},"properties":{"holder_names":"Yousuf Ali","holder_address":"Todays Local, 61 Hollow Way Cowley, Oxford, OX4 2ND","property_count":1}},{"type":"Feature","geometry":{"type":"Point","coordinates":[-3.468943,51.645331]},"properties":{"holder_names":"Jiangong Zhang","holder_address":"92A Banbury Road, Oxford, OX2 6JT","property_count":1}},{"type":"Feature","geometry":{"type":"Point","coordinates":[-1.272136,51.766971]},"properties":{"holder_names":"Amanda Spriggs","holder_address":"55 Plater Drive , Oxford, OX2 6QU","property_count":1}},{"type":"Feature","geometry":{"type":"Point","coordinates":[-1.206558,51.738644]},"properties":{"holder_names":"Sara dos Santos Oliveira","holder_address":"146a Hollow Way Cowley, Oxford, OX4 2NL","property_count":1}},{"type":"Feature","geometry":{"type":"Point","coordinates":[-1.228768,51.732675]},"properties":{"holder_names":"Iffley Turn Practice Ltd (Ben Ousey)","holder_address":"Iffley Turn Practice 3 Church Cowley Road, Oxford, OX4 3JR","property_count":1}},{"type":"Feature","geometry":{"type":"Point","coordinates":[-0.124301,51.50538]},"properties":{"holder_names":"Brenda MacRitchie","holder_address":"98 Banbury Road , Oxford, OX2 6JT","property_count":2}},{"type":"Feature","geometry":{"type":"Point","coordinates":[-1.277697,51.74881]},"properties":{"holder_names":"Oxfordshire Mind (simon pitkin); oxfordshire mind (simon pitkin)","holder_address":"Oxfordshire Mind, Unit 2 Kings Meadow, Ferry Hinksey Road,  Oxford, OX2 0DP","property_count":2}},{"type":"Feature","geometry":{"type":"Point","coordinates":[-3.020432,51.64465]},"properties":{"holder_names":"Divina Diomampo","holder_address":"20 Cranmer Road , Oxford, OX4 2QD","property_count":1}},{"type":"Feature","geometry":{"type":"Point","coordinates":[-0.352938,51.814955]},"properties":{"holder_names":"Carl Robinson","holder_address":"6 Ridley Road , Oxford, OX4 2QJ","property_count":1}},{"type":"Feature","geometry":{"type":"Point","coordinates":[-1.2624,51.779904]},"properties":{"holder_names":"Dan Channer; Eco Shared Living Ltd (Dan Channer)","holder_address":"76 Lonsdale Road , Oxford, OX2 7ER","property_count":2}},{"type":"Feature","geometry":{"type":"Point","coordinates":[-1.247886,51.392607]},"properties":{"holder_names":"John Hathaway","holder_address":"90 Hurst Rise Road , Oxford, OX2 9HH","property_count":1}},{"type":"Feature","geometry":{"type":"Point","coordinates":[-0.426626,51.417531]},"properties":{"holder_names":"Ahmed Attia","holder_address":"9 Cenmenta Road , Oxford, OX3 7JB","property_count":3}},{"type":"Feature","geometry":{"type":"Point","coordinates":[-1.13582,52.956435]},"properties":{"holder_names":"Veronica John","holder_address":"10 Quarry Road Headington, Oxford, OX3 8NU","property_count":6}},{"type":"Feature","geometry":{"type":"Point","coordinates":[23.819185,49.862409]},"properties":{"holder_names":"Nicola Hanlon","holder_address":"46 Cranmer Road , Oxford, OX4 2QF","property_count":1}},{"type":"Feature","geometry":{"type":"Point","coordinates":[-1.234681,51.739969]},"properties":{"holder_names":"POW House Ltd (Julia Marshall)","holder_address":"Prince Of Wales House 6A Charles Street, Oxford, OX4 3AS","property_count":1}},{"type":"Feature","geometry":{"type":"Point","coordinates":[-0.47846,52.151355]},"properties":{"holder_names":"Paul Armstrong","holder_address":"15 Hadow Road Marston, Oxford, OX3 0JW","property_count":2}},{"type":"Feature","geometry":{"type":"Point","coordinates":[121.117045,14.585663]},"properties":{"holder_names":"Oxford Samaritans","holder_address":"60 Magdalen rd, Oxford, OX4 1RB","property_count":1}},{"type":"Feature","geometry":{"type":"Point","coordinates":[-0.477338,52.150429]},"properties":{"holder_names":"Mohammed Alyas","holder_address":"2 Warwick Street , Oxford, OX4 1SX","property_count":5}},{"type":"Feature","geometry":{"type":"Point","coordinates":[0.182441,51.521237]},"properties":{"holder_names":"Soheila Benlevi","holder_address":"7 Stansfield Close Headington, Oxford, OX4 8TH","property_count":1}},{"type":"Feature","geometry":{"type":"Point","coordinates":[-1.298601,51.751134]},"properties":{"holder_names":"Portfolio Properties Oxford (Lucy White)","holder_address":"Portfolio Properties Oxford Suite A Hinksey Court, WestWay,  Botley, OXFORD, OX2 9JU","property_count":2}},{"type":"Feature","geometry":{"type":"Point","coordinates":[-0.477486,52.151361]},"properties":{"holder_names":"Seetal Patel","holder_address":"16 Carey Close , Oxford, OX2 8HX","property_count":1}},{"type":"Feature","geometry":{"type":"Point","coordinates":[-0.477338,52.150429]},"properties":{"holder_names":"Jane Blandy","holder_address":"2 Burra Close , Sandford on Thames,, OX4 4YE","property_count":1}},{"type":"Feature","geometry":{"type":"Point","coordinates":[-1.278062,51.792769]},"properties":{"holder_names":"Christina Cole; Simon Oppenheimer","holder_address":"47 Linkside Avenue , Oxford, OX2 8JE","property_count":3}},{"type":"Feature","geometry":{"type":"Point","coordinates":[3.881323,43.974931]},"properties":{"holder_names":"Mark Hull","holder_address":"30 Ouseley Close Marston, Oxford, OX3 0JS","property_count":1}},{"type":"Feature","geometry":{"type":"Point","coordinates":[-1.184195,51.751771]},"properties":{"holder_names":"Robert McHenry","holder_address":"Monks Farm Cottage, Shotover Headington, Oxford, OX3 8TD","property_count":1}},{"type":"Feature","geometry":{"type":"Point","coordinates":[-1.261598,51.768122]},"properties":{"holder_names":"Stephen Hilton","holder_address":"Flat 2 82 Banbury Road, Oxford, OX2 6JT","property_count":1}},{"type":"Feature","geometry":{"type":"Point","coordinates":[0.126263,51.470961]},"properties":{"holder_names":"Fraser Macfarlane","holder_address":"53 Stone Meadow , Oxford, OX2 6TD","property_count":1}},{"type":"Feature","geometry":{"type":"Point","coordinates":[-0.426626,51.417531]},"properties":{"holder_names":"Ian Brown","holder_address":"9 Blandford Avenue , Oxford, OX2 8EA","property_count":1}},{"type":"Feature","geometry":{"type":"Point","coordinates":[139.536566,36.246112]},"properties":{"holder_names":"Cecilia Mary Gould; Paul Altmann","holder_address":"57 Old Road Headington, Oxford, OX3 7JZ","property_count":2}},{"type":"Feature","geometry":{"type":"Point","coordinates":[-1.815598,51.562237]},"properties":{"holder_names":"Mohammed Najeeb","holder_address":"23 Kenilworth Avenue , Oxford, OX4 2AW","property_count":1}},{"type":"Feature","geometry":{"type":"Point","coordinates":[-0.47783,52.151799]},"properties":{"holder_names":"Adele Moss","holder_address":"19 Outram Road , Oxford, OX4 3PD","property_count":1}},{"type":"Feature","geometry":{"type":"Point","coordinates":[24.177345,54.350696]},"properties":{"holder_names":"Nathan Stern","holder_address":"33 Freelands Road , Oxford, OX4 4BS","property_count":1}},{"type":"Feature","geometry":{"type":"Point","coordinates":[0.180868,51.870642]},"properties":{"holder_names":"gita goudarzi nejad; morteza fattahi","holder_address":"13 The Willows, Wootton Boars Hill, Oxford, OX1 5LD","property_count":5}},{"type":"Feature","geometry":{"type":"Point","coordinates":[-1.26583,51.779358]},"properties":{"holder_names":"Michael Orwell","holder_address":"Bower & Bailey, Anchor House 269 Banbury Road, Oxford, OX2  7JF","property_count":7}},{"type":"Feature","geometry":{"type":"Point","coordinates":[-0.478671,52.151284]},"properties":{"holder_names":"JIE HUA LI","holder_address":"14 Complins Close , Oxford, OX2 6PZ","property_count":1}},{"type":"Feature","geometry":{"type":"Point","coordinates":[-0.477338,52.150429]},"properties":{"holder_names":"William John Louis Victor Durodie","holder_address":"2 Vicarage Road , Oxford, OX1 4RB","property_count":1}},{"type":"Feature","geometry":{"type":"Point","coordinates":[-0.477876,52.150618]},"properties":{"holder_names":"Rachel Turney","holder_address":"8 Colegrove Down , Oxford, OX2 9HT","property_count":1}},{"type":"Feature","geometry":{"type":"Point","coordinates":[-1.235175,51.739083]},"properties":{"holder_names":"Enfields Lettings Residential (Imran Hussain); Mr Imran Hussain","holder_address":"291A Iffley Road, Oxford, OX4 4AQ","property_count":8}},{"type":"Feature","geometry":{"type":"Point","coordinates":[-1.402052,50.941462]},"properties":{"holder_names":"Elizabeth Thorburn","holder_address":"58 Lime Walk Headington, Oxford, OX3 7AE","property_count":1}},{"type":"Feature","geometry":{"type":"Point","coordinates":[7.102596,50.699772]},"properties":{"holder_names":"Emily Gillingham","holder_address":"41 Clive Road , Oxford, OX4 3EL","property_count":1}},{"type":"Feature","geometry":{"type":"Point","coordinates":[68.339014,43.283425]},"properties":{"holder_names":"Deborah Gallacher","holder_address":"61 Coniston Avenue Headington, Oxford, OX3 0AW","property_count":1}},{"type":"Feature","geometry":{"type":"Point","coordinates":[-1.247841,51.720238]},"properties":{"holder_names":"Joan Edwards","holder_address":"107 Upper Road Kennington, Oxford, OX1 5LW","property_count":1}},{"type":"Feature","geometry":{"type":"Point","coordinates":[-1.446896,51.402113]},"properties":{"holder_names":"Clare O'Brien","holder_address":"78 St. Georges Manor, Mandelbrote Drive Littlemore, Oxford,  OX4 4TW","property_count":1}},{"type":"Feature","geometry":{"type":"Point","coordinates":[1.072641,51.297469]},"properties":{"holder_names":"Nicholas Philip Walker","holder_address":"19A Rivermead Road, Oxford, OX4 4UD","property_count":1}},{"type":"Feature","geometry":{"type":"Point","coordinates":[-0.304619,51.482158]},"properties":{"holder_names":"Andrews property group (Jennifer Jones); Muzhi Zhou","holder_address":"101A, London Road Headington, Oxford, OX3 9AE","property_count":2}},{"type":"Feature","geometry":{"type":"Point","coordinates":[-1.289359,51.740939]},"properties":{"holder_names":"Charles William Candy","holder_address":"Pembroke House Harcourt Hill, Oxford, OX2 9AS","property_count":1}},{"type":"Feature","geometry":{"type":"Point","coordinates":[-1.203203,51.744196]},"properties":{"holder_names":"Vanessa Carol Toye","holder_address":"c/o 21 Bulan Road Headington, Oxford, OX3 7HU","property_count":1}},{"type":"Feature","geometry":{"type":"Point","coordinates":[-1.247352,51.751976]},"properties":{"holder_names":"Magdalen College (Albert Ray); Magdalen College, Oxford (Albert Ray); Rakiya Daha Abdulkadir Farah","holder_address":"Magdalen College High Street, Oxford, OX1 4AU","property_count":12}},{"type":"Feature","geometry":{"type":"Point","coordinates":[-1.21486,51.716307]},"properties":{"holder_names":"MLOS Investments Ltd","holder_address":"Regus Oxford Science Park John Eccles House Robert  Robinson Avenue, Oxford, OX4 4GP","property_count":1}},{"type":"Feature","geometry":{"type":"Point","coordinates":[-3.18266,51.660093]},"properties":{"holder_names":"Susanna Swan","holder_address":"24 Islip Road , Oxford, OX2 7SN","property_count":1}},{"type":"Feature","geometry":{"type":"Point","coordinates":[-0.931568,51.461421]},"properties":{"holder_names":"Tracy Walters","holder_address":"1 Broughton Close Marston, Oxford, OX3 0RQ","property_count":1}},{"type":"Feature","geometry":{"type":"Point","coordinates":[27.189363,63.579876]},"properties":{"holder_names":"THE TRUSTEES OF THE BROTHERS OF THE CHRISTIAN SCHOOLS (  DE LA SALLE) - GREAT BRITAIN (Kevin Humphrey)","holder_address":"140 Banbury Road , Oxford, OX2 7BP","property_count":1}},{"type":"Feature","geometry":{"type":"Point","coordinates":[51.80169,55.651549]},"properties":{"holder_names":"Gretchen Seiffert","holder_address":"28 Harpes Road , Oxford, OX2 7QL","property_count":1}},{"type":"Feature","geometry":{"type":"Point","coordinates":[-2.857289,55.894043]},"properties":{"holder_names":"Susan Adams","holder_address":"63 Merton Court Rutherway, Oxford, OX2 6QZ","property_count":1}},{"type":"Feature","geometry":{"type":"Point","coordinates":[0.124314,52.225231]},"properties":{"holder_names":"Antonio Fiorentino","holder_address":"109A Banbury Rd, Oxford, OX2 6JX","property_count":6}},{"type":"Feature","geometry":{"type":"Point","coordinates":[-1.263054,51.772177]},"properties":{"holder_names":"Elizabeth Brook; Richard Brook","holder_address":"Flat 5, Staverton Grange 129 Banbury Road, Oxford, OX2 7AJ","property_count":2}},{"type":"Feature","geometry":{"type":"Point","coordinates":[-2.269385,53.451456]},"properties":{"holder_names":"Elizabeth Schr\u00f6der","holder_address":"207A Banbury Road, Oxford, OX2 7HQ","property_count":1}},{"type":"Feature","geometry":{"type":"Point","coordinates":[-1.57587,51.755179]},"properties":{"holder_names":"Andrea Lochmann","holder_address":"52A Henley Street, Oxford, OX4 1ES","property_count":2}},{"type":"Feature","geometry":{"type":"Point","coordinates":[-3.18266,51.660093]},"properties":{"holder_names":"Susanna Swan","holder_address":"24 Islip Road, Oxford, OX2 7SN","property_count":1}},{"type":"Feature","geometry":{"type":"Point","coordinates":[-1.300546,51.720657]},"properties":{"holder_names":"Hilary King-Thompson; Lingwood Estates (Summertown) Ltd (Hilary King-Thompson)","holder_address":"Hilcote House, The Ridgeway Boars Hill, Oxford, OX1 5EZ","property_count":2}},{"type":"Feature","geometry":{"type":"Point","coordinates":[44.750717,48.797059]},"properties":{"holder_names":"Miss Xing Yun Qin","holder_address":"37 Weldon Road Marston, Oxford, OX3 0HP","property_count":1}},{"type":"Feature","geometry":{"type":"Point","coordinates":[-1.318454,51.386206]},"properties":{"holder_names":"Natalie Fitchett","holder_address":"7 Lovelace Road , Oxford, OX2 8LP","property_count":1}},{"type":"Feature","geometry":{"type":"Point","coordinates":[-1.815598,51.562237]},"properties":{"holder_names":"Nicola Swinburne","holder_address":"23 Egrove Close , Oxford, OX1 4XU","property_count":1}},{"type":"Feature","geometry":{"type":"Point","coordinates":[-0.426626,51.417531]},"properties":{"holder_names":"Daiserie Vinluan","holder_address":"9 Haynes Road Marston, Oxford, OX3 0SE","property_count":1}},{"type":"Feature","geometry":{"type":"Point","coordinates":[-0.477615,52.151507]},"properties":{"holder_names":"Ali Jalivand","holder_address":"17 Troy Close Headington, Oxford, OX3 7SG","property_count":1}},{"type":"Feature","geometry":{"type":"Point","coordinates":[-1.318454,51.386206]},"properties":{"holder_names":"Steve Davies","holder_address":"7 Apsley Road , Oxford, OX2 7QX","property_count":1}},{"type":"Feature","geometry":{"type":"Point","coordinates":[-3.201118,55.952968]},"properties":{"holder_names":"Carole Hillenbrand","holder_address":"77A, Upper Road Kennington, Oxford, OX1 5LW","property_count":1}},{"type":"Feature","geometry":{"type":"Point","coordinates":[-0.460137,51.474057]},"properties":{"holder_names":"Timothy Rous","holder_address":"353 Banbury Road , Oxford, OX2 7PL","property_count":1}},{"type":"Feature","geometry":{"type":"Point","coordinates":[-2.29415,53.782902]},"properties":{"holder_names":"Ray Hessey","holder_address":"65 Headington, OXFORD, OX3 8EA","property_count":1}},{"type":"Feature","geometry":{"type":"Point","coordinates":[-1.560836,52.385565]},"properties":{"holder_names":"Sujata Biswas","holder_address":"2 Halliday Lane , Oxford, OX2 0FG","property_count":1}},{"type":"Feature","geometry":{"type":"Point","coordinates":[-1.22082,51.747653]},"properties":{"holder_names":"Edward Davis","holder_address":"47 Hill Top Road , Oxford, OX4 1PD","property_count":1}},{"type":"Feature","geometry":{"type":"Point","coordinates":[-0.47783,52.151799]},"properties":{"holder_names":"Uday Chataralia","holder_address":"19 Barton Lane Headington, Oxford, OX3 9JW","property_count":4}},{"type":"Feature","geometry":{"type":"Point","coordinates":[-1.834693,51.573859]},"properties":{"holder_names":"abdul latifi","holder_address":"5 Oxford Road FARMOOR, OXFORD, OX2 9NN","property_count":1}},{"type":"Feature","geometry":{"type":"Point","coordinates":[-1.834693,51.573859]},"properties":{"holder_names":"abdul latifi","holder_address":"5 Oxford Road Farmoor, Oxford, OX2 9NN","property_count":1}},{"type":"Feature","geometry":{"type":"Point","coordinates":[-0.477615,52.151507]},"properties":{"holder_names":"Novo Property Partnership (Martin Deas)","holder_address":"17 Blenheim Drive , Oxford, OX2 8DJ","property_count":4}},{"type":"Feature","geometry":{"type":"Point","coordinates":[-0.47846,52.151355]},"properties":{"holder_names":"Gordon Ellen","holder_address":"15 Apsley Road , Oxford, OX2 7QX","property_count":1}},{"type":"Feature","geometry":{"type":"Point","coordinates":[-1.446896,51.402113]},"properties":{"holder_names":"John Hooker; Oxford Bearings Properties","holder_address":"78 Frenchay Road , Oxford, OX2 6TF","property_count":2}},{"type":"Feature","geometry":{"type":"Point","coordinates":[51.80169,55.651549]},"properties":{"holder_names":"Peter Joyce","holder_address":"28 Complins Close , Oxford, OX2 6PZ","property_count":1}},{"type":"Feature","geometry":{"type":"Point","coordinates":[-1.339887,52.852046]},"properties":{"holder_names":"ZAHOOR AHMED","holder_address":"25 Swinburne Road, Oxford, OX4 4BE","property_count":5}},{"type":"Feature","geometry":{"type":"Point","coordinates":[-0.477741,52.151645]},"properties":{"holder_names":"Peter Friend","holder_address":"18 Park Town , Oxford, OX2 6SH","property_count":1}},{"type":"Feature","geometry":{"type":"Point","coordinates":[-0.47846,52.151355]},"properties":{"holder_names":"Judith Ann Middleton","holder_address":"15 Complins Close , Oxford, OX2 6PZ","property_count":1}},{"type":"Feature","geometry":{"type":"Point","coordinates":[0.573402,51.36574]},"properties":{"holder_names":"Margaret Rogan","holder_address":"22 Fairacres Road , Oxford, OX4 1TF","property_count":1}},{"type":"Feature","geometry":{"type":"Point","coordinates":[-0.47846,52.151355]},"properties":{"holder_names":"Paul Mathew Rigby; Paul Rigby","holder_address":"15 Stockmore Street , Oxford, OX4 1JT","property_count":5}},{"type":"Feature","geometry":{"type":"Point","coordinates":[-0.426626,51.417531]},"properties":{"holder_names":"Deepa Nath Berks","holder_address":"9 Feilden Grove Headington, Oxford, OX3 0DU","property_count":1}},{"type":"Feature","geometry":{"type":"Point","coordinates":[-1.263411,51.754927]},"properties":{"holder_names":"Provost Fellows and Scholars of Worcester College (Harmohinder  Bahl); The Provost Fellows and Scholars of Worcester College in the  University of Oxford; Worcester College; Worcester College (Worcester College)","holder_address":"Worcester College Walton Street, Oxford, OX1 2HB","property_count":14}},{"type":"Feature","geometry":{"type":"Point","coordinates":[-1.264928,51.724868]},"properties":{"holder_names":"Mohammad Aslam","holder_address":"Wayside Hinksey Hill, Oxford, OX1 5BH","property_count":2}},{"type":"Feature","geometry":{"type":"Point","coordinates":[-1.834693,51.573859]},"properties":{"holder_names":"Tanya Tsikas","holder_address":"5 Mill Lane, Oxford, OX4 4EJ","property_count":1}},{"type":"Feature","geometry":{"type":"Point","coordinates":[44.005361,36.206077]},"properties":{"holder_names":"Mahmood Khan","holder_address":"43 Stanley Road , Oxford, OX4 1QY","property_count":2}},{"type":"Feature","geometry":{"type":"Point","coordinates":[3.871821,43.840858]},"properties":{"holder_names":"Andrew Saunders-Davies","holder_address":"34 Charlbury Road, Oxford Oxford, Oxford, OX2 6UU","property_count":1}},{"type":"Feature","geometry":{"type":"Point","coordinates":[-1.26741,51.780168]},"properties":{"holder_names":"Elizabeth Denton","holder_address":"Denton Holdings 8 Grove Street, Oxford, OX2 7JT","property_count":4}},{"type":"Feature","geometry":{"type":"Point","coordinates":[28.22433,61.055625]},"properties":{"holder_names":"EJ-W Real Ltd (Mark Johnson-Watts); TJ -W Real Ltd (Mark Johnson-Watts)","holder_address":"31 Beaumont Street , Oxford, OX1 2NP","property_count":2}},{"type":"Feature","geometry":{"type":"Point","coordinates":[0.126263,51.470961]},"properties":{"holder_names":"Peter Marshall","holder_address":"53 Great Clarendon Street , Oxford, OX2 6AX","property_count":1}},{"type":"Feature","geometry":{"type":"Point","coordinates":[-0.47846,52.151355]},"properties":{"holder_names":"WenWei Zhang","holder_address":"15 Sandfield Road , Oxford, OX3 7RN","property_count":1}},{"type":"Feature","geometry":{"type":"Point","coordinates":[-1.542138,53.345336]},"properties":{"holder_names":"Aisha Mumtaz","holder_address":"476 Banbury Road , Oxford, OX2 8EN","property_count":1}},{"type":"Feature","geometry":{"type":"Point","coordinates":[-1.834693,51.573859]},"properties":{"holder_names":"James McCullagh","holder_address":"5 Harpes Road , Oxford, OX2 7QJ","property_count":1}},{"type":"Feature","geometry":{"type":"Point","coordinates":[-0.477615,52.151507]},"properties":{"holder_names":"Kalpana Pant; Mr Hem Pant","holder_address":"17 Squitchey Lane, Oxford, OX2 7LD","property_count":2}},{"type":"Feature","geometry":{"type":"Point","coordinates":[-1.601718,51.375562]},"properties":{"holder_names":"Amy Tse","holder_address":"64 Sunderland Avenue , Oxford, OX2 8DU","property_count":4}},{"type":"Feature","geometry":{"type":"Point","coordinates":[-0.426591,51.417397]},"properties":{"holder_names":"Arnold Harpin","holder_address":"8 Abberbury Road , Oxford, OX4 4ES","property_count":1}},{"type":"Feature","geometry":{"type":"Point","coordinates":[0.180868,51.870642]},"properties":{"holder_names":"Richard OConnell","holder_address":"13 Stone Quarry Lane , Oxford, OX4 4HE","property_count":1}},{"type":"Feature","geometry":{"type":"Point","coordinates":[-0.478887,52.151212]},"properties":{"holder_names":"Alison Maycock; Dr Alison Maycock; alison maycock","holder_address":"12 Tackley Place , Oxford, OX2 6RR","property_count":3}},{"type":"Feature","geometry":{"type":"Point","coordinates":[-1.815598,51.562237]},"properties":{"holder_names":"STARNESS LIMITED (Vanessa Emmett); Starness Limited (Vanessa Emmett)","holder_address":"23 Leckford Road , Oxford, OX2 6HX","property_count":7}},{"type":"Feature","geometry":{"type":"Point","coordinates":[-1.261113,51.767856]},"properties":{"holder_names":"Paola Belloni","holder_address":"Flat 11, Murray Court 80 Banbury Road, Oxford, OX2 6LQ","property_count":1}},{"type":"Feature","geometry":{"type":"Point","coordinates":[-0.124301,51.50538]},"properties":{"holder_names":"Portia Knight","holder_address":"98 Kingston Road , Oxford, OX2 6RL","property_count":1}},{"type":"Feature","geometry":{"type":"Point","coordinates":[45.684899,35.323716]},"properties":{"holder_names":"Paula O'Connor","holder_address":"103 Lonsdale Road , Oxford, OX2 7ET","property_count":4}},{"type":"Feature","geometry":{"type":"Point","coordinates":[-3.18266,51.660093]},"properties":{"holder_names":"amanda Simpson","holder_address":"24 Burdell Avenue Headington, Oxford, OX3 8ED","property_count":1}},{"type":"Feature","geometry":{"type":"Point","coordinates":[-1.240828,51.750204]},"properties":{"holder_names":"THE CITY OF OXFORD CHARITY LIMITED (Oxford Charity Limited  Oxford Charity Limited); THE CITY OF OXFORD CHARITY LIMITED (The City Of Oxford Charity  Limited The City Of Oxford Charity Limited); THE CITY OF OXFORD CHARITY LIMITED (The City Of Oxford Charity  Limited, The City Of Oxford Charity Limited,); The City of Oxford Charity Limited","holder_address":"Managers Office, Stones Court St. Clements Street, Oxford,  OX4 1AP","property_count":5}},{"type":"Feature","geometry":{"type":"Point","coordinates":[-1.240828,51.750204]},"properties":{"holder_names":"The City Of Oxford Charity Limited","holder_address":"The Office, Stones Court St Clements, Oxford, OX4 1AB","property_count":1}},{"type":"Feature","geometry":{"type":"Point","coordinates":[-1.238366,51.748474]},"properties":{"holder_names":"RMA Properties Ltd (Ashley Charles Bolton)","holder_address":"RMA Properties Ltd 101a Cowley Road, Oxford, OX4 1HU","property_count":8}},{"type":"Feature","geometry":{"type":"Point","coordinates":[-0.931568,51.461421]},"properties":{"holder_names":"Patrick Heritage","holder_address":"1 Dene Road Headington, Oxford, OX3 7EF","property_count":4}},{"type":"Feature","geometry":{"type":"Point","coordinates":[-5.237539,56.712067]},"properties":{"holder_names":"John Diestler","holder_address":"73 Hurst Street , Oxford, OX4 1HA","property_count":2}},{"type":"Feature","geometry":{"type":"Point","coordinates":[0.559105,51.374487]},"properties":{"holder_names":"Jayne Saxton","holder_address":"33A Davenant Road, Oxford, OX2 8BU","property_count":1}},{"type":"Feature","geometry":{"type":"Point","coordinates":[-0.130899,51.496377]},"properties":{"holder_names":"Arathy Bevin","holder_address":"2A Church Cowley Road, Oxford, OX4 3JR","property_count":1}},{"type":"Feature","geometry":{"type":"Point","coordinates":[-3.10227,51.017659]},"properties":{"holder_names":"Raymond Blackler","holder_address":"5A Calcot Close Headington, Oxford, OX3 8PX","property_count":4}},{"type":"Feature","geometry":{"type":"Point","coordinates":[-0.426591,51.417397]},"properties":{"holder_names":"Old Headington Village Hall","holder_address":"8 Stoke Place Headington, Oxford, OX3 9BX","property_count":1}},{"type":"Feature","geometry":{"type":"Point","coordinates":[-0.478887,52.151212]},"properties":{"holder_names":"Sandra Feneley","holder_address":"12 Cunliffe Close , Oxford, OX2 7BL","property_count":1}},{"type":"Feature","geometry":{"type":"Point","coordinates":[-1.278071,51.720117]},"properties":{"holder_names":"David May","holder_address":"Entwood, Red Copse Lane Boars Hill, Oxford, OX1 5ER","property_count":1}},{"type":"Feature","geometry":{"type":"Point","coordinates":[-0.931568,51.461421]},"properties":{"holder_names":"Brian Knight","holder_address":"1 Cannons Field Marston , Oxford, OX3 0QR","property_count":1}},{"type":"Feature","geometry":{"type":"Point","coordinates":[-1.261715,51.755065]},"properties":{"holder_names":"Stonelane Properties Ltd (Mark Johnson-watts)","holder_address":"Stonelane Properties Ltd 31 Beaumont Street, Oxford, OX1  2NP","property_count":5}},{"type":"Feature","geometry":{"type":"Point","coordinates":[-2.29415,53.782902]},"properties":{"holder_names":"Claudia Dietrich","holder_address":"65 Mandelbrote Drive Littlemore, Oxford, OX4 4XQ","property_count":1}},{"type":"Feature","geometry":{"type":"Point","coordinates":[0.500925,51.392265]},"properties":{"holder_names":"Norman Price","holder_address":"70 Bullingdon Road , Oxford, OX4 1QL","property_count":1}},{"type":"Feature","geometry":{"type":"Point","coordinates":[-1.537529,53.588069]},"properties":{"holder_names":"Alexandra Louise Wright","holder_address":"38 Mill Street , Oxford, OX2 0AJ","property_count":1}},{"type":"Feature","geometry":{"type":"Point","coordinates":[-0.426626,51.417531]},"properties":{"holder_names":"Ghazalah Kiani","holder_address":"9 Dale Close , Oxford, OX1 1TU","property_count":1}},{"type":"Feature","geometry":{"type":"Point","coordinates":[-3.201118,55.952968]},"properties":{"holder_names":"Carole Hillenbrand","holder_address":"77A Upper Road, , Kennington, OX1 5LW","property_count":1}},{"type":"Feature","geometry":{"type":"Point","coordinates":[-1.583671,51.391997]},"properties":{"holder_names":"Patrick Hugo Gray","holder_address":"67 Divinity Road , Oxford, OX4 1LH","property_count":1}},{"type":"Feature","geometry":{"type":"Point","coordinates":[-1.231837,51.708528]},"properties":{"holder_names":"Patrick Carney","holder_address":"Roseoak Church Road, Sandford on Thames,, Oxford, OX4 4YA","property_count":1}},{"type":"Feature","geometry":{"type":"Point","coordinates":[-1.262783,51.759032]},"properties":{"holder_names":"Luke Pitcher; Somerville College (Paul Francis); The Principal and Fellows of Somerville College of The University of  Oxford","holder_address":"Somerville College Woodstock Road, Oxford, OX2 6HD","property_count":13}},{"type":"Feature","geometry":{"type":"Point","coordinates":[-0.477338,52.150429]},"properties":{"holder_names":"Najah Shamaa","holder_address":"2 Squitchey Lane , Oxford, OX2 7LB","property_count":1}},{"type":"Feature","geometry":{"type":"Point","coordinates":[-3.18266,51.660093]},"properties":{"holder_names":"Jonathan Herd","holder_address":"24 Kennett Road Headington, Oxford, OX3 7BJ","property_count":1}},{"type":"Feature","geometry":{"type":"Point","coordinates":[-5.237539,56.712067]},"properties":{"holder_names":"Wai Yee Michelle Ho","holder_address":"73 Baynhams Drive , Oxford, OX2 8FF","property_count":1}},{"type":"Feature","geometry":{"type":"Point","coordinates":[-1.13582,52.956435]},"properties":{"holder_names":"CHARLES MCCREEDY","holder_address":"10 Church Lane Marston, Oxford, OX3 0NZ","property_count":1}},{"type":"Feature","geometry":{"type":"Point","coordinates":[125.616506,7.072482]},"properties":{"holder_names":"Eugenia Rosaspina","holder_address":"28 Hernes Road, Oxford, OX2 7PU","property_count":2}},{"type":"Feature","geometry":{"type":"Point","coordinates":[-0.067858,51.472743]},"properties":{"holder_names":"Jatender Pal Singh","holder_address":"3 Ewin Close Marston, Oxford, OX3 0NE","property_count":1}},{"type":"Feature","geometry":{"type":"Point","coordinates":[-1.235021,51.770016]},"properties":{"holder_names":"Isis Martin","holder_address":"88 Cherwell Drive Marston, Oxford, OX3 0NA","property_count":1}},{"type":"Feature","geometry":{"type":"Point","coordinates":[-0.426591,51.417397]},"properties":{"holder_names":"Hojjat Ramezanzadeh","holder_address":"8 St. Omer Road , Oxford, OX4 3HB","property_count":1}},{"type":"Feature","geometry":{"type":"Point","coordinates":[-1.31649,51.748094]},"properties":{"holder_names":"Ward-i-Samin Mufti","holder_address":"Skyview, 2A Orchard Road, Oxford, OX2 9BH","property_count":1}},{"type":"Feature","geometry":{"type":"Point","coordinates":[0.180868,51.870642]},"properties":{"holder_names":"Ambrin Griffiths","holder_address":"13 Abberbury Road , Oxford, OX4 4ET","property_count":3}},{"type":"Feature","geometry":{"type":"Point","coordinates":[-1.22775,51.760815]},"properties":{"holder_names":"Guoqing Dai","holder_address":"Barna Brow 1 Harberton Mead Headington, Oxford, OX3 0DB","property_count":1}},{"type":"Feature","geometry":{"type":"Point","coordinates":[-0.067858,51.472743]},"properties":{"holder_names":"Robert Pearson","holder_address":"3 Larkins Lane Headington, Oxford, OX3 9DW","property_count":1}},{"type":"Feature","geometry":{"type":"Point","coordinates":[-0.426591,51.417397]},"properties":{"holder_names":"Maria Lock","holder_address":"8 Observatory Street , Oxford, OX2 6EW","property_count":1}},{"type":"Feature","geometry":{"type":"Point","coordinates":[0.126263,51.470961]},"properties":{"holder_names":"Jo-anne Dixon","holder_address":"53 Netherwoods Road Headington, Oxford, OX3 8HF","property_count":1}},{"type":"Feature","geometry":{"type":"Point","coordinates":[-1.212472,51.726076]},"properties":{"holder_names":"Massimiliano Cattaneo","holder_address":"144 Herschel Crescent , Oxford, OX4 3TY","property_count":1}},{"type":"Feature","geometry":{"type":"Point","coordinates":[-1.899653,52.477233]},"properties":{"holder_names":"Louise Heppell","holder_address":"12B Bleache Place, Oxford, OX4 2JD","property_count":1}},{"type":"Feature","geometry":{"type":"Point","coordinates":[-0.477338,52.150429]},"properties":{"holder_names":"Margaret Conway","holder_address":"2 Woodbine Cottage, Headington Hill Headington, Oxford,  OX3 0BT","property_count":1}},{"type":"Feature","geometry":{"type":"Point","coordinates":[-3.18266,51.660093]},"properties":{"holder_names":"Tahira Alam","holder_address":"24 Marshall Road Cowley, Oxford, OX4 2NR","property_count":1}},{"type":"Feature","geometry":{"type":"Point","coordinates":[44.749294,48.794839]},"properties":{"holder_names":"Sarah Caroline Darby","holder_address":"37 St John St, Oxford, OX1 2RA","property_count":1}},{"type":"Feature","geometry":{"type":"Point","coordinates":[6.7643,51.211817]},"properties":{"holder_names":"Nicolette Sara English","holder_address":"3 Harbord Road , Oxford, OX2 8LQ","property_count":1}},{"type":"Feature","geometry":{"type":"Point","coordinates":[27.146994,38.436963]},"properties":{"holder_names":"Lisa Vollstedt","holder_address":"35 Terrett Avenue Headington, Oxford, OX3 8FE","property_count":5}},{"type":"Feature","geometry":{"type":"Point","coordinates":[-1.441281,52.395695]},"properties":{"holder_names":"St Gilgen Ltd (Mark Armitage)","holder_address":"4 Feilden Grove Headington, Oxford, OX3 0DU","property_count":1}},{"type":"Feature","geometry":{"type":"Point","coordinates":[-0.130899,51.496377]},"properties":{"holder_names":"Asia Mace","holder_address":"2A Sweetmans Road, Oxford, OX2 9BA","property_count":1}},{"type":"Feature","geometry":{"type":"Point","coordinates":[-0.478887,52.151212]},"properties":{"holder_names":"AMIN PROPERTY LTD (Badrool Amin); Badrool Amin; MOHAMMED ROOH-AL-AMIN","holder_address":"12 Gillians Way , Oxford, OX4 2YD","property_count":13}},{"type":"Feature","geometry":{"type":"Point","coordinates":[-1.238366,51.748474]},"properties":{"holder_names":"RMA Properties Ltd (Ashley Bolton)","holder_address":"RMA Properties Ltd, 101A, Cowley Road, Oxford, OX4 1HU","property_count":1}},{"type":"Feature","geometry":{"type":"Point","coordinates":[44.749294,48.794839]},"properties":{"holder_names":"Katherine Emary","holder_address":"37 Lonsdale Road , Oxford, OX2 7ES","property_count":2}},{"type":"Feature","geometry":{"type":"Point","coordinates":[-1.537529,53.588069]},"properties":{"holder_names":"Homespace Ltd","holder_address":"38 Blandford Avenue , Oxford, OX2 8DZ","property_count":2}},{"type":"Feature","geometry":{"type":"Point","coordinates":[-0.426626,51.417531]},"properties":{"holder_names":"Michael Daly","holder_address":"9 Temple Road , Oxford, OX4 2ET","property_count":1}},{"type":"Feature","geometry":{"type":"Point","coordinates":[-1.233067,51.746345]},"properties":{"holder_names":"Oxford Lettings (Mohammed Idrees)","holder_address":"226 Cowley Road , Oxford, Ox4 1UH","property_count":5}},{"type":"Feature","geometry":{"type":"Point","coordinates":[0.573402,51.36574]},"properties":{"holder_names":"David Allen Thomas","holder_address":"22 Boulter Street , Oxford, OX4 1AX","property_count":1}},{"type":"Feature","geometry":{"type":"Point","coordinates":[3.871821,43.840858]},"properties":{"holder_names":"J & M Janecek (Oxford) Ltd (Yvonne Janecek); J&M Janecek(Oxford) Ltd (Yvonne Janecek)","holder_address":"34 Home Close Wolvercote, Oxford, OX2 8PS","property_count":2}},{"type":"Feature","geometry":{"type":"Point","coordinates":[-1.239448,51.740544]},"properties":{"holder_names":"Mushtaq Rajah","holder_address":"55 Argyle Street , Oxford, OX4 1ST","property_count":4}},{"type":"Feature","geometry":{"type":"Point","coordinates":[15.970028,45.79777]},"properties":{"holder_names":"HASSAN OMAR","holder_address":"21, BERRY CLOSE , Oxford, OX4 6NB","property_count":1}},{"type":"Feature","geometry":{"type":"Point","coordinates":[0.472293,51.733465]},"properties":{"holder_names":"John Chegwyn","holder_address":"39 Woodstock Close , OXFORD, OX2 8DB","property_count":4}},{"type":"Feature","geometry":{"type":"Point","coordinates":[-0.679788,51.481023]},"properties":{"holder_names":"Kenneth Leonard Jeffs","holder_address":"52 Collinwood Road Headington, Oxford, OX3 8HL","property_count":1}},{"type":"Feature","geometry":{"type":"Point","coordinates":[-1.25824,51.749642]},"properties":{"holder_names":"Campion Hall","holder_address":"Campion Hall Brewer Street, Oxford, OX1 1QS","property_count":1}},{"type":"Feature","geometry":{"type":"Point","coordinates":[-1.13582,52.956435]},"properties":{"holder_names":"Joao Paulo Liu Goncalves","holder_address":"10 Trefoil Place , Oxford, OX4 7UB","property_count":1}},{"type":"Feature","geometry":{"type":"Point","coordinates":[-1.834693,51.573859]},"properties":{"holder_names":"Portfolio Properties Oxford (Lucy White)","holder_address":"5 Broadfields, Littlemore oxford, OX2 9JU","property_count":1}},{"type":"Feature","geometry":{"type":"Point","coordinates":[-0.426626,51.417531]},"properties":{"holder_names":"Besmir Kaza","holder_address":"9 Monks Close , Oxford, OX4 6ES","property_count":1}},{"type":"Feature","geometry":{"type":"Point","coordinates":[-0.931568,51.461421]},"properties":{"holder_names":"Mohammad Sadegh Parvizi","holder_address":"1 Fortnam Close Headington, Oxford, OX3 7TH","property_count":1}},{"type":"Feature","geometry":{"type":"Point","coordinates":[-1.900102,52.477737]},"properties":{"holder_names":"Marion Windsor","holder_address":"8B Cumnor Hill, Oxford, OX2 9HA","property_count":1}},{"type":"Feature","geometry":{"type":"Point","coordinates":[-1.583671,51.391997]},"properties":{"holder_names":"Louise Bruce","holder_address":"67 Abbey Road , Oxford, OX2 0AD","property_count":3}},{"type":"Feature","geometry":{"type":"Point","coordinates":[0.573402,51.36574]},"properties":{"holder_names":"Amanda Townsend","holder_address":"22 Swinbourne Road Littlemore, Oxford, OX4 4PQ","property_count":1}},{"type":"Feature","geometry":{"type":"Point","coordinates":[-0.478671,52.151284]},"properties":{"holder_names":"Sajjad Mohammed","holder_address":"14 Lime Road , Oxford, OX2 9EG","property_count":1}},{"type":"Feature","geometry":{"type":"Point","coordinates":[-0.067858,51.472743]},"properties":{"holder_names":"Marwan Yassine","holder_address":"3 Marsh Lane Headington, Oxford, OX3 0NF","property_count":1}},{"type":"Feature","geometry":{"type":"Point","coordinates":[-1.339887,52.852046]},"properties":{"holder_names":"Daniel Heninrich Friedrich Emil Kroening","holder_address":"25 Jackson Road , Oxford, OX2 7TP","property_count":1}},{"type":"Feature","geometry":{"type":"Point","coordinates":[-0.477486,52.151361]},"properties":{"holder_names":"HARRIS JAN PROPERTY SERVICES LIMITED (Hidayat Ullah Khan)","holder_address":"16 Rahere Road , Oxford, OX4 3QG","property_count":1}},{"type":"Feature","geometry":{"type":"Point","coordinates":[-1.211672,51.729255]},"properties":{"holder_names":"Usama Migahed","holder_address":"105 Barns Road , Oxford, OX4 3RA","property_count":1}},{"type":"Feature","geometry":{"type":"Point","coordinates":[-2.748009,54.154494]},"properties":{"holder_names":"William Worrall","holder_address":"26A Stone Meadow, Oxford, OX2 6TQ","property_count":1}},{"type":"Feature","geometry":{"type":"Point","coordinates":[-1.236749,51.728513]},"properties":{"holder_names":"Mary Tate","holder_address":"107 Church Way , Iffley, Oxford, OX4 4EG","property_count":1}},{"type":"Feature","geometry":{"type":"Point","coordinates":[3.881323,43.974931]},"properties":{"holder_names":"Rishi Matadeen","holder_address":"30 Holley Crescent Headington, Oxford, OX3 8AW","property_count":1}},{"type":"Feature","geometry":{"type":"Point","coordinates":[15.970028,45.79777]},"properties":{"holder_names":"Hans Ebeling","holder_address":"21 Hids Copse Road , Oxford, OX2 9JJ","property_count":1}},{"type":"Feature","geometry":{"type":"Point","coordinates":[-0.478887,52.151212]},"properties":{"holder_names":"Hayley Martyn-Fisher","holder_address":"12 Rickyard Close , Oxford, OX1 2RE","property_count":1}},{"type":"Feature","geometry":{"type":"Point","coordinates":[-0.426626,51.417531]},"properties":{"holder_names":"College and County; College and County (College and County); College and County (Tabitha Tyrrell)","holder_address":"9-10 St Clements , Oxford, OX4 1AB","property_count":8}},{"type":"Feature","geometry":{"type":"Point","coordinates":[12.269756,55.651846]},"properties":{"holder_names":"Eve Barsham","holder_address":"169 Kingston Road , Oxford, OX2 6EG","property_count":1}},{"type":"Feature","geometry":{"type":"Point","coordinates":[15.970028,45.79777]},"properties":{"holder_names":"James Richard Murray","holder_address":"21 White House Road , Oxford, OX1 4PA","property_count":1}},{"type":"Feature","geometry":{"type":"Point","coordinates":[3.881323,43.974931]},"properties":{"holder_names":"Mark Hull","holder_address":"30 Ouseley Close Marston, OXFORD, OX3 0JS","property_count":1}},{"type":"Feature","geometry":{"type":"Point","coordinates":[-0.477615,52.151507]},"properties":{"holder_names":"Jing Xiao","holder_address":"17 Eden Drive Headington, Oxford, OX3 0AB","property_count":1}},{"type":"Feature","geometry":{"type":"Point","coordinates":[-1.240828,51.750204]},"properties":{"holder_names":"The City of Oxford Charity Limited,","holder_address":"The Office Stones Court, St. Clements, Oxford, OX4 1AP","property_count":1}},{"type":"Feature","geometry":{"type":"Point","coordinates":[68.339014,43.283425]},"properties":{"holder_names":"Kannadhasan Shanmugavel","holder_address":"61 The Slade Headington, Oxford, OX3 7HN","property_count":2}},{"type":"Feature","geometry":{"type":"Point","coordinates":[28.22433,61.055625]},"properties":{"holder_names":"Catherine Burkett","holder_address":"31 Stapleton Road Headington, Oxford, OX3 7LX","property_count":1}},{"type":"Feature","geometry":{"type":"Point","coordinates":[-1.137477,51.400192]},"properties":{"holder_names":"David Ruddick","holder_address":"95 Hamilton Road , Oxford, OX2 7QA","property_count":2}},{"type":"Feature","geometry":{"type":"Point","coordinates":[-1.13582,52.956435]},"properties":{"holder_names":"Avril Davis","holder_address":"10 Kent Close , Oxford, OX4 6AY","property_count":1}},{"type":"Feature","geometry":{"type":"Point","coordinates":[-0.477338,52.150429]},"properties":{"holder_names":"Camilla Buckley","holder_address":"2 Plater Drive, Oxford, OX2 6QT","property_count":1}},{"type":"Feature","geometry":{"type":"Point","coordinates":[40.910009,57.779663]},"properties":{"holder_names":"Peter Kneip","holder_address":"101 Bullingdon Road , Oxford, OX4 1QN","property_count":1}},{"type":"Feature","geometry":{"type":"Point","coordinates":[3.871821,43.840858]},"properties":{"holder_names":"Imran Ahmed","holder_address":"34 Derwent Avenue Headington, Oxford, OX3 0AP","property_count":2}},{"type":"Feature","geometry":{"type":"Point","coordinates":[3.881323,43.974931]},"properties":{"holder_names":"Xuyu Jin","holder_address":"30 Stephen Road , Oxford, oX3 9AY","property_count":1}},{"type":"Feature","geometry":{"type":"Point","coordinates":[-0.067858,51.472743]},"properties":{"holder_names":"Ben McCabe","holder_address":"3 Nicholas Avenue Marston, Oxford, OX3 0RN","property_count":1}},{"type":"Feature","geometry":{"type":"Point","coordinates":[-1.202554,51.746937]},"properties":{"holder_names":"Mohammed Amer Akbar; SPIRES CAPITAL INVESTMENTS LIMITED (Amer Akbar)","holder_address":"130 Leiden Road Headington, Oxford, OX3 8QU","property_count":2}},{"type":"Feature","geometry":{"type":"Point","coordinates":[-0.426626,51.417531]},"properties":{"holder_names":"Ladybird Homes Ltd (Meltem Aran)","holder_address":"9 Marlborough Court Duke Street, Oxford, OX2 0QT","property_count":1}},{"type":"Feature","geometry":{"type":"Point","coordinates":[-1.246597,51.734444]},"properties":{"holder_names":"Tim Wiseman","holder_address":"Tallis, Weirs Orchard Weirs Lane, Oxford, OX1 4UP","property_count":1}},{"type":"Feature","geometry":{"type":"Point","coordinates":[-1.446896,51.402113]},"properties":{"holder_names":"Grady Reid","holder_address":"78 Westbury Crescent , Oxford, OX4 3SA","property_count":1}},{"type":"Feature","geometry":{"type":"Point","coordinates":[-1.287419,51.710653]},"properties":{"holder_names":"Lincombe Property Services (Philip Jordan)","holder_address":"Withy Copse, Lincombe Lane Boars Hill, Oxford, OX1 5DU","property_count":1}},{"type":"Feature","geometry":{"type":"Point","coordinates":[-1.441281,52.395695]},"properties":{"holder_names":"Sue Patrick","holder_address":"4 Ingle Close Headington, Oxford, OX3 9DB","property_count":1}},{"type":"Feature","geometry":{"type":"Point","coordinates":[24.177345,54.350696]},"properties":{"holder_names":"Rosemary Williams","holder_address":"33 Sunderland Avenue , Oxford, OX2 8DT","property_count":1}},{"type":"Feature","geometry":{"type":"Point","coordinates":[-0.134351,51.571001]},"properties":{"holder_names":"Silvia Elsner","holder_address":"74 Southmoor Road , Oxford, OX2 6RB","property_count":1}},{"type":"Feature","geometry":{"type":"Point","coordinates":[-0.931568,51.461421]},"properties":{"holder_names":"MARY MARGARET KATHELEEN CONWAY; MARY MARGARET KATHLEEN CONWAY","holder_address":"1 Woodbine Cottage, Headington Hill Headington, Oxford,  OX3 0BT","property_count":2}},{"type":"Feature","geometry":{"type":"Point","coordinates":[0.559105,51.374487]},"properties":{"holder_names":"Jessica Tweedie","holder_address":"33A, Oxford Road Old Marston, Oxford, OX3 0PQ","property_count":1}},{"type":"Feature","geometry":{"type":"Point","coordinates":[0.472293,51.733465]},"properties":{"holder_names":"Joseph Boyle","holder_address":"39 Harbord Road , Oxford, OX2 8LH","property_count":1}},{"type":"Feature","geometry":{"type":"Point","coordinates":[-1.13582,52.956435]},"properties":{"holder_names":"Simon Stanford","holder_address":"10-12, Chawley Lane Cumnor, Oxford, OX2 9PX","property_count":1}},{"type":"Feature","geometry":{"type":"Point","coordinates":[-1.190165,51.749244]},"properties":{"holder_names":"Roger Kennealy","holder_address":"Four Seasons, The Ridings Headington, Oxford, OX3 8TB","property_count":1}},{"type":"Feature","geometry":{"type":"Point","coordinates":[103.905003,52.59341]},"properties":{"holder_names":"James Shepherd","holder_address":"49 Boundary Brook Road , Oxford, OX4 4AL","property_count":1}},{"type":"Feature","geometry":{"type":"Point","coordinates":[-1.230339,51.725127]},"properties":{"holder_names":"Purushottam Sitaula","holder_address":"55 Lambourn Road , Oxford, OX4 4SD","property_count":1}},{"type":"Feature","geometry":{"type":"Point","coordinates":[-1.237831,51.728421]},"properties":{"holder_names":"Elizabeth Harre","holder_address":"111 Church Way Iffley, Oxford, OX4 4EG","property_count":1}},{"type":"Feature","geometry":{"type":"Point","coordinates":[-0.931568,51.461421]},"properties":{"holder_names":"Kiyomi Akimoto","holder_address":"1 Portland Road, Oxford, OX2 7EZ","property_count":1}},{"type":"Feature","geometry":{"type":"Point","coordinates":[-1.231002,51.740982]},"properties":{"holder_names":"Tilak Upadhya","holder_address":"Donnington Arms, 147-151 Howard Street, Oxford, OX4 3AZ","property_count":1}},{"type":"Feature","geometry":{"type":"Point","coordinates":[6.7643,51.211817]},"properties":{"holder_names":"Shazad Hussain","holder_address":"32 Littlemore Road , Oxford, OX4 3SU","property_count":1}},{"type":"Feature","geometry":{"type":"Point","coordinates":[130.073768,42.540267]},"properties":{"holder_names":"Shkelzen Hoxha","holder_address":"91 Kestrel Crescent , Oxford, OX4 6EE","property_count":2}},{"type":"Feature","geometry":{"type":"Point","coordinates":[0.573402,51.36574]},"properties":{"holder_names":"Robert Urwin","holder_address":"22 Harberton Mead, Oxford, OX3 0DB","property_count":1}},{"type":"Feature","geometry":{"type":"Point","coordinates":[-1.237595,51.773118]},"properties":{"holder_names":"gina carver","holder_address":"Willow barn oxford road, oxford, ox3 0pq","property_count":1}},{"type":"Feature","geometry":{"type":"Point","coordinates":[-1.441281,52.395695]},"properties":{"holder_names":"Jennifer Smith","holder_address":"4 Gladstone Court Headington, Oxford, OX3 8LN","property_count":1}},{"type":"Feature","geometry":{"type":"Point","coordinates":[141.433489,40.547494]},"properties":{"holder_names":"Boying Liang","holder_address":"29 collinwood Road Risinghurst, Oxford, OX3 8HH","property_count":2}},{"type":"Feature","geometry":{"type":"Point","coordinates":[15.970028,45.79777]},"properties":{"holder_names":"Irina Chembartseva","holder_address":"21 Bears Hedge , Oxford, OX4 4JJ","property_count":8}},{"type":"Feature","geometry":{"type":"Point","coordinates":[-1.293916,51.742489]},"properties":{"holder_names":"Harold Grant","holder_address":"Summerhill House Yarnells Hill, Oxford, OX2 9BG","property_count":2}},{"type":"Feature","geometry":{"type":"Point","coordinates":[26.62446,51.311352]},"properties":{"holder_names":"Amjad Hussain","holder_address":"56 Abingdon Road , Oxford, OX1 4PE","property_count":1}},{"type":"Feature","geometry":{"type":"Point","coordinates":[7.102596,50.699772]},"properties":{"holder_names":"Hutton parker (Hutton Parker)","holder_address":"41 St Clements , Oxford, OX4 1Ag","property_count":4}},{"type":"Feature","geometry":{"type":"Point","coordinates":[-0.426591,51.417397]},"properties":{"holder_names":"Francesca Black","holder_address":"8 Chestnut Avenue Headington, Oxford, OX3 9JH","property_count":1}},{"type":"Feature","geometry":{"type":"Point","coordinates":[-0.426626,51.417531]},"properties":{"holder_names":"Nicola Brodie","holder_address":"9 River View Sandford-on-Thames, Oxford, OX4 4YF","property_count":1}},{"type":"Feature","geometry":{"type":"Point","coordinates":[0.180868,51.870642]},"properties":{"holder_names":"Lucy Robine Stopford","holder_address":"13 St. John Street , Oxford, OX1 2LQ","property_count":1}},{"type":"Feature","geometry":{"type":"Point","coordinates":[-1.401812,51.400843]},"properties":{"holder_names":"Patrick Fox-Tucker","holder_address":"80 Church Way, Oxford, OX4 4EF","property_count":7}},{"type":"Feature","geometry":{"type":"Point","coordinates":[141.433489,40.547494]},"properties":{"holder_names":"Boying Liang","holder_address":"29 Collinwood Road Headington, Oxford, OX3 8HH","property_count":4}},{"type":"Feature","geometry":{"type":"Point","coordinates":[-0.426626,51.417531]},"properties":{"holder_names":"Bina Gurung","holder_address":"9 Bassett Road Headington, Oxford, OX3 9PF","property_count":1}},{"type":"Feature","geometry":{"type":"Point","coordinates":[-1.213286,51.731171]},"properties":{"holder_names":"Elizabeth Apostolis","holder_address":"Hummingbird House, 12A Boswell Road, Oxford, OX4 3HN","property_count":1}},{"type":"Feature","geometry":{"type":"Point","coordinates":[-1.339887,52.852046]},"properties":{"holder_names":"Mr Robin Carlsen; Nicholas Carlsen","holder_address":"25 Norreys Road, Cumnor, Oxford, OX2 9PT","property_count":2}},{"type":"Feature","geometry":{"type":"Point","coordinates":[-1.339887,52.852046]},"properties":{"holder_names":"Jeremy Robin Carlsen","holder_address":"25 Norreys Road Cumnor, Oxford, OX2 9PT","property_count":1}},{"type":"Feature","geometry":{"type":"Point","coordinates":[-0.124301,51.50538]},"properties":{"holder_names":"Andrew Hickling","holder_address":"98 Bennett Crescent Cowley, Oxford, OX4 2UW","property_count":1}},{"type":"Feature","geometry":{"type":"Point","coordinates":[-1.246896,51.734485]},"properties":{"holder_names":"Amanda Galukande","holder_address":"44 Weirs Lane , Oxford, OX1 4UR","property_count":1}},{"type":"Feature","geometry":{"type":"Point","coordinates":[-1.231438,51.739181]},"properties":{"holder_names":"Mehmet Soytorun","holder_address":"44 Boundary Brook Road , Oxford, OX4 4AW","property_count":1}},{"type":"Feature","geometry":{"type":"Point","coordinates":[-0.477615,52.151507]},"properties":{"holder_names":"Ray Huggett","holder_address":"17 Staunton Road Headington, Oxford, OX3 7TJ","property_count":1}},{"type":"Feature","geometry":{"type":"Point","coordinates":[-0.477741,52.151645]},"properties":{"holder_names":"Andrew Benfield; Andrew George Benfield","holder_address":"18 Abberbury Road , Oxford, OX4 4ES","property_count":3}},{"type":"Feature","geometry":{"type":"Point","coordinates":[-0.47846,52.151355]},"properties":{"holder_names":"zara usman","holder_address":"15 Cherwell Street , Oxford, OX4 1BG","property_count":1}},{"type":"Feature","geometry":{"type":"Point","coordinates":[-0.477338,52.150429]},"properties":{"holder_names":"Marco Corradi","holder_address":"2 Mary Price Close Headington, Oxford, OX3 0LN","property_count":1}},{"type":"Feature","geometry":{"type":"Point","coordinates":[-1.262686,51.771395]},"properties":{"holder_names":"Alan Reed","holder_address":"Fairfield Care Home, 115A Banbury Road, Oxford, OX2 6LA","property_count":1}},{"type":"Feature","geometry":{"type":"Point","coordinates":[-1.834693,51.573859]},"properties":{"holder_names":"Justin Temple","holder_address":"5 Gerard Place , Oxford, OX4 3HD","property_count":1}},{"type":"Feature","geometry":{"type":"Point","coordinates":[23.736909,37.949989]},"properties":{"holder_names":"Anna Adsetts","holder_address":"45 Stephen Road Headington, Oxford, OX3 9AY","property_count":1}},{"type":"Feature","geometry":{"type":"Point","coordinates":[141.433489,40.547494]},"properties":{"holder_names":"Mohammed Altaf","holder_address":"29 Robsart Place Cumnor, Oxford, OX2 9QT","property_count":1}},{"type":"Feature","geometry":{"type":"Point","coordinates":[-1.27655,51.716604]},"properties":{"holder_names":"Katie Baker","holder_address":"West Side, Foxcombe Lane Boars Hill, Oxford, OX1 5DH","property_count":1}},{"type":"Feature","geometry":{"type":"Point","coordinates":[-1.401812,51.400843]},"properties":{"holder_names":"Benedict Andrew Salvesen","holder_address":"80 Lytton Road , Oxford, OX4 3NZ","property_count":1}},{"type":"Feature","geometry":{"type":"Point","coordinates":[6.7643,51.211817]},"properties":{"holder_names":"Haroon Rashid Khan; Noorjahan Khan","holder_address":"32 Garsington Road Cowley, Oxford, OX4 2LG","property_count":2}},{"type":"Feature","geometry":{"type":"Point","coordinates":[-3.18266,51.660093]},"properties":{"holder_names":"Saleem Khalid","holder_address":"24 Headley Way Headington, Oxford, OX3 0LT","property_count":1}},{"type":"Feature","geometry":{"type":"Point","coordinates":[0.573402,51.36574]},"properties":{"holder_names":"Govind Sapkota","holder_address":"22 Lockheart Crescent , Oxford, OX4 3RN","property_count":1}},{"type":"Feature","geometry":{"type":"Point","coordinates":[-0.352938,51.814955]},"properties":{"holder_names":"Dee Zhang","holder_address":"6 Clinton Close , Oxford, OX4 4US","property_count":1}},{"type":"Feature","geometry":{"type":"Point","coordinates":[-1.446896,51.402113]},"properties":{"holder_names":"jocelyn Weryho Neuman","holder_address":"78 Hill Top Road , Oxford, OX4 1PE","property_count":1}},{"type":"Feature","geometry":{"type":"Point","coordinates":[-1.270308,51.759197]},"properties":{"holder_names":"Ian Miller","holder_address":"Only House Mount Place, Oxford, OX2 6BJ","property_count":1}},{"type":"Feature","geometry":{"type":"Point","coordinates":[33.442262,49.131697]},"properties":{"holder_names":"Maurice Leen; Paola Sassi","holder_address":"50 Cornwallis Road , Oxford, OX4 3NW","property_count":3}},{"type":"Feature","geometry":{"type":"Point","coordinates":[24.177345,54.350696]},"properties":{"holder_names":"Robert Sturgess","holder_address":"33 , Oxford, OX2 9EY","property_count":1}},{"type":"Feature","geometry":{"type":"Point","coordinates":[-0.426626,51.417531]},"properties":{"holder_names":"Piotr Krolikowski","holder_address":"9 Nunnery Close , Oxford, OX4 6EG","property_count":1}},{"type":"Feature","geometry":{"type":"Point","coordinates":[-1.815598,51.562237]},"properties":{"holder_names":"Matloob Khan","holder_address":"23 Bullingdon Road , Oxford, OX4 1QH","property_count":1}},{"type":"Feature","geometry":{"type":"Point","coordinates":[-1.601718,51.375562]},"properties":{"holder_names":"Jayne Stenton-Putt","holder_address":"64 Appleton Road Cumnor, Oxford, OX2 9QH","property_count":1}},{"type":"Feature","geometry":{"type":"Point","coordinates":[0.573402,51.36574]},"properties":{"holder_names":"Theo Chalmers","holder_address":"22 leckford road , OXFORD, OX2 6HX","property_count":1}},{"type":"Feature","geometry":{"type":"Point","coordinates":[-1.226435,51.742689]},"properties":{"holder_names":"Chowdri Muhammad Hafeez","holder_address":"335 Cowley Road, Oxford, OX4 2BP","property_count":1}},{"type":"Feature","geometry":{"type":"Point","coordinates":[7.102596,50.699772]},"properties":{"holder_names":"HUTTON PARKER (Hutton Parker); hutton parker (Hutton Parker)","holder_address":"41 st clements , oxford, OX4 1AG","property_count":3}},{"type":"Feature","geometry":{"type":"Point","coordinates":[0.573402,51.36574]},"properties":{"holder_names":"Maliks Homes (Mohammed Nadeem); Mohammed Nadeem","holder_address":"22 Chester Street , Oxford, OX4 1SN","property_count":2}},{"type":"Feature","geometry":{"type":"Point","coordinates":[-0.426626,51.417531]},"properties":{"holder_names":"Alex Gandon","holder_address":"9 Essex Street , Oxford, OX4 3AW","property_count":2}},{"type":"Feature","geometry":{"type":"Point","coordinates":[-1.200332,51.762769]},"properties":{"holder_names":"GURDWARA SRI GURU NANAK DEV JI OXFORD (Gurdip Saini)","holder_address":"295-301, London Road Headington, Oxford, OX3 9EH","property_count":1}},{"type":"Feature","geometry":{"type":"Point","coordinates":[-1.237731,51.776372]},"properties":{"holder_names":"Clive Roberson","holder_address":"Appletree House, 4 Ponds Lane Marston, Oxford, OX3 0PX","property_count":1}},{"type":"Feature","geometry":{"type":"Point","coordinates":[-0.352938,51.814955]},"properties":{"holder_names":"Lavy Charitable Trust (Chris Lavy); Mr Christopher Lavy","holder_address":"6 Brindley Close , Oxford, OX2 6XN","property_count":2}},{"type":"Feature","geometry":{"type":"Point","coordinates":[-0.477741,52.151645]},"properties":{"holder_names":"Charles Penwarden","holder_address":"18 Mill Lane Iffley, Oxford, OX4 4EJ","property_count":1}},{"type":"Feature","geometry":{"type":"Point","coordinates":[-0.931568,51.461421]},"properties":{"holder_names":"Hendred Investments Ltd (Khurram Ijaz)","holder_address":"1 Bursill Close Headington, Oxford, OX3 8EW","property_count":1}},{"type":"Feature","geometry":{"type":"Point","coordinates":[-7.296721,55.003307]},"properties":{"holder_names":"Stefanie Thiem","holder_address":"53B Temple Road, Oxford, OX4 2ET","property_count":1}},{"type":"Feature","geometry":{"type":"Point","coordinates":[-0.931568,51.461421]},"properties":{"holder_names":"Ms Sunaina Kumari Kamal; Vade Kamal","holder_address":"1 Redmoor Close , Oxford, OX4 4PT","property_count":3}},{"type":"Feature","geometry":{"type":"Point","coordinates":[-0.067858,51.472743]},"properties":{"holder_names":"Roopesh John","holder_address":"3 Palmer Road Headington, Oxford, OX3 8QE","property_count":2}},{"type":"Feature","geometry":{"type":"Point","coordinates":[-1.234392,51.732431]},"properties":{"holder_names":"Patti McCarthy","holder_address":"44 Church Way Iffley, Oxford, OX4 4EB","property_count":1}},{"type":"Feature","geometry":{"type":"Point","coordinates":[23.819185,49.862409]},"properties":{"holder_names":"Mustafa Misirlizade","holder_address":"46 Blenheim Drive , Oxford, OX2 8DQ","property_count":1}},{"type":"Feature","geometry":{"type":"Point","coordinates":[-0.478671,52.151284]},"properties":{"holder_names":"Tim Carter","holder_address":"14 Holywell Street , Oxford, OX1 3SA","property_count":1}},{"type":"Feature","geometry":{"type":"Point","coordinates":[-1.285089,51.74549]},"properties":{"holder_names":"Kirpal Thapar","holder_address":"Hinksey House North Hinksey Village, Oxford, Ox2 0NA","property_count":1}},{"type":"Feature","geometry":{"type":"Point","coordinates":[-0.986256,51.434458]},"properties":{"holder_names":"Quynh Trang To","holder_address":"105 Copse Lane Marston, Oxford, OX3 0AY","property_count":2}},{"type":"Feature","geometry":{"type":"Point","coordinates":[-0.640755,51.731905]},"properties":{"holder_names":"Varda Michal Shiffer-Sebba; Varda Shiffer-Sebba","holder_address":"48 Lark Hill , Oxford, OX2 7DR","property_count":2}},{"type":"Feature","geometry":{"type":"Point","coordinates":[-1.215806,51.757849]},"properties":{"holder_names":"Sheila Munday","holder_address":"Flat 20, McMaster House Latimer Road, Headington, Oxford,  OX3 7PX","property_count":1}},{"type":"Feature","geometry":{"type":"Point","coordinates":[0.573402,51.36574]},"properties":{"holder_names":"Mohammed Nazir","holder_address":"22 Wilkins Road , Oxford, OX4 2HX","property_count":1}},{"type":"Feature","geometry":{"type":"Point","coordinates":[24.177345,54.350696]},"properties":{"holder_names":"Mahboob Bajwa","holder_address":"33 Langley Close Headington, Oxford, OX3 7DB","property_count":1}},{"type":"Feature","geometry":{"type":"Point","coordinates":[13.111386,45.665982]},"properties":{"holder_names":"Tony Mowat","holder_address":"36 Freelands Road , Oxford, OX4 4BT","property_count":1}},{"type":"Feature","geometry":{"type":"Point","coordinates":[-1.203121,51.73638]},"properties":{"holder_names":"Gurprem Daudhar; Sarabjit Kaur Daudhar","holder_address":"55 White Road , Oxford, ox4 2jl","property_count":2}},{"type":"Feature","geometry":{"type":"Point","coordinates":[-1.401812,51.400843]},"properties":{"holder_names":"Joel Masih","holder_address":"80 Iffley Turn , Oxford, OX4 4HN","property_count":1}},{"type":"Feature","geometry":{"type":"Point","coordinates":[-0.477741,52.151645]},"properties":{"holder_names":"Nassim Akhtar-Ali","holder_address":"18 Littlehay Road , Oxford, OX4 3EG","property_count":1}},{"type":"Feature","geometry":{"type":"Point","coordinates":[-1.318454,51.386206]},"properties":{"holder_names":"Stephen Eugene Ennis","holder_address":"7 Junction Road , Oxford, OX4 2NT","property_count":1}},{"type":"Feature","geometry":{"type":"Point","coordinates":[-0.47783,52.151799]},"properties":{"holder_names":"Mohammed Rashid","holder_address":"19 Salford Road, Oxford, Ox3 0rx","property_count":2}},{"type":"Feature","geometry":{"type":"Point","coordinates":[-0.478887,52.151212]},"properties":{"holder_names":"Bridget Marulanda","holder_address":"12 White Road , Oxford, OX4 2JJ","property_count":2}},{"type":"Feature","geometry":{"type":"Point","coordinates":[-0.477486,52.151361]},"properties":{"holder_names":"leon Amantrading","holder_address":"16 vandiemans Lane, Oxford, ox4 3qd","property_count":1}},{"type":"Feature","geometry":{"type":"Point","coordinates":[0.180868,51.870642]},"properties":{"holder_names":"Lisa Cowey; The Technology Transfer Interface Ltd (Lisa Cowey)","holder_address":"13 Adelaide Street Jericho, Oxford, OX2 6EN","property_count":2}},{"type":"Feature","geometry":{"type":"Point","coordinates":[-0.944201,51.457182]},"properties":{"holder_names":"Kevin Chun Wah Lai; Vanessa Bich Lai; Vanessa Lai","holder_address":"59 Bailey Road , Oxford, OX4 3HU","property_count":4}},{"type":"Feature","geometry":{"type":"Point","coordinates":[15.970028,45.79777]},"properties":{"holder_names":"Hannah Hooker","holder_address":"21 Stratfield Road , Oxford, OX2 7BG","property_count":1}},{"type":"Feature","geometry":{"type":"Point","coordinates":[3.891827,43.975594]},"properties":{"holder_names":"sheetal Kashid","holder_address":"133 The Avenue Kennington, Oxford, OX1 5QZ","property_count":1}},{"type":"Feature","geometry":{"type":"Point","coordinates":[130.073768,42.540267]},"properties":{"holder_names":"Bertram Edwards; Chantelle Larsen","holder_address":"91 Rose Hill , Oxford, OX4 4HT","property_count":3}},{"type":"Feature","geometry":{"type":"Point","coordinates":[-0.931568,51.461421]},"properties":{"holder_names":"Tanja Brenner","holder_address":"1 Bushnell Close Headington, Oxford, OX3 8FT","property_count":1}},{"type":"Feature","geometry":{"type":"Point","coordinates":[-3.020432,51.64465]},"properties":{"holder_names":"Anna Mroczek","holder_address":"20 Forget-Me-Not Way , Oxford, OX4 7ZD","property_count":1}},{"type":"Feature","geometry":{"type":"Point","coordinates":[7.102074,50.699777]},"properties":{"holder_names":"Hasanen Al-Taiar","holder_address":"40 Nuffield Road Headington, Oxford, OX3 8RE","property_count":1}},{"type":"Feature","geometry":{"type":"Point","coordinates":[44.749294,48.794839]},"properties":{"holder_names":"Unni Jomon","holder_address":"37 Chillingworth Crescent Headington, Oxford, OX3 8RP","property_count":1}},{"type":"Feature","geometry":{"type":"Point","coordinates":[6.7643,51.211817]},"properties":{"holder_names":"Lucy Hedges; jackie hedges","holder_address":"3 White House Road , Oxford, OX1 4PA","property_count":3}},{"type":"Feature","geometry":{"type":"Point","coordinates":[-0.47846,52.151355]},"properties":{"holder_names":"Hinna Junaid","holder_address":"15 Netherwoods Road Headington, Oxford, OX3 8HF","property_count":1}},{"type":"Feature","geometry":{"type":"Point","coordinates":[-1.446896,51.402113]},"properties":{"holder_names":"David Glanville","holder_address":"78 Five Mile Drive, Oxford, OX2 8HN","property_count":1}},{"type":"Feature","geometry":{"type":"Point","coordinates":[-1.281402,51.74397]},"properties":{"holder_names":"Joseph Ewen","holder_address":"Springlea North Hinksey Village, Oxford, OX2 0NA","property_count":1}},{"type":"Feature","geometry":{"type":"Point","coordinates":[-1.218097,51.768882]},"properties":{"holder_names":"Varghese Skaria","holder_address":"96 Foxwell Drive Headington, Oxford, OX3 9QF","property_count":2}},{"type":"Feature","geometry":{"type":"Point","coordinates":[-0.931568,51.461421]},"properties":{"holder_names":"Russell George","holder_address":"1 Mere Road , Oxford, OX2 8AN","property_count":1}},{"type":"Feature","geometry":{"type":"Point","coordinates":[-1.277784,51.78571]},"properties":{"holder_names":"Christopher Lewis","holder_address":"368 Woodstock Road , Oxford, OX2 8AE","property_count":1}},{"type":"Feature","geometry":{"type":"Point","coordinates":[7.102074,50.699777]},"properties":{"holder_names":"Jonathan Holt; Rachel Holt","holder_address":"40 Squitchey Lane , Oxford, OX2 7LD","property_count":2}},{"type":"Feature","geometry":{"type":"Point","coordinates":[-1.210024,51.392803]},"properties":{"holder_names":"Harmony Residents Association Ltd (Mark Piesing)","holder_address":"92 Fairacres Road , Oxford, OX4 1TG","property_count":1}},{"type":"Feature","geometry":{"type":"Point","coordinates":[-0.067858,51.472743]},"properties":{"holder_names":"Michael Chaddock","holder_address":"3 Woodcroft Kennington, Oxford, OX1 5NH","property_count":1}},{"type":"Feature","geometry":{"type":"Point","coordinates":[1.170733,49.213836]},"properties":{"holder_names":"Robert Alexander Bain","holder_address":"27 Yeftly Drive Littlemore, Oxford, OX4 4XS","property_count":1}},{"type":"Feature","geometry":{"type":"Point","coordinates":[-1.601718,51.375562]},"properties":{"holder_names":"Geoffrey Hale; Gillian Hale","holder_address":"64 Arlington Drive Marston, Oxford, OX3 0SJ","property_count":2}},{"type":"Feature","geometry":{"type":"Point","coordinates":[-1.264605,51.77748]},"properties":{"holder_names":"Carter Jonas LLP; Carter Jonas LLP (Carter Jonas)","holder_address":"Mayfield House, 256 Banbury Road , Oxford, OX2 7DE","property_count":5}},{"type":"Feature","geometry":{"type":"Point","coordinates":[139.536566,36.246112]},"properties":{"holder_names":"Philip Chaundy","holder_address":"57 Harpes Road , Oxford, OX2 7QJ","property_count":1}},{"type":"Feature","geometry":{"type":"Point","coordinates":[-1.201904,51.757176]},"properties":{"holder_names":"Ran Li","holder_address":"47 Weyland Road , Oxford, OX3 8PE","property_count":1}},{"type":"Feature","geometry":{"type":"Point","coordinates":[-1.184195,51.751771]},"properties":{"holder_names":"Younus Ali","holder_address":"Shotover Cleave The Ridings, Oxford, OX3 8TB","property_count":1}},{"type":"Feature","geometry":{"type":"Point","coordinates":[-1.184195,51.751771]},"properties":{"holder_names":"Younus Ali","holder_address":"Shotover Cleve Cottage, The Ridings Headington, Oxford, OX3  8TB","property_count":1}},{"type":"Feature","geometry":{"type":"Point","coordinates":[-0.47783,52.151799]},"properties":{"holder_names":"Alexander Massey","holder_address":"19 Florence Park Road , Oxford, OX4 3PN","property_count":1}},{"type":"Feature","geometry":{"type":"Point","coordinates":[-1.207899,51.737403]},"properties":{"holder_names":"Keith Smith; Mark Smith","holder_address":"Smith & Low, 107-111 Hollow Way, Cowley, Oxford, OX4 2NE","property_count":2}},{"type":"Feature","geometry":{"type":"Point","coordinates":[-1.232162,51.743609]},"properties":{"holder_names":"Sterling lettings and management ltd (Abdul Shakoor)","holder_address":"138 Magdalen Road , Oxford, OX4 1RJ","property_count":1}},{"type":"Feature","geometry":{"type":"Point","coordinates":[-1.251973,51.733615]},"properties":{"holder_names":"KMC Holdings (Oxford) Ltd (Ben Christopher)","holder_address":"102 Wytham Street , Oxford, OX1 4TW","property_count":1}},{"type":"Feature","geometry":{"type":"Point","coordinates":[44.005361,36.206077]},"properties":{"holder_names":"Darshan Lal; Dimple Lal","holder_address":"43 Barns Road , Oxford, OX4 3QY","property_count":4}},{"type":"Feature","geometry":{"type":"Point","coordinates":[-1.209061,51.764362]},"properties":{"holder_names":"Richard Vendome","holder_address":"Flat 15, Emden House Barton Lane, Headington, Oxford, OX3  9JU","property_count":1}},{"type":"Feature","geometry":{"type":"Point","coordinates":[-3.020432,51.64465]},"properties":{"holder_names":"Pauline Boggs","holder_address":"20 Herschel Crescent , Oxford, OX4 3TS","property_count":1}},{"type":"Feature","geometry":{"type":"Point","coordinates":[-1.227802,51.726924]},"properties":{"holder_names":"Ruqyyah Hayat","holder_address":"47 Dashwood Road , Oxford, OX4 4SH","property_count":1}},{"type":"Feature","geometry":{"type":"Point","coordinates":[-1.287419,51.710653]},"properties":{"holder_names":"Lincombe Property Services (Philip Jordan)","holder_address":"Withy Copse Lincombe Lane , Oxford, OX1 5DU","property_count":5}},{"type":"Feature","geometry":{"type":"Point","coordinates":[-1.214133,51.761624]},"properties":{"holder_names":"Catharine Mack Smith","holder_address":"Flat 1, White Lodge Osler Road, Headington, Oxford, OX3 9BJ","property_count":1}},{"type":"Feature","geometry":{"type":"Point","coordinates":[24.177345,54.350696]},"properties":{"holder_names":"The PCC of St Michael & all Angels","holder_address":"33 Lonsdale Road , Oxford, OX2 7ES","property_count":1}},{"type":"Feature","geometry":{"type":"Point","coordinates":[-1.583671,51.391997]},"properties":{"holder_names":"Afsaruddin Hasib","holder_address":"67 Aldrich Road , Oxford, OX2 7SU","property_count":1}},{"type":"Feature","geometry":{"type":"Point","coordinates":[-0.931568,51.461421]},"properties":{"holder_names":"Frederick Hine; Sudabeh Hine","holder_address":"1 Merrivale Square , Oxford, OX2 6QX","property_count":2}},{"type":"Feature","geometry":{"type":"Point","coordinates":[-1.26467,51.776179]},"properties":{"holder_names":"Darren Bowdern","holder_address":"Strutt & Parker LLP, 201-203 Banbury Road, Oxford, OX2 7AR","property_count":1}},{"type":"Feature","geometry":{"type":"Point","coordinates":[30.786482,46.574185]},"properties":{"holder_names":"Mark David Dewhurst; Mark Dewhurst","holder_address":"51 Vicarage Road , Oxford, OX1 4RE","property_count":2}},{"type":"Feature","geometry":{"type":"Point","coordinates":[-1.301104,51.402198]},"properties":{"holder_names":"Haitao Wang","holder_address":"87 Staunton Road , Oxford, OX3 7TL","property_count":1}},{"type":"Feature","geometry":{"type":"Point","coordinates":[-1.206898,51.738743]},"properties":{"holder_names":"gary brimson","holder_address":"163 Hollow Way Cowley, Oxford, OX4 2NE","property_count":1}},{"type":"Feature","geometry":{"type":"Point","coordinates":[51.80169,55.651549]},"properties":{"holder_names":"Ghan Thapa","holder_address":"28 Littlemore Road , Oxford, OX4 3SU","property_count":1}},{"type":"Feature","geometry":{"type":"Point","coordinates":[-1.834693,51.573859]},"properties":{"holder_names":"Muhammad Shafiq","holder_address":"5 Beechey Avenue Marston, Oxford, OX3 0JU","property_count":1}},{"type":"Feature","geometry":{"type":"Point","coordinates":[-0.911485,53.383984]},"properties":{"holder_names":"Mohammad Dogar","holder_address":"68 Iffley Turn , Oxford, ox4 4hn","property_count":1}},{"type":"Feature","geometry":{"type":"Point","coordinates":[-1.834693,51.573859]},"properties":{"holder_names":"Sandeep Jayawant","holder_address":"5 Boults Close , Oxford, OX3 0PP","property_count":1}},{"type":"Feature","geometry":{"type":"Point","coordinates":[24.177345,54.350696]},"properties":{"holder_names":"Bethan Willis","holder_address":"33 Jack Straws Lane Headington, Oxford, OX3 0DL","property_count":1}},{"type":"Feature","geometry":{"type":"Point","coordinates":[-1.13582,52.956435]},"properties":{"holder_names":"Weiheng Su","holder_address":"10 Turner Close , Oxford, OX4 2UA","property_count":1}},{"type":"Feature","geometry":{"type":"Point","coordinates":[-3.18266,51.660093]},"properties":{"holder_names":"Rubina Khan","holder_address":"24 Weldon Road Marston, Oxford, OX3 0HP","property_count":1}},{"type":"Feature","geometry":{"type":"Point","coordinates":[51.80169,55.651549]},"properties":{"holder_names":"Asha Lal; Sunil Lal","holder_address":"28 Newton Road , Oxford, OX1 4PT","property_count":2}},{"type":"Feature","geometry":{"type":"Point","coordinates":[-1.369989,51.3964]},"properties":{"holder_names":"Chinese Gospel Church Oxford (Norman Lee)","holder_address":"82 Frenchay Road , Oxford, OX2 6TF","property_count":1}},{"type":"Feature","geometry":{"type":"Point","coordinates":[-0.067858,51.472743]},"properties":{"holder_names":"Beena Chilimbathu Soy","holder_address":"3 Kennedy Close , Oxford, OX4 2UH","property_count":1}},{"type":"Feature","geometry":{"type":"Point","coordinates":[-1.13582,52.956435]},"properties":{"holder_names":"Tunde Oshilesi","holder_address":"10 Firs Meadow , Oxford, OX4 7GR","property_count":1}},{"type":"Feature","geometry":{"type":"Point","coordinates":[-1.815598,51.562237]},"properties":{"holder_names":"Littlemore Baptist Church (Tony Naudi)","holder_address":"23 Lawn Upton Close , Oxford, OX4 4QF","property_count":1}},{"type":"Feature","geometry":{"type":"Point","coordinates":[-1.186209,51.751906]},"properties":{"holder_names":"Tracy Howell","holder_address":"Far Outlook, Old Road Shotover Hill, Headington, Oxford, OX3  8TA","property_count":1}},{"type":"Feature","geometry":{"type":"Point","coordinates":[24.177345,54.350696]},"properties":{"holder_names":"Jennifer Mainstone","holder_address":"33 Ash Grove Headington, Oxford, OX3 9JN","property_count":2}},{"type":"Feature","geometry":{"type":"Point","coordinates":[-5.237564,56.711941]},"properties":{"holder_names":"Kay Lambourne","holder_address":"74 Arlington Drive Marston, Oxford, OX3 0SJ","property_count":1}},{"type":"Feature","geometry":{"type":"Point","coordinates":[3.871821,43.840858]},"properties":{"holder_names":"Dovie Hechanova","holder_address":"34 Malford Road Headington, Oxford, OX3 8BS","property_count":1}},{"type":"Feature","geometry":{"type":"Point","coordinates":[-0.352938,51.814955]},"properties":{"holder_names":"Andrea MARGARET RUSHTON","holder_address":"6 Greyhound View Sandy Lane, Oxford, OX4 6FD","property_count":1}},{"type":"Feature","geometry":{"type":"Point","coordinates":[-1.318454,51.386206]},"properties":{"holder_names":"Karen George","holder_address":"7 East Street , Oxford, OX2 0AU","property_count":1}},{"type":"Feature","geometry":{"type":"Point","coordinates":[44.749294,48.794839]},"properties":{"holder_names":"Sharif Khan","holder_address":"37 Churchill Road , Oxford, OX4 3SG","property_count":1}},{"type":"Feature","geometry":{"type":"Point","coordinates":[-0.477486,52.151361]},"properties":{"holder_names":"Phoebe Chen","holder_address":"16 Thames Street , Oxford, OX1 1TS","property_count":3}},{"type":"Feature","geometry":{"type":"Point","coordinates":[51.80169,55.651549]},"properties":{"holder_names":"Edmund Reci","holder_address":"28 Marsh Lane Headington, Oxford, OX3 0NG","property_count":1}},{"type":"Feature","geometry":{"type":"Point","coordinates":[-0.931568,51.461421]},"properties":{"holder_names":"Fredi Shima","holder_address":"1 Kestrel Crescent , Oxford, OX4 6DX","property_count":8}},{"type":"Feature","geometry":{"type":"Point","coordinates":[-1.441281,52.395695]},"properties":{"holder_names":"Catherine Hooton","holder_address":"4 Southcroft Marston, Oxford, OX3 0PF","property_count":1}},{"type":"Feature","geometry":{"type":"Point","coordinates":[-1.221994,51.748338]},"properties":{"holder_names":"Matthew Croot","holder_address":"55 Hill Top Road , Oxford, OX4 1PD","property_count":3}},{"type":"Feature","geometry":{"type":"Point","coordinates":[141.433489,40.547494]},"properties":{"holder_names":"Om Dutt","holder_address":"29 Weldon Road Marston, Oxford, OX3 0HP","property_count":1}},{"type":"Feature","geometry":{"type":"Point","coordinates":[-1.2863,51.746688]},"properties":{"holder_names":"Olisa Okeke","holder_address":"118 North Hinksey Lane , Oxford, OX2 0LY","property_count":2}},{"type":"Feature","geometry":{"type":"Point","coordinates":[-0.478671,52.151284]},"properties":{"holder_names":"Edward Denton","holder_address":"14 Fox Crescent , Oxford, OX1 4UX","property_count":1}},{"type":"Feature","geometry":{"type":"Point","coordinates":[-1.212424,51.729448]},"properties":{"holder_names":"Tariq Mahmood","holder_address":"44 Dodgson Road , Oxford, OX4 3QS","property_count":1}},{"type":"Feature","geometry":{"type":"Point","coordinates":[-1.441281,52.395695]},"properties":{"holder_names":"Meifang Ouyang","holder_address":"4 Woodcroft Kennington, Oxford, OX1 5NH","property_count":1}},{"type":"Feature","geometry":{"type":"Point","coordinates":[33.442262,49.131697]},"properties":{"holder_names":"Richard Smith","holder_address":"50 Franklin Road Headington, Oxford, OX3 7SA","property_count":1}},{"type":"Feature","geometry":{"type":"Point","coordinates":[1.150201,52.214443]},"properties":{"holder_names":"Yanyan Jiang","holder_address":"41A, Eden Drive Headington, Oxford, OX3 0AD","property_count":1}},{"type":"Feature","geometry":{"type":"Point","coordinates":[-1.214361,51.761197]},"properties":{"holder_names":"Stephen Bianchini","holder_address":"47 Osler Road Headington, Oxford, OX3 9BH","property_count":1}},{"type":"Feature","geometry":{"type":"Point","coordinates":[-0.47783,52.151799]},"properties":{"holder_names":"Margaret Louise Morgan","holder_address":"19 Iffley Road , Oxford, OX4 1EA","property_count":1}},{"type":"Feature","geometry":{"type":"Point","coordinates":[-0.47783,52.151799]},"properties":{"holder_names":"Joanna Willis-Bund","holder_address":"19 Farndon Road , Oxford, OX2 6RT","property_count":2}},{"type":"Feature","geometry":{"type":"Point","coordinates":[-0.426626,51.417531]},"properties":{"holder_names":"Ahmed Attia","holder_address":"9 Cinnaminta Road Headington, Oxford, OX3 7JB","property_count":3}},{"type":"Feature","geometry":{"type":"Point","coordinates":[1.170733,49.213836]},"properties":{"holder_names":"Freeholder (Brenda Williams)","holder_address":"27 Barns Road , Oxford, OX4 3QY","property_count":1}},{"type":"Feature","geometry":{"type":"Point","coordinates":[-1.247886,51.392607]},"properties":{"holder_names":"Arjunan Arul","holder_address":"90 The Avenue Kennington, Oxford, OX1 5RJ","property_count":3}},{"type":"Feature","geometry":{"type":"Point","coordinates":[-1.208122,51.757536]},"properties":{"holder_names":"Mehtabunisa Currey","holder_address":"C Langley Court, Langley Close Headington, Oxford, OX3 7DH","property_count":1}},{"type":"Feature","geometry":{"type":"Point","coordinates":[-1.815598,51.562237]},"properties":{"holder_names":"Brooke Taboada","holder_address":"23 Hollow Way Cowley, Oxford, OX4 2NA","property_count":1}},{"type":"Feature","geometry":{"type":"Point","coordinates":[1.170733,49.213836]},"properties":{"holder_names":"Zoe Tarrant","holder_address":"27 Stephen Road Headington, Oxford, OX3 9AY","property_count":1}},{"type":"Feature","geometry":{"type":"Point","coordinates":[0.180868,51.870642]},"properties":{"holder_names":"Imran Iqbal","holder_address":"13 Valentia Road Headington, Oxford, OX3 7PN","property_count":1}},{"type":"Feature","geometry":{"type":"Point","coordinates":[-0.47783,52.151799]},"properties":{"holder_names":"Kim Wicker","holder_address":"19 Spring Lane Littlemore, Oxford, OX4 6LF","property_count":1}},{"type":"Feature","geometry":{"type":"Point","coordinates":[-1.402052,50.941462]},"properties":{"holder_names":"Alison Peacock","holder_address":"58 Home Close Wolvercote, Oxford, OX2 8PT","property_count":1}},{"type":"Feature","geometry":{"type":"Point","coordinates":[7.102596,50.699772]},"properties":{"holder_names":"Alison Talbert","holder_address":"41 Arnold Road , Oxford, OX4 4BH","property_count":1}},{"type":"Feature","geometry":{"type":"Point","coordinates":[-1.339887,52.852046]},"properties":{"holder_names":"Merelina Patel","holder_address":"25 York Avenue, Oxford, OX3 8NS","property_count":1}},{"type":"Feature","geometry":{"type":"Point","coordinates":[13.111386,45.665982]},"properties":{"holder_names":"Nicola Hull","holder_address":"36 Oxford Road Old Marston, Oxford, OX3 0PQ","property_count":1}},{"type":"Feature","geometry":{"type":"Point","coordinates":[-1.441281,52.395695]},"properties":{"holder_names":"Lucy Peel","holder_address":"4 The Winnyards Cumnor, Oxford, OX2 9RJ","property_count":1}},{"type":"Feature","geometry":{"type":"Point","coordinates":[-1.251926,51.736653]},"properties":{"holder_names":"Maria Gomes Mendes","holder_address":"Flat B 270 Abingdon Road, Oxford, OX1 4TA","property_count":1}},{"type":"Feature","geometry":{"type":"Point","coordinates":[-1.278012,51.75108]},"properties":{"holder_names":"Marcos Lameirao","holder_address":"44 Alexandra Road , Oxford, OX2 0DB","property_count":1}},{"type":"Feature","geometry":{"type":"Point","coordinates":[141.433489,40.547494]},"properties":{"holder_names":"Lydia Aigbe-Elvis","holder_address":"29 Woodpecker Green , Oxford, OX4 7QW","property_count":1}},{"type":"Feature","geometry":{"type":"Point","coordinates":[3.881323,43.974931]},"properties":{"holder_names":"Claudia Cooper","holder_address":"30 Regent Street , Oxford, OX4 1QX","property_count":1}},{"type":"Feature","geometry":{"type":"Point","coordinates":[44.750717,48.797059]},"properties":{"holder_names":"Phan Thapa","holder_address":"26 St. Omer Road , Oxford, OX4 3HB","property_count":1}},{"type":"Feature","geometry":{"type":"Point","coordinates":[-1.441281,52.395695]},"properties":{"holder_names":"Faryad Ali","holder_address":"4 Clive Road , Oxford, OX4 3EJ","property_count":1}},{"type":"Feature","geometry":{"type":"Point","coordinates":[-1.236749,51.728513]},"properties":{"holder_names":"Mary Tate","holder_address":"107 Church Way , Oxford, OX4 4EG","property_count":1}},{"type":"Feature","geometry":{"type":"Point","coordinates":[-1.237465,51.728474]},"properties":{"holder_names":"Mary Tate; The Tate Family Trust","holder_address":"107 Church Way Iffley, Oxford, OX4 4EG","property_count":2}},{"type":"Feature","geometry":{"type":"Point","coordinates":[-1.203121,51.73638]},"properties":{"holder_names":"Gurprem Singh Daudher; Sarabjit Kaur Daudhar","holder_address":"55 White Road , Oxford, OX4 2JL","property_count":5}},{"type":"Feature","geometry":{"type":"Point","coordinates":[-1.231696,51.734606]},"properties":{"holder_names":"Robert Allan Eric Bull","holder_address":"flat 3 churchlands house 17 henley Avenue, Oxford, ox4 4dj","property_count":1}},{"type":"Feature","geometry":{"type":"Point","coordinates":[-1.145139,52.947233]},"properties":{"holder_names":"AT Horses Family Assets UK Limited (Leon Tsang); Top Trade (UK) Corporation Limited (Leon Tsang)","holder_address":"20B Cave Street, Oxford, OX4 1BA","property_count":2}},{"type":"Feature","geometry":{"type":"Point","coordinates":[-1.834693,51.573859]},"properties":{"holder_names":"Desiree May Annette Choi","holder_address":"5 Little Acreage Marston, Oxford, OX3 0PS","property_count":1}},{"type":"Feature","geometry":{"type":"Point","coordinates":[-0.479106,52.151138]},"properties":{"holder_names":"Michael Colley","holder_address":"11 York Road Headington, Oxford, OX3 8NR","property_count":1}},{"type":"Feature","geometry":{"type":"Point","coordinates":[-1.231696,51.734606]},"properties":{"holder_names":"Robert Allan Eric Bull; Robert Bull","holder_address":"Flat 3, Churchlands House Henley Avenue, Oxford, OX4 4DJ","property_count":5}},{"type":"Feature","geometry":{"type":"Point","coordinates":[7.102074,50.699777]},"properties":{"holder_names":"Janet Greenland","holder_address":"40 Woodstock Close , Oxford, OX2 8DB","property_count":2}},{"type":"Feature","geometry":{"type":"Point","coordinates":[-0.47783,52.151799]},"properties":{"holder_names":"Katharine Robinson","holder_address":"19 Linton Road , Oxford, OX2 6UL","property_count":1}},{"type":"Feature","geometry":{"type":"Point","coordinates":[-0.477338,52.150429]},"properties":{"holder_names":"ABBAS YOUNUS","holder_address":"2 grays road headington, oxford, OX3 7QA","property_count":1}},{"type":"Feature","geometry":{"type":"Point","coordinates":[-0.067858,51.472743]},"properties":{"holder_names":"Muhammad Younis","holder_address":"3 Herschel Crescent , Oxford, OX4 3TS","property_count":1}},{"type":"Feature","geometry":{"type":"Point","coordinates":[-0.931568,51.461421]},"properties":{"holder_names":"Louise Murphy","holder_address":"1 Swinbourne Road Littlemore, Oxford, OX4 4PQ","property_count":2}},{"type":"Feature","geometry":{"type":"Point","coordinates":[-1.241135,51.70829]},"properties":{"holder_names":"Philip Millard","holder_address":"168 Poplar Grove Kennington, Oxford, OX1 5QT","property_count":2}},{"type":"Feature","geometry":{"type":"Point","coordinates":[-0.067858,51.472743]},"properties":{"holder_names":"Taslim Khan","holder_address":"3 Lambourn Road , Oxford, OX4 4SB","property_count":1}},{"type":"Feature","geometry":{"type":"Point","coordinates":[121.117045,14.585663]},"properties":{"holder_names":"Sonia Damney","holder_address":"60 Kelburne Road , Oxford, OX4 3SH","property_count":1}},{"type":"Feature","geometry":{"type":"Point","coordinates":[-1.834693,51.573859]},"properties":{"holder_names":"Meliorism Limited; Srinivas Gada","holder_address":"5 Abberbury Avenue, Oxford, OX4 4EU","property_count":3}},{"type":"Feature","geometry":{"type":"Point","coordinates":[-0.426591,51.417397]},"properties":{"holder_names":"Mark Ginsburg","holder_address":"8 Kenilworth Avenue , Oxford, OX4 2AN","property_count":1}},{"type":"Feature","geometry":{"type":"Point","coordinates":[28.22433,61.055625]},"properties":{"holder_names":"Ben Meadows","holder_address":"31 Newman Road , Oxford, OX4 3UJ","property_count":1}},{"type":"Feature","geometry":{"type":"Point","coordinates":[-1.215806,51.757849]},"properties":{"holder_names":"Gwenyth Dyer","holder_address":"Flat 14, McMaster House Latimer Road, Headington, Oxford,  OX3 7PX","property_count":1}},{"type":"Feature","geometry":{"type":"Point","coordinates":[-1.285089,51.74549]},"properties":{"holder_names":"Kirpal Thapar","holder_address":"Hinksey House North Hinksey Village, Oxford, OX2 0NA","property_count":1}},{"type":"Feature","geometry":{"type":"Point","coordinates":[-0.670007,51.477934]},"properties":{"holder_names":"Fareeda Jabbar","holder_address":"54 Westbury Crescent, Oxford, Ox4 3sa","property_count":1}},{"type":"Feature","geometry":{"type":"Point","coordinates":[-0.478887,52.151212]},"properties":{"holder_names":"Clive Siviour","holder_address":"12 Cornwallis Close , Oxford, OX4 3NJ","property_count":1}},{"type":"Feature","geometry":{"type":"Point","coordinates":[-1.392745,51.40087]},"properties":{"holder_names":"Altaf Hussain","holder_address":"81 Lytton Road , Oxford, OX4 3NY","property_count":1}},{"type":"Feature","geometry":{"type":"Point","coordinates":[-3.020432,51.64465]},"properties":{"holder_names":"Clare Parker","holder_address":"20 Chester Street , Oxford, OX4 1SN","property_count":1}},{"type":"Feature","geometry":{"type":"Point","coordinates":[1.072641,51.297469]},"properties":{"holder_names":"Paul Dale-Harris; Wendy Twist","holder_address":"19A, Ferry Road Marston, Oxford, OX3 0ET","property_count":2}},{"type":"Feature","geometry":{"type":"Point","coordinates":[-1.568537,51.404951]},"properties":{"holder_names":"Hien Thi Minh Le","holder_address":"69 Cornwallis Road , Oxford, OX4 3NN","property_count":1}},{"type":"Feature","geometry":{"type":"Point","coordinates":[51.80169,55.651549]},"properties":{"holder_names":"Hansa Fatania","holder_address":"28 Arlington Drive Marston, Oxford, OX3 0SH","property_count":2}},{"type":"Feature","geometry":{"type":"Point","coordinates":[-1.255671,51.745871]},"properties":{"holder_names":"Caroline Rehder","holder_address":"29 Burford Lodge, Pegasus Grange White House Road, Oxford,  OX1 4QG","property_count":2}},{"type":"Feature","geometry":{"type":"Point","coordinates":[-1.232892,51.743241]},"properties":{"holder_names":"Sterling Lettings and Management ltd (Abdul Shakoor)","holder_address":"126 Magdalen Road , Oxford, OX4 1RJ","property_count":1}},{"type":"Feature","geometry":{"type":"Point","coordinates":[-1.13582,52.956435]},"properties":{"holder_names":"Dwell Oxford Ltd (Iain Stuart Waddington)","holder_address":"10 Cornwallis Close , Oxford, OX4 3NJ","property_count":3}},{"type":"Feature","geometry":{"type":"Point","coordinates":[-5.235979,56.713484]},"properties":{"holder_names":"David Mackie","holder_address":"52 Lake Street , Oxford, OX1 4RR","property_count":1}},{"type":"Feature","geometry":{"type":"Point","coordinates":[-3.020432,51.64465]},"properties":{"holder_names":"Velma Shallow","holder_address":"20 Swinbourne Road , Oxford, OX4 4PQ","property_count":1}},{"type":"Feature","geometry":{"type":"Point","coordinates":[-1.560836,52.385565]},"properties":{"holder_names":"William Olphert","holder_address":"2 Finmore Road , Oxford, OX2 9AE","property_count":1}},{"type":"Feature","geometry":{"type":"Point","coordinates":[-0.479106,52.151138]},"properties":{"holder_names":"Richard Wigmore","holder_address":"11 Harpes Road , Oxford, OX2 7QJ","property_count":1}},{"type":"Feature","geometry":{"type":"Point","coordinates":[0.126263,51.470961]},"properties":{"holder_names":"Elaine Guney","holder_address":"53 Lakeside , Oxford, OX2 8JQ","property_count":1}},{"type":"Feature","geometry":{"type":"Point","coordinates":[-1.815598,51.562237]},"properties":{"holder_names":"James Hartzell","holder_address":"23 Kingston Road , Oxford, OX2 6RQ","property_count":1}},{"type":"Feature","geometry":{"type":"Point","coordinates":[-1.236749,51.728513]},"properties":{"holder_names":"Mary Tate","holder_address":"107 Church Way, Oxford, OX4 4EG","property_count":1}},{"type":"Feature","geometry":{"type":"Point","coordinates":[-1.834693,51.573859]},"properties":{"holder_names":"Kastriot Saliaj","holder_address":"5 Wilkins Road , Oxford, OX4 2HY","property_count":1}},{"type":"Feature","geometry":{"type":"Point","coordinates":[0.500925,51.392265]},"properties":{"holder_names":"Margaret Finn","holder_address":"70 Rymers Lane , Oxford, OX4 3LB","property_count":1}},{"type":"Feature","geometry":{"type":"Point","coordinates":[-1.191437,51.761168]},"properties":{"holder_names":"Jeffrey Pitt","holder_address":"101 Stanway Road Headington, Oxford, OX3 8HY","property_count":1}},{"type":"Feature","geometry":{"type":"Point","coordinates":[0.573402,51.36574]},"properties":{"holder_names":"Rodney Bayliss","holder_address":"22 Simpsons Way Kennington, Oxford, OX1 5RZ","property_count":1}},{"type":"Feature","geometry":{"type":"Point","coordinates":[-0.426626,51.417531]},"properties":{"holder_names":"Mark Bell","holder_address":"9 Burdell Avenue Headington, Oxford, OX3 8EE","property_count":1}},{"type":"Feature","geometry":{"type":"Point","coordinates":[-1.21148,51.793888]},"properties":{"holder_names":"Andrew Lockhart","holder_address":"Forest Farm Elsfield, Oxford, OX3 9UW","property_count":2}},{"type":"Feature","geometry":{"type":"Point","coordinates":[-0.352938,51.814955]},"properties":{"holder_names":"John Cleaver","holder_address":"6 Shirelake Close , Oxford, OX1 1SN","property_count":1}},{"type":"Feature","geometry":{"type":"Point","coordinates":[-1.13582,52.956435]},"properties":{"holder_names":"Tim Watkins","holder_address":"10 Abingdon Road Cumnor, Oxford, OX2 9QN","property_count":1}},{"type":"Feature","geometry":{"type":"Point","coordinates":[-1.223043,51.733028]},"properties":{"holder_names":"Aferdita Jaupi; aferdita jaupi; ardit jaupi","holder_address":"55 Campbell Road , Oxford, OX4 3PG","property_count":4}},{"type":"Feature","geometry":{"type":"Point","coordinates":[-1.274977,51.783739]},"properties":{"holder_names":"Sandra Crampton Smith","holder_address":"340 Woodstock Road , Oxford, OX2 7NS","property_count":1}},{"type":"Feature","geometry":{"type":"Point","coordinates":[-1.227042,51.733468]},"properties":{"holder_names":"Lucie Mayer","holder_address":"96 Campbell Road, Oxford, OX4 3NU","property_count":1}},{"type":"Feature","geometry":{"type":"Point","coordinates":[0.180868,51.870642]},"properties":{"holder_names":"Caroline Gow","holder_address":"13 Freelands Road , Oxford, OX4 4BT","property_count":1}},{"type":"Feature","geometry":{"type":"Point","coordinates":[-0.911485,53.383984]},"properties":{"holder_names":"Declan Cuddy","holder_address":"68 Stanway Road Headington, Oxford, OX3 8HX","property_count":1}},{"type":"Feature","geometry":{"type":"Point","coordinates":[-1.815598,51.562237]},"properties":{"holder_names":"Louise Wood","holder_address":"23 Anne Greenwood Close , Oxford, OX4 4DN","property_count":1}},{"type":"Feature","geometry":{"type":"Point","coordinates":[-1.137477,51.400192]},"properties":{"holder_names":"Charlotte Buxton","holder_address":"95 The Avenue Kennington, Oxford, OX1 5PR","property_count":1}},{"type":"Feature","geometry":{"type":"Point","coordinates":[-1.401812,51.400843]},"properties":{"holder_names":"Muhammad Malik","holder_address":"80 Stanway Road Headington, Oxford, OX3 8HX","property_count":1}},{"type":"Feature","geometry":{"type":"Point","coordinates":[-5.284179,50.255035]},"properties":{"holder_names":"Ursel Stredwick","holder_address":"71A, London Road Headington, Oxford, OX3 9AA","property_count":1}},{"type":"Feature","geometry":{"type":"Point","coordinates":[13.111386,45.665982]},"properties":{"holder_names":"Patrick McCarthy","holder_address":"36 Brake Hill , Oxford, OX4 7BY","property_count":1}},{"type":"Feature","geometry":{"type":"Point","coordinates":[-0.477741,52.151645]},"properties":{"holder_names":"Kathryn Poulter,","holder_address":"18 Delamare Way, Oxford, OX2 9HZ","property_count":1}},{"type":"Feature","geometry":{"type":"Point","coordinates":[-0.931568,51.461421]},"properties":{"holder_names":"Philip Gerard Smith","holder_address":"1 Northfield Farm Cottage Wytham, Oxford, OX2 8QJ","property_count":1}},{"type":"Feature","geometry":{"type":"Point","coordinates":[-0.067858,51.472743]},"properties":{"holder_names":"Binod Thapa Chhetri; Deepa Thapa Chhetri","holder_address":"3 Fairfax Road , Oxford, OX4 2QG","property_count":2}},{"type":"Feature","geometry":{"type":"Point","coordinates":[-0.352938,51.814955]},"properties":{"holder_names":"Jijo Thomas","holder_address":"6 Titup Hall Drive Headington, Oxford, OX3 8QF","property_count":1}},{"type":"Feature","geometry":{"type":"Point","coordinates":[141.433489,40.547494]},"properties":{"holder_names":"Harry Fletcher","holder_address":"29 Hayward Road , Oxford, OX2 8LN","property_count":2}},{"type":"Feature","geometry":{"type":"Point","coordinates":[-5.237835,56.711572]},"properties":{"holder_names":"xu geng","holder_address":"77 Herschel Crescent , Oxford, OX4 3TT","property_count":1}},{"type":"Feature","geometry":{"type":"Point","coordinates":[-0.426626,51.417531]},"properties":{"holder_names":"Wanling Song","holder_address":"9 Magdalen Road , Oxford, OX4 1RW","property_count":1}},{"type":"Feature","geometry":{"type":"Point","coordinates":[141.433489,40.547494]},"properties":{"holder_names":"Ian Buckle","holder_address":"29 Yeftly Drive Littlemore, Oxford, OX4 4XS","property_count":1}},{"type":"Feature","geometry":{"type":"Point","coordinates":[-0.478887,52.151212]},"properties":{"holder_names":"Sonila Ruci","holder_address":"12 Brookfield Crescent Headington, Oxford, OX3 0AZ","property_count":1}},{"type":"Feature","geometry":{"type":"Point","coordinates":[68.339014,43.283425]},"properties":{"holder_names":"Claire Boyns","holder_address":"61 Hill Top Road , Oxford, OX4 1PD","property_count":1}},{"type":"Feature","geometry":{"type":"Point","coordinates":[-1.583671,51.391997]},"properties":{"holder_names":"Jonathan Dennis","holder_address":"67 Staunton Road Headington, Oxford, OX3 7TL","property_count":1}},{"type":"Feature","geometry":{"type":"Point","coordinates":[121.117045,14.585663]},"properties":{"holder_names":"Novello Properties; Novello Properties Ltd (Novello Properties)","holder_address":"60 Cranham Street , Oxford, OX2 6DD","property_count":3}},{"type":"Feature","geometry":{"type":"Point","coordinates":[-0.679788,51.481023]},"properties":{"holder_names":"Richard Way","holder_address":"52 Elizabeth Jennings Way , Oxford, OX2 7BN","property_count":1}},{"type":"Feature","geometry":{"type":"Point","coordinates":[-1.392745,51.40087]},"properties":{"holder_names":"Ejaz Khan","holder_address":"81 Horspath Road , Oxford, ox4 2qp","property_count":1}},{"type":"Feature","geometry":{"type":"Point","coordinates":[7.102596,50.699772]},"properties":{"holder_names":"Leeona Bermingham","holder_address":"41 Saunders Road , Oxford, OX4 2EF","property_count":1}},{"type":"Feature","geometry":{"type":"Point","coordinates":[0.856938,52.484023]},"properties":{"holder_names":"Mingyu Chen","holder_address":"84 Rose Hill , Oxford, OX4 4HX","property_count":1}},{"type":"Feature","geometry":{"type":"Point","coordinates":[-1.13582,52.956435]},"properties":{"holder_names":"anjum ahmed","holder_address":"10 White Hart Old Marston, Oxford, OX3 0PL","property_count":2}},{"type":"Feature","geometry":{"type":"Point","coordinates":[-1.441281,52.395695]},"properties":{"holder_names":"David Lynne Jones","holder_address":"4 Hamilton Road , Oxford, OX2 7PZ","property_count":1}},{"type":"Feature","geometry":{"type":"Point","coordinates":[-0.426626,51.417531]},"properties":{"holder_names":"Pihu Properties Ltd (Tapan Chowdhry)","holder_address":"9 Inott Furze Headington, Oxford, OX3 7ES","property_count":1}},{"type":"Feature","geometry":{"type":"Point","coordinates":[-1.237308,51.776966]},"properties":{"holder_names":"Stephanie Bullock","holder_address":"Church Farm, Church Lane Marston, Oxford, OX3 0PT","property_count":1}},{"type":"Feature","geometry":{"type":"Point","coordinates":[-0.477338,52.150429]},"properties":{"holder_names":"George Allison","holder_address":"2 Bears Hedge , Oxford, OX4 4JJ","property_count":1}},{"type":"Feature","geometry":{"type":"Point","coordinates":[-0.106403,51.599065]},"properties":{"holder_names":"Borica Stojanovic","holder_address":"79 Hamilton Road , Oxford, OX2 7QA","property_count":1}},{"type":"Feature","geometry":{"type":"Point","coordinates":[3.881323,43.974931]},"properties":{"holder_names":"Katherine Hannah Marshall","holder_address":"30 Jewell Street Headington, Oxford, OX3 9GZ","property_count":1}},{"type":"Feature","geometry":{"type":"Point","coordinates":[-1.537529,53.588069]},"properties":{"holder_names":"Weixian Lu","holder_address":"38 Raymund Road, Oxford, OX3 0SW","property_count":1}},{"type":"Feature","geometry":{"type":"Point","coordinates":[-0.477338,52.150429]},"properties":{"holder_names":"Hugh Charles","holder_address":"2 Marshall Road Cowley, Oxford, OX4 2NR","property_count":1}},{"type":"Feature","geometry":{"type":"Point","coordinates":[-0.674906,51.482575]},"properties":{"holder_names":"paul thrower","holder_address":"54 Fern Hill Road , Oxford, OX4 2JP","property_count":1}},{"type":"Feature","geometry":{"type":"Point","coordinates":[-1.834693,51.573859]},"properties":{"holder_names":"Christopher Barrie","holder_address":"5 Lewis Close Headington, Oxford, OX3 8JD","property_count":1}},{"type":"Feature","geometry":{"type":"Point","coordinates":[15.970028,45.79777]},"properties":{"holder_names":"Peter dring","holder_address":"21 Hendred Street , Oxford, OX4 2EE","property_count":1}},{"type":"Feature","geometry":{"type":"Point","coordinates":[-1.441281,52.395695]},"properties":{"holder_names":"Usha Masih","holder_address":"4 Upper Road Kennington, Oxford, OX1 5LJ","property_count":1}},{"type":"Feature","geometry":{"type":"Point","coordinates":[139.536566,36.246112]},"properties":{"holder_names":"Philip Cullum","holder_address":"57 Stratford Street , Oxford, OX4 1SP","property_count":1}},{"type":"Feature","geometry":{"type":"Point","coordinates":[-0.931568,51.461421]},"properties":{"holder_names":"Stefania Costa Zaccarelli","holder_address":"1 Old Marston Road Marston, Oxford, OX3 0JR","property_count":1}},{"type":"Feature","geometry":{"type":"Point","coordinates":[44.005361,36.206077]},"properties":{"holder_names":"Omar Nawaz","holder_address":"43 Hawthorn Avenue Headington, Oxford, OX3 9JQ","property_count":1}},{"type":"Feature","geometry":{"type":"Point","coordinates":[-0.944201,51.457182]},"properties":{"holder_names":"Simon Walshaw","holder_address":"59 Western Road, Oxford, OX1 4LF","property_count":1}},{"type":"Feature","geometry":{"type":"Point","coordinates":[-1.583671,51.391997]},"properties":{"holder_names":"IMDAD ALI","holder_address":"67 Ridgefield Road , Oxford, OX4 3BX","property_count":1}},{"type":"Feature","geometry":{"type":"Point","coordinates":[-0.478671,52.151284]},"properties":{"holder_names":"Huaidong Du; Jianjun Xie","holder_address":"14 Gorse Leas Headington, Oxford, OX3 9DJ","property_count":2}},{"type":"Feature","geometry":{"type":"Point","coordinates":[-0.944201,51.457182]},"properties":{"holder_names":"Andre Henriques","holder_address":"59 Fairacres Road , Oxford, OX4 1TQ","property_count":1}},{"type":"Feature","geometry":{"type":"Point","coordinates":[51.80169,55.651549]},"properties":{"holder_names":"Yun Li","holder_address":"28 York Avenue Headington, Oxford, OX3 8NS","property_count":1}},{"type":"Feature","geometry":{"type":"Point","coordinates":[-0.478671,52.151284]},"properties":{"holder_names":"Jun Zhang","holder_address":"14 Lucerne Road , oxford, Ox2 7qb","property_count":1}},{"type":"Feature","geometry":{"type":"Point","coordinates":[-1.441281,52.395695]},"properties":{"holder_names":"David Atkinson","holder_address":"4 Hayward Road , Oxford, OX2 8LW","property_count":3}},{"type":"Feature","geometry":{"type":"Point","coordinates":[-0.47783,52.151799]},"properties":{"holder_names":"Zhuo Yu","holder_address":"19 Harberton Mead Headington, Oxford, OX3 0DB","property_count":1}},{"type":"Feature","geometry":{"type":"Point","coordinates":[-1.229061,51.73552]},"properties":{"holder_names":"james cose","holder_address":"207 Campbell Road , Oxford, OX4 3NS","property_count":1}},{"type":"Feature","geometry":{"type":"Point","coordinates":[-1.233717,51.737407]},"properties":{"holder_names":"Ruth Adewuyi-Dalton","holder_address":"331 Iffley Road , Oxford, OX4 4DP","property_count":1}},{"type":"Feature","geometry":{"type":"Point","coordinates":[-1.228067,51.733246]},"properties":{"holder_names":"charlotte cose","holder_address":"137 Campbell Road , Oxford, OX4 3NX","property_count":1}},{"type":"Feature","geometry":{"type":"Point","coordinates":[23.819185,49.862409]},"properties":{"holder_names":"Anand John Rose","holder_address":"46 Poplar Grove Kennington, Oxford, OX1 5QW","property_count":1}},{"type":"Feature","geometry":{"type":"Point","coordinates":[13.111386,45.665982]},"properties":{"holder_names":"Sarah PARROTT","holder_address":"36 Temple Street , Oxford, OX4 1JS","property_count":1}},{"type":"Feature","geometry":{"type":"Point","coordinates":[-0.479106,52.151138]},"properties":{"holder_names":"Jan Skelton","holder_address":"11 Eyot Place , Oxford, OX4 1SA","property_count":1}},{"type":"Feature","geometry":{"type":"Point","coordinates":[-0.47846,52.151355]},"properties":{"holder_names":"Wenwei Zhang","holder_address":"15 Sandfield Road Headington, Oxford, OX3 7RN","property_count":1}},{"type":"Feature","geometry":{"type":"Point","coordinates":[139.536566,36.246112]},"properties":{"holder_names":"Farakh Hamid","holder_address":"57 Westbury Crescent , Oxford, OX4 3SA","property_count":1}},{"type":"Feature","geometry":{"type":"Point","coordinates":[-0.478887,52.151212]},"properties":{"holder_names":"Gowri Nagarajan","holder_address":"12 Arlington Drive Marston, Oxford, OX3 0SH","property_count":1}},{"type":"Feature","geometry":{"type":"Point","coordinates":[-1.339887,52.852046]},"properties":{"holder_names":"John Middleton","holder_address":"25 Langley Close Headington, Oxford, OX3 7DB","property_count":1}},{"type":"Feature","geometry":{"type":"Point","coordinates":[-1.181499,51.765271]},"properties":{"holder_names":"Caroline Bardouil","holder_address":"55 Delbush Avenue Headington, Oxford, OX3 8EA","property_count":1}},{"type":"Feature","geometry":{"type":"Point","coordinates":[-1.834693,51.573859]},"properties":{"holder_names":"Mohsan Rana; Mouazam Rana; Nasreen Rana; Sadia Khan","holder_address":"5 St Mary's Road , Oxford, OX4 1PX","property_count":4}},{"type":"Feature","geometry":{"type":"Point","coordinates":[-1.234777,51.742568]},"properties":{"holder_names":"Altaf Hussain","holder_address":"C/O 36 Magdalen Road , Oxford, OX4 1RB","property_count":1}},{"type":"Feature","geometry":{"type":"Point","coordinates":[51.80169,55.651549]},"properties":{"holder_names":"Accomod8 (Mohamed Qadir)","holder_address":"28 Champion Way , Oxford, OX4 4NS","property_count":1}},{"type":"Feature","geometry":{"type":"Point","coordinates":[13.111386,45.665982]},"properties":{"holder_names":"Martin Andrews","holder_address":"36 Collinwood Road Headington, Oxford, OX3 8HJ","property_count":1}},{"type":"Feature","geometry":{"type":"Point","coordinates":[15.970028,45.79777]},"properties":{"holder_names":"Robin Brownsill","holder_address":"21 Hosker Close Headington, Oxford, OX3 8EN","property_count":1}},{"type":"Feature","geometry":{"type":"Point","coordinates":[139.536566,36.246112]},"properties":{"holder_names":"Asad Iqbal","holder_address":"57 Crotch Crescent Marston, Oxford, OX3 0JL","property_count":2}},{"type":"Feature","geometry":{"type":"Point","coordinates":[0.573402,51.36574]},"properties":{"holder_names":"Mohammad Ramzan; Waheed Ramzan","holder_address":"22 Merewood Avenue Headington, Oxford, OX3 8EF","property_count":3}},{"type":"Feature","geometry":{"type":"Point","coordinates":[-1.255152,51.742441]},"properties":{"holder_names":"Johanna Bell Longmore","holder_address":"81C Abingdon Road, Oxford, OX1 4PR","property_count":2}},{"type":"Feature","geometry":{"type":"Point","coordinates":[-1.13582,52.956435]},"properties":{"holder_names":"Mohammed Afzal Khan","holder_address":"10 Weyland Road Headington, Oxford, OX3 8PD","property_count":1}},{"type":"Feature","geometry":{"type":"Point","coordinates":[-1.22168,51.739213]},"properties":{"holder_names":"Groom & Hornsby Limited (Robert James Hornsby)","holder_address":"Paint Services 496 Cowley Road, Oxford, OX4 2DP","property_count":1}},{"type":"Feature","geometry":{"type":"Point","coordinates":[-0.640755,51.731905]},"properties":{"holder_names":"Darrel Ross","holder_address":"48 Cherwell Drive Marston, Oxford, OX3 0LZ","property_count":1}},{"type":"Feature","geometry":{"type":"Point","coordinates":[-0.47846,52.151355]},"properties":{"holder_names":"shahid butt","holder_address":"15 Clive Road , Oxford, OX4 3EJ","property_count":2}},{"type":"Feature","geometry":{"type":"Point","coordinates":[-0.478887,52.151212]},"properties":{"holder_names":"Rewadee Anujapad","holder_address":"12 Crowell Road , Oxford, OX4 3LN","property_count":1}},{"type":"Feature","geometry":{"type":"Point","coordinates":[-0.477486,52.151361]},"properties":{"holder_names":"Kate Griffiths","holder_address":"16 North Hinksey Lane , Oxford, OX2 0LX","property_count":1}},{"type":"Feature","geometry":{"type":"Point","coordinates":[-1.332544,51.71899]},"properties":{"holder_names":"marie jelfs","holder_address":"Rocklea House, Faringdon Road Cumnor, Oxford, OX2 9QY","property_count":1}},{"type":"Feature","geometry":{"type":"Point","coordinates":[27.146994,38.436963]},"properties":{"holder_names":"Graham Ashdown","holder_address":"35 Warneford Road , Oxford, OX4 1LU","property_count":1}},{"type":"Feature","geometry":{"type":"Point","coordinates":[-0.47846,52.151355]},"properties":{"holder_names":"Mussarrat Bajwa","holder_address":"15 North Way Headington, Oxford, OX3 9ES","property_count":1}},{"type":"Feature","geometry":{"type":"Point","coordinates":[-0.067858,51.472743]},"properties":{"holder_names":"Holly Gardner","holder_address":"3 Thorncliffe Road , Oxford, OX2 7BA","property_count":1}},{"type":"Feature","geometry":{"type":"Point","coordinates":[-1.834693,51.573859]},"properties":{"holder_names":"Gaynor Humphrey","holder_address":"5 Burgess Mead , Oxford, OX2 6XP","property_count":2}},{"type":"Feature","geometry":{"type":"Point","coordinates":[-0.47783,52.151799]},"properties":{"holder_names":"Gerard Mcguinness; Linda Mcguinness","holder_address":"19 Cranmer Road , Oxford, OX4 2QA","property_count":2}},{"type":"Feature","geometry":{"type":"Point","coordinates":[-1.441281,52.395695]},"properties":{"holder_names":"trev Smith","holder_address":"4 Beech Road Headington, Oxford, OX3 7RR","property_count":1}},{"type":"Feature","geometry":{"type":"Point","coordinates":[-1.441281,52.395695]},"properties":{"holder_names":"Gabriel Amherst; Gabriel Margaret Amherst","holder_address":"4 West Street , Oxford, OX2 0BQ","property_count":2}},{"type":"Feature","geometry":{"type":"Point","coordinates":[44.749294,48.794839]},"properties":{"holder_names":"Diana McMahon","holder_address":"37 Hill View Road , Oxford, OX2 0DA","property_count":1}},{"type":"Feature","geometry":{"type":"Point","coordinates":[-3.18266,51.660093]},"properties":{"holder_names":"Raymond Bell","holder_address":"24 Latimer Road Headington, Oxford, OX3 7PF","property_count":1}},{"type":"Feature","geometry":{"type":"Point","coordinates":[0.573402,51.36574]},"properties":{"holder_names":"Patricia Ann Tipper","holder_address":"22 St. Lukes Road , Oxford, OX4 3JB","property_count":1}},{"type":"Feature","geometry":{"type":"Point","coordinates":[-1.537529,53.588069]},"properties":{"holder_names":"Tulasi Paudel","holder_address":"38 Dodgson Road , Oxford, OX4 3QS","property_count":1}},{"type":"Feature","geometry":{"type":"Point","coordinates":[1.724104,52.495452]},"properties":{"holder_names":"Aurora Perez Cornago; Breckon & Breckon Asset Management & Consultancy (Michelle  van den Houten)","holder_address":"294 Banbury Road, Oxford, OX2 7ED","property_count":5}},{"type":"Feature","geometry":{"type":"Point","coordinates":[-0.477741,52.151645]},"properties":{"holder_names":"wenshu lu","holder_address":"18 New High Street Headington, Oxford, OX3 7AQ","property_count":1}},{"type":"Feature","geometry":{"type":"Point","coordinates":[-1.258056,51.742102]},"properties":{"holder_names":"Harmesh Balu; Nealam Balu","holder_address":"119 Marlborough Road , Oxford, OX1 4LX","property_count":2}},{"type":"Feature","geometry":{"type":"Point","coordinates":[-0.47783,52.151799]},"properties":{"holder_names":"john Michael Vincent","holder_address":"19 Appleton Road Cumnor, Oxford, OX2 9QH","property_count":1}},{"type":"Feature","geometry":{"type":"Point","coordinates":[-0.640755,51.731905]},"properties":{"holder_names":"Busola Akande","holder_address":"48 Yarnells Hill , Oxford, OX2 9BE","property_count":1}},{"type":"Feature","geometry":{"type":"Point","coordinates":[-0.47783,52.151799]},"properties":{"holder_names":"Semen Trygubenko","holder_address":"19 Laurel Farm Close Headington, Oxford, OX3 9DN","property_count":1}},{"type":"Feature","geometry":{"type":"Point","coordinates":[-0.067858,51.472743]},"properties":{"holder_names":"Nissar Mohammed","holder_address":"3 The Slade Headington, Oxford, OX3 7HL","property_count":1}},{"type":"Feature","geometry":{"type":"Point","coordinates":[-1.834693,51.573859]},"properties":{"holder_names":"Elizabeth Hallam","holder_address":"5 Manor Road , Oxford, OX1 3UQ","property_count":1}},{"type":"Feature","geometry":{"type":"Point","coordinates":[-1.27157,51.781603]},"properties":{"holder_names":"Christopher Danziger; Ernest Christopher Danziger","holder_address":"312B Woodstock Road, Oxford, OX2 7NR","property_count":2}},{"type":"Feature","geometry":{"type":"Point","coordinates":[-3.433538,51.580429]},"properties":{"holder_names":"Nigel Finch","holder_address":"71A Crescent Road, Oxford, OX4 2NY","property_count":1}},{"type":"Feature","geometry":{"type":"Point","coordinates":[-0.426626,51.417531]},"properties":{"holder_names":"Josephine Lucy Stewart Hadjiev","holder_address":"9, Temple Mews 6 Temple Road, Oxford, OX4 2DY","property_count":1}},{"type":"Feature","geometry":{"type":"Point","coordinates":[44.749294,48.794839]},"properties":{"holder_names":"Alison Noel; Grace Gibbons","holder_address":"37 Harefields , Oxford, OX2 8HG","property_count":2}},{"type":"Feature","geometry":{"type":"Point","coordinates":[-3.18266,51.660093]},"properties":{"holder_names":"Daniel Thorp","holder_address":"24 Parker Street , Oxford, OX4 1TD","property_count":1}},{"type":"Feature","geometry":{"type":"Point","coordinates":[13.111386,45.665982]},"properties":{"holder_names":"Sandra Figgess","holder_address":"36 Southdale Road , Oxford, OX2 7SD","property_count":1}},{"type":"Feature","geometry":{"type":"Point","coordinates":[-1.402563,50.940795]},"properties":{"holder_names":"Marc Evans","holder_address":"79A Woodstock Road, Oxford, OX2 6HL","property_count":1}},{"type":"Feature","geometry":{"type":"Point","coordinates":[-0.47846,52.151355]},"properties":{"holder_names":"Ajud Mohammed","holder_address":"15 Shelley Road , Oxford, OX4 3EB","property_count":1}},{"type":"Feature","geometry":{"type":"Point","coordinates":[-1.238517,51.735595]},"properties":{"holder_names":"Rajinder Pal","holder_address":"55 Freelands Road , Oxford, OX4 4BS","property_count":2}},{"type":"Feature","geometry":{"type":"Point","coordinates":[-0.47783,52.151799]},"properties":{"holder_names":"Janet Wilson","holder_address":"19 Divinity Road , Oxford, OX4 1LH","property_count":1}},{"type":"Feature","geometry":{"type":"Point","coordinates":[-1.220024,51.738327]},"properties":{"holder_names":"Oxford Lettings (Mohammed Idrees)","holder_address":"226 Cowley Road Oxford , Cowley, OX4 1UH","property_count":1}},{"type":"Feature","geometry":{"type":"Point","coordinates":[-1.241862,51.750138]},"properties":{"holder_names":"Diamond estates and homes (Lewis McMahon)","holder_address":"93 St. Clements street, oxford, ox4 1ar","property_count":1}},{"type":"Feature","geometry":{"type":"Point","coordinates":[-1.221606,51.756552]},"properties":{"holder_names":"Adrian Robinson","holder_address":"218 Headington Road Headington, Oxford, OX3 7PS","property_count":1}},{"type":"Feature","geometry":{"type":"Point","coordinates":[-1.254348,51.771114]},"properties":{"holder_names":"Louise Calder; The President and Fellows of Wolfson College in the University of  Oxford; Wolfson College of Oxford University (Wolfson College of Oxford  University Wolfson College of Oxford University)","holder_address":"Wolfson College Linton Road, Oxford, OX2 6UD","property_count":3}},{"type":"Feature","geometry":{"type":"Point","coordinates":[-1.269848,51.757546]},"properties":{"holder_names":"PCC of St. Barnabas Church (Claire Herbertson)","holder_address":"The Vicarage 15 St. Barnabas Street, Oxford, OX2 6BG","property_count":1}},{"type":"Feature","geometry":{"type":"Point","coordinates":[-0.986256,51.434458]},"properties":{"holder_names":"Nazma Azam","holder_address":"105 Fern Hill Road, Oxford, OX4 2JR","property_count":1}},{"type":"Feature","geometry":{"type":"Point","coordinates":[44.749294,48.794839]},"properties":{"holder_names":"Ramunas Martinkus; Vitalijus Asnauskas","holder_address":"37 Main Avenue Sandford-on-Thames, Oxford, OX4 4YT","property_count":2}},{"type":"Feature","geometry":{"type":"Point","coordinates":[-1.318454,51.386206]},"properties":{"holder_names":"David Gilson","holder_address":"7 Barberi Close , Oxford, OX4 4GF","property_count":1}},{"type":"Feature","geometry":{"type":"Point","coordinates":[-1.441281,52.395695]},"properties":{"holder_names":"Jakub Szymanski","holder_address":"4 Blacksmiths Meadow , Oxford, OX4 7YF","property_count":1}},{"type":"Feature","geometry":{"type":"Point","coordinates":[-1.216939,51.763725]},"properties":{"holder_names":"Clare Flanagan","holder_address":"12 Woodlands Road Headington, Oxford, OX3 7RX","property_count":1}},{"type":"Feature","geometry":{"type":"Point","coordinates":[-1.22469,51.760137]},"properties":{"holder_names":"Rye St Antony School (Teresa Hudson)","holder_address":"Rye St. Antony School, Pullens Lane Headington, Oxford, OX3  0BY","property_count":1}},{"type":"Feature","geometry":{"type":"Point","coordinates":[-1.2112,51.729374]},"properties":{"holder_names":"Man Iwaram; Roshami Iwaram","holder_address":"118 Barns Road , Oxford, OX4 3RF","property_count":2}},{"type":"Feature","geometry":{"type":"Point","coordinates":[3.881323,43.974931]},"properties":{"holder_names":"Tasleem Raza","holder_address":"30 Glanville Road , Oxford, OX4 2DD","property_count":1}},{"type":"Feature","geometry":{"type":"Point","coordinates":[-1.206416,51.74633]},"properties":{"holder_names":"sujan khadka","holder_address":"96 Dene Road Headington, Oxford, OX3 7EG","property_count":1}},{"type":"Feature","geometry":{"type":"Point","coordinates":[15.970028,45.79777]},"properties":{"holder_names":"Hutton parker (Hutton Parker)","holder_address":"21 st clements , Oxford, OX4 1AG","property_count":1}},{"type":"Feature","geometry":{"type":"Point","coordinates":[44.750717,48.797059]},"properties":{"holder_names":"Shahzada Tamour Ahmed","holder_address":"26 Franklin Road Headington, Oxford, OX3 7RZ","property_count":1}},{"type":"Feature","geometry":{"type":"Point","coordinates":[-1.239083,51.742617]},"properties":{"holder_names":"George Economides","holder_address":"Flat C 206 Iffley Road, Oxford, OX4 1SD","property_count":1}},{"type":"Feature","geometry":{"type":"Point","coordinates":[-1.281713,51.784124]},"properties":{"holder_names":"Melanie McCulloch","holder_address":"Church Farm Binsey, Oxford, OX2 0NG","property_count":1}},{"type":"Feature","geometry":{"type":"Point","coordinates":[6.7643,51.211817]},"properties":{"holder_names":"Thankachan Kuruvila","holder_address":"32 Foxwell Drive Headington, Oxford, OX3 9QD","property_count":1}},{"type":"Feature","geometry":{"type":"Point","coordinates":[-0.262244,52.221286]},"properties":{"holder_names":"Stella Cocozza","holder_address":"45A White House Road, Oxford, OX1 4QJ","property_count":1}},{"type":"Feature","geometry":{"type":"Point","coordinates":[-1.815598,51.562237]},"properties":{"holder_names":"Mohammed Abbas Khan","holder_address":"23 Churchill Road, Cowley , Oxford, OX4 3Sg","property_count":1}},{"type":"Feature","geometry":{"type":"Point","coordinates":[-1.249848,51.754735]},"properties":{"holder_names":"Simon Martin Hooker","holder_address":"96 Holywell Street , Oxford, OX1 3SE","property_count":1}},{"type":"Feature","geometry":{"type":"Point","coordinates":[0.573402,51.36574]},"properties":{"holder_names":"Carolyn Brooks","holder_address":"22 Elmthorpe Rd , Oxford, OX2 8PA","property_count":1}},{"type":"Feature","geometry":{"type":"Point","coordinates":[-1.281875,51.782992]},"properties":{"holder_names":"Sze Kit Ng; Sze NG","holder_address":"Upper Flat, 9A Plough Close, Wolvercote, Oxford, OX2 8DE","property_count":2}},{"type":"Feature","geometry":{"type":"Point","coordinates":[51.80169,55.651549]},"properties":{"holder_names":"John Christopher Higgs","holder_address":"28 Osler Road Headington, Oxford, OX3 9BJ","property_count":1}},{"type":"Feature","geometry":{"type":"Point","coordinates":[-1.441281,52.395695]},"properties":{"holder_names":"Lakmal Jayasinghe","holder_address":"4 The Willows Headington, Oxford, OX3 9FE","property_count":1}},{"type":"Feature","geometry":{"type":"Point","coordinates":[6.7643,51.211817]},"properties":{"holder_names":"Jan Reimink","holder_address":"3 Rock Edge Headington, Oxford, OX3 8NE","property_count":1}},{"type":"Feature","geometry":{"type":"Point","coordinates":[-0.477338,52.150429]},"properties":{"holder_names":"None (Edmir Deliallisi)","holder_address":"2 Linnet Close , Oxford, OX4 6EL","property_count":1}},{"type":"Feature","geometry":{"type":"Point","coordinates":[-0.352938,51.814955]},"properties":{"holder_names":"Farooq Ghulam","holder_address":"6 Staunton Road , Oxford, ox3 7tw","property_count":1}},{"type":"Feature","geometry":{"type":"Point","coordinates":[-0.128066,50.954096]},"properties":{"holder_names":"Agron Nuzi","holder_address":"13A Outram Road, Oxford, OX4 3PD","property_count":1}},{"type":"Feature","geometry":{"type":"Point","coordinates":[-1.233276,51.736734]},"properties":{"holder_names":"Juliet Addenbrooke","holder_address":"349 Iffley Road , Oxford, OX4 4DP","property_count":1}},{"type":"Feature","geometry":{"type":"Point","coordinates":[3.881323,43.974931]},"properties":{"holder_names":"Ayesha Malik; Malik Nayyar Salim","holder_address":"30 Marshall Road Cowley, Oxford, OX4 2NR","property_count":2}},{"type":"Feature","geometry":{"type":"Point","coordinates":[-1.179898,51.787475]},"properties":{"holder_names":"Kellie Welch","holder_address":"Oakdene, New Inn Road Beckley, Oxford, OX3 9TZ","property_count":1}},{"type":"Feature","geometry":{"type":"Point","coordinates":[-0.478671,52.151284]},"properties":{"holder_names":"Gillian Jones","holder_address":"14 Peacock Road Headington, Oxford, OX3 0DQ","property_count":1}},{"type":"Feature","geometry":{"type":"Point","coordinates":[-0.477615,52.151507]},"properties":{"holder_names":"Pauline Maguire","holder_address":"17 Parry Close Marston, Oxford, OX3 0HY","property_count":1}},{"type":"Feature","geometry":{"type":"Point","coordinates":[44.750717,48.797059]},"properties":{"holder_names":"maxine adams","holder_address":"26 Northfield Road Headington, Oxford, OX3 9EW","property_count":3}},{"type":"Feature","geometry":{"type":"Point","coordinates":[1.170733,49.213836]},"properties":{"holder_names":"Caroline Mentzer","holder_address":"27 Dene Road Headington, Oxford, OX3 7EF","property_count":1}},{"type":"Feature","geometry":{"type":"Point","coordinates":[0.573402,51.36574]},"properties":{"holder_names":"Kudilil Baby","holder_address":"22 Palmer Road , Oxford, OX3 8QE","property_count":2}},{"type":"Feature","geometry":{"type":"Point","coordinates":[-0.477486,52.151361]},"properties":{"holder_names":"Zhihao Ding","holder_address":"16 Broad Oak Headington, Oxford, OX3 8TS","property_count":1}},{"type":"Feature","geometry":{"type":"Point","coordinates":[-1.401812,51.400843]},"properties":{"holder_names":"Antonia Howatson","holder_address":"80 Hamilton Road , Oxford, OX2 7QA","property_count":1}},{"type":"Feature","geometry":{"type":"Point","coordinates":[-0.180451,51.159696]},"properties":{"holder_names":"Stoja Duvnjak","holder_address":"560 Banbury Road , Oxford, OX2 8EQ","property_count":1}},{"type":"Feature","geometry":{"type":"Point","coordinates":[-1.231038,51.720049]},"properties":{"holder_names":"Simon Mutsenhure","holder_address":"97 Mogridge Drive Littlemore, Oxford, OX4 4QN","property_count":1}},{"type":"Feature","geometry":{"type":"Point","coordinates":[-1.226328,51.74142]},"properties":{"holder_names":"Manawwar Nasir; NA (Shahida Omer)","holder_address":"105 Ridgefield Road , Oxford, OX4 3BY","property_count":2}},{"type":"Feature","geometry":{"type":"Point","coordinates":[13.111386,45.665982]},"properties":{"holder_names":"David Floyd","holder_address":"36 Merewood Avenue Headington, Oxford, OX3 8EF","property_count":1}},{"type":"Feature","geometry":{"type":"Point","coordinates":[-1.401812,51.400843]},"properties":{"holder_names":"Emma Tinker","holder_address":"80 Cornwallis Road , Oxford, OX4 3NL","property_count":1}},{"type":"Feature","geometry":{"type":"Point","coordinates":[15.970028,45.79777]},"properties":{"holder_names":"Lawrence Coupland","holder_address":"21 Sunderland Avenue , Oxford, OX2 8DT","property_count":2}},{"type":"Feature","geometry":{"type":"Point","coordinates":[-0.462852,51.471991]},"properties":{"holder_names":"Peter Styles","holder_address":"329 Banbury Road , Oxford, OX2 7PL","property_count":2}},{"type":"Feature","geometry":{"type":"Point","coordinates":[-1.537529,53.588069]},"properties":{"holder_names":"Mohammed Saddiq","holder_address":"38 St Omer Road , oxford, OX4 3HB","property_count":6}},{"type":"Feature","geometry":{"type":"Point","coordinates":[0.573402,51.36574]},"properties":{"holder_names":"Dragica Duvnjak","holder_address":"22 Marriott Close , Oxford, OX2 8NT","property_count":1}},{"type":"Feature","geometry":{"type":"Point","coordinates":[-1.257569,51.791201]},"properties":{"holder_names":"Timothy Green","holder_address":"Cutteslowe Farm House Cutteslowe Park, Oxford, OX2 8ES","property_count":1}},{"type":"Feature","geometry":{"type":"Point","coordinates":[-1.257569,51.791201]},"properties":{"holder_names":"Timothy Green","holder_address":"CUTTESLOWE FARM HOUSE Cutteslowe Park, OXFORD, OX2  8ES","property_count":4}},{"type":"Feature","geometry":{"type":"Point","coordinates":[-0.426626,51.417531]},"properties":{"holder_names":"Sara Beck","holder_address":"9 Navigation Way , Oxford, OX2 6XW","property_count":1}},{"type":"Feature","geometry":{"type":"Point","coordinates":[-1.441281,52.395695]},"properties":{"holder_names":"Roland Sypel","holder_address":"4 The Green Woodeaton, Oxford, OX3 9TL","property_count":3}},{"type":"Feature","geometry":{"type":"Point","coordinates":[-0.067858,51.472743]},"properties":{"holder_names":"Ian Murchie","holder_address":"3 Portland Road , Oxford, OX2 7EZ","property_count":1}},{"type":"Feature","geometry":{"type":"Point","coordinates":[-0.47846,52.151355]},"properties":{"holder_names":"Nicola Trott","holder_address":"15 Prichard Road Headington, Oxford, OX3 0DG","property_count":1}},{"type":"Feature","geometry":{"type":"Point","coordinates":[-0.478671,52.151284]},"properties":{"holder_names":"Alistair Milne","holder_address":"14 Cumnor Rise Road , Oxford, OX2 9HD","property_count":1}},{"type":"Feature","geometry":{"type":"Point","coordinates":[-1.834693,51.573859]},"properties":{"holder_names":"Mohammed Salim Ahmed","holder_address":"5 Druce Way , Oxford, OX4 6TB","property_count":1}},{"type":"Feature","geometry":{"type":"Point","coordinates":[141.433489,40.547494]},"properties":{"holder_names":"Harry Fletcher","holder_address":"29 Hayward Road , Oxford, ox2 8ln","property_count":1}},{"type":"Feature","geometry":{"type":"Point","coordinates":[-0.477338,52.150429]},"properties":{"holder_names":"PUSHPALATA CHAURE","holder_address":"2 Mather Road Headington, Oxford, OX3 9PG","property_count":1}},{"type":"Feature","geometry":{"type":"Point","coordinates":[-0.640755,51.731905]},"properties":{"holder_names":"Petrit Gjyla","holder_address":"48 Balfour Road , Oxford, OX4 6AQ","property_count":1}},{"type":"Feature","geometry":{"type":"Point","coordinates":[-1.568537,51.404951]},"properties":{"holder_names":"Roberto Vilar","holder_address":"69 William Street Marston, Oxford, OX3 0ES","property_count":1}},{"type":"Feature","geometry":{"type":"Point","coordinates":[0.472293,51.733465]},"properties":{"holder_names":"Eva Gileadi; Opher Gileadi","holder_address":"39 Coverley Road , Oxford, OX3 7EY","property_count":2}},{"type":"Feature","geometry":{"type":"Point","coordinates":[-1.303023,51.749732]},"properties":{"holder_names":"Marion Windsor","holder_address":"The Hollow 8b Cumnor Hill, Oxford, OX2 9NA","property_count":1}},{"type":"Feature","geometry":{"type":"Point","coordinates":[-1.834693,51.573859]},"properties":{"holder_names":"Kwok Wah Lau","holder_address":"5 Colegrove Down , Oxford, OX2 9HT","property_count":4}},{"type":"Feature","geometry":{"type":"Point","coordinates":[-0.478887,52.151212]},"properties":{"holder_names":"James Lall","holder_address":"12 Kersington Crescent , Oxford, OX4 3RH","property_count":1}},{"type":"Feature","geometry":{"type":"Point","coordinates":[-0.931568,51.461421]},"properties":{"holder_names":"Andrea Devaney","holder_address":"1 Rolfe Place Headington, Oxford, OX3 0DS","property_count":1}},{"type":"Feature","geometry":{"type":"Point","coordinates":[-1.441281,52.395695]},"properties":{"holder_names":"Angela Edmondson","holder_address":"4 Northampton Road , Oxford, OX1 4TG","property_count":1}},{"type":"Feature","geometry":{"type":"Point","coordinates":[-1.409797,50.915735]},"properties":{"holder_names":"Alfred Osborne","holder_address":"68 Victoria Road , OXFORD, OX2 7QE","property_count":1}},{"type":"Feature","geometry":{"type":"Point","coordinates":[0.573402,51.36574]},"properties":{"holder_names":"Tecil Chandy","holder_address":"22 Colterne Close Headington, Oxford, OX3 0BA","property_count":2}},{"type":"Feature","geometry":{"type":"Point","coordinates":[-0.47846,52.151355]},"properties":{"holder_names":"Helen Fryer","holder_address":"15 Hurst Lane Cumnor, Oxford, OX2 9PR","property_count":1}},{"type":"Feature","geometry":{"type":"Point","coordinates":[-1.186209,51.751906]},"properties":{"holder_names":"Joanna Oulton","holder_address":"Windrush, Old Road Shotover Hill, Headington, Oxford, OX3  8TA","property_count":1}},{"type":"Feature","geometry":{"type":"Point","coordinates":[-0.13459,51.570827]},"properties":{"holder_names":"Nicola Peachey","holder_address":"66 St. Nicholas Road , Oxford, OX4 4PR","property_count":1}},{"type":"Feature","geometry":{"type":"Point","coordinates":[-0.944201,51.457182]},"properties":{"holder_names":"Jonathan Gill","holder_address":"59 Cranmer Road , Oxford, OX4 2QB","property_count":1}},{"type":"Feature","geometry":{"type":"Point","coordinates":[-0.008759,51.700055]},"properties":{"holder_names":"Kin Ming Rayman Leung","holder_address":"74A Windmill Road Headington, Oxford, OX3 7BZ","property_count":1}},{"type":"Feature","geometry":{"type":"Point","coordinates":[-0.478671,52.151284]},"properties":{"holder_names":"Jane Christine Taylor","holder_address":"14 Don Bosco Close , Oxford, OX4 2LD","property_count":1}},{"type":"Feature","geometry":{"type":"Point","coordinates":[-0.47783,52.151799]},"properties":{"holder_names":"leyose paul","holder_address":"19 Swallow Close , Oxford, OX4 7QN","property_count":1}},{"type":"Feature","geometry":{"type":"Point","coordinates":[-0.478887,52.151212]},"properties":{"holder_names":"Monica Montanari","holder_address":"12 Van Diemans Lane , Oxford, OX4 3QA","property_count":1}},{"type":"Feature","geometry":{"type":"Point","coordinates":[1.170733,49.213836]},"properties":{"holder_names":"Jason Neil","holder_address":"27, North Hinksey Village North Hinksey Village, Oxford, OX2  0NA","property_count":1}},{"type":"Feature","geometry":{"type":"Point","coordinates":[44.750717,48.797059]},"properties":{"holder_names":"Wenxi Sun","holder_address":"26 Dale Close, Oxford, OX1 1TU","property_count":1}},{"type":"Feature","geometry":{"type":"Point","coordinates":[-0.477486,52.151361]},"properties":{"holder_names":"Fiona Graham","holder_address":"16 Plantation Road , Oxford, OX2 6JD","property_count":1}},{"type":"Feature","geometry":{"type":"Point","coordinates":[-3.18266,51.660093]},"properties":{"holder_names":"Susan Lesley Houlton","holder_address":"24 Downside Road Headington, Oxford, OX3 8HP","property_count":1}},{"type":"Feature","geometry":{"type":"Point","coordinates":[-1.13582,52.956435]},"properties":{"holder_names":"Jili Chen","holder_address":"10 Doris Field Close Headington, Oxford, OX3 0DP","property_count":1}},{"type":"Feature","geometry":{"type":"Point","coordinates":[-1.402052,50.941462]},"properties":{"holder_names":"Jarnailo Lal","holder_address":"58 Hugh Allen Crescent Marston, Oxford, OX3 0HN","property_count":2}},{"type":"Feature","geometry":{"type":"Point","coordinates":[-0.067858,51.472743]},"properties":{"holder_names":"Chen Chen","holder_address":"3 Collett Drive , Oxford, OX2 8FU","property_count":1}},{"type":"Feature","geometry":{"type":"Point","coordinates":[-1.237507,51.774738]},"properties":{"holder_names":"Elinor Myles Williams","holder_address":"Three Horseshoes, 9 Oxford Road Old Marston, Oxford, OX3  0PQ","property_count":1}},{"type":"Feature","geometry":{"type":"Point","coordinates":[141.433489,40.547494]},"properties":{"holder_names":"M Azram","holder_address":"29 Henley Avenue , Oxford, OX4 4DJ","property_count":1}},{"type":"Feature","geometry":{"type":"Point","coordinates":[30.153458,59.795655]},"properties":{"holder_names":"Al Willliams","holder_address":"42 Cuddesdon Way , Oxford, OX4 6SX","property_count":1}},{"type":"Feature","geometry":{"type":"Point","coordinates":[-1.583671,51.391997]},"properties":{"holder_names":"Ayaz Shaukat","holder_address":"67 Normandy Crescent , Oxford, OX4 2TQ","property_count":1}},{"type":"Feature","geometry":{"type":"Point","coordinates":[-1.222305,51.739623]},"properties":{"holder_names":"Asad Butt","holder_address":"472 Cowley Road , Oxford, OX4 2DP","property_count":1}},{"type":"Feature","geometry":{"type":"Point","coordinates":[-1.441281,52.395695]},"properties":{"holder_names":"Celia Platt","holder_address":"4 Ellesmere Road , Oxford, OX4 4JG","property_count":1}},{"type":"Feature","geometry":{"type":"Point","coordinates":[-1.206036,51.739348]},"properties":{"holder_names":"Binod Thapa Chhetri","holder_address":"168 Hollow Way Cowley, Oxford, OX4 2PP","property_count":1}},{"type":"Feature","geometry":{"type":"Point","coordinates":[-1.226821,51.740219]},"properties":{"holder_names":"Marc Schaefer","holder_address":"138 Cricket Road , Oxford, OX4 3DL","property_count":1}},{"type":"Feature","geometry":{"type":"Point","coordinates":[-1.318454,51.386206]},"properties":{"holder_names":"Shibu Gangadharan","holder_address":"7 Forest Side Kennington, Oxford, OX1 5LQ","property_count":2}},{"type":"Feature","geometry":{"type":"Point","coordinates":[-5.236143,56.712861]},"properties":{"holder_names":"Heidi Willcox","holder_address":"66 Lye Valley Headington, Oxford, OX3 7ER","property_count":2}},{"type":"Feature","geometry":{"type":"Point","coordinates":[-0.477486,52.151361]},"properties":{"holder_names":"Barry Freilich","holder_address":"16 Carlton Road , Oxford, OX2 7SA","property_count":1}},{"type":"Feature","geometry":{"type":"Point","coordinates":[-0.426591,51.417397]},"properties":{"holder_names":"Patrick Maguire","holder_address":"8 Dents Close Marston, Oxford, OX3 0NP","property_count":1}},{"type":"Feature","geometry":{"type":"Point","coordinates":[-1.898855,52.477145]},"properties":{"holder_names":"Mark Billington","holder_address":"12A Rupert Road, Oxford, OX4 2QQ","property_count":1}},{"type":"Feature","geometry":{"type":"Point","coordinates":[-0.352938,51.814955]},"properties":{"holder_names":"Juan Wang","holder_address":"6 cromwell Close , Oxford, OX3 0RW","property_count":2}},{"type":"Feature","geometry":{"type":"Point","coordinates":[-1.402052,50.941462]},"properties":{"holder_names":"Trevor Brooks","holder_address":"58 Margaret Road Headington, Oxford, OX3 8NQ","property_count":1}},{"type":"Feature","geometry":{"type":"Point","coordinates":[-0.47783,52.151799]},"properties":{"holder_names":"Himat Singh","holder_address":"19 Lockheart Crescent , Oxford, OX4 3RN","property_count":1}},{"type":"Feature","geometry":{"type":"Point","coordinates":[13.111386,45.665982]},"properties":{"holder_names":"Debendra Rana Magar","holder_address":"36 St. Omer Road , Oxford, OX4 3HB","property_count":1}},{"type":"Feature","geometry":{"type":"Point","coordinates":[-1.834693,51.573859]},"properties":{"holder_names":"Rosie Brito","holder_address":"5 Press Way , Oxford, OX2 8FT","property_count":3}},{"type":"Feature","geometry":{"type":"Point","coordinates":[-1.232905,51.733063]},"properties":{"holder_names":"Lucy Weston","holder_address":"44 Iffley Turn , Oxford, OX4 4DU","property_count":1}},{"type":"Feature","geometry":{"type":"Point","coordinates":[-3.117515,55.950515]},"properties":{"holder_names":"Barbara Pomroy","holder_address":"37A, Coverley Road Headington, Oxford, OX3 7EY","property_count":1}},{"type":"Feature","geometry":{"type":"Point","coordinates":[-0.479106,52.151138]},"properties":{"holder_names":"Abdalstar Ziab","holder_address":"11 Barns Road , Oxford, OX4 3QY","property_count":1}},{"type":"Feature","geometry":{"type":"Point","coordinates":[-1.264559,51.777422]},"properties":{"holder_names":"Penny and Sinclair (Cindy Petts)","holder_address":"256 Mayfield House , Oxford, OX2 7DE","property_count":1}},{"type":"Feature","geometry":{"type":"Point","coordinates":[-1.228614,51.735493]},"properties":{"holder_names":"Isobel Cox","holder_address":"152 Campbell Road , Oxford, OX4 3NR","property_count":1}},{"type":"Feature","geometry":{"type":"Point","coordinates":[-1.266066,51.761018]},"properties":{"holder_names":"Elsa Cristofori","holder_address":"44 Observatory Street , Oxford, OX2 6EP","property_count":1}},{"type":"Feature","geometry":{"type":"Point","coordinates":[-1.261704,51.755111]},"properties":{"holder_names":"Oxford Real Limited (Mark Johnson-Watts); Oxford Real Ltd (Mark Johnson-Watts); Oxford Real Ltd (Mark Johnson-watts); TJ-W Real Limited (Mark Johnson-Watts)","holder_address":"Oxford Real Ltd 31 Beaumont Street, Oxford, OX1 2NP","property_count":4}},{"type":"Feature","geometry":{"type":"Point","coordinates":[33.442262,49.131697]},"properties":{"holder_names":"Adam Bryan","holder_address":"50 Westbury Crescent , Oxford, OX4 3SA","property_count":3}},{"type":"Feature","geometry":{"type":"Point","coordinates":[-0.352938,51.814955]},"properties":{"holder_names":"Martin Twycross","holder_address":"6 Lark Hill , Oxford, OX2 7DR","property_count":4}},{"type":"Feature","geometry":{"type":"Point","coordinates":[-1.222535,51.760815]},"properties":{"holder_names":"John Thanassoulis","holder_address":"167 Headley Way Headington, Oxford, OX3 7ST","property_count":1}},{"type":"Feature","geometry":{"type":"Point","coordinates":[-1.409797,50.915735]},"properties":{"holder_names":"Catherine Lloyd","holder_address":"68 Southmoor Road , Oxford, OX2 6RB","property_count":1}},{"type":"Feature","geometry":{"type":"Point","coordinates":[-1.13582,52.956435]},"properties":{"holder_names":"Faiz Ahmad","holder_address":"10 Dene Road Headington, Oxford, OX3 7EE","property_count":1}},{"type":"Feature","geometry":{"type":"Point","coordinates":[-0.47783,52.151799]},"properties":{"holder_names":"Angela del Nevo","holder_address":"19 Harbord Road , Oxford, OX2 8LH","property_count":1}},{"type":"Feature","geometry":{"type":"Point","coordinates":[30.153458,59.795655]},"properties":{"holder_names":"Rajib Paudel","holder_address":"42 Dodgson Road , Oxford, OX4 3QS","property_count":1}},{"type":"Feature","geometry":{"type":"Point","coordinates":[-1.318454,51.386206]},"properties":{"holder_names":"Shakiba Habibula","holder_address":"7 Gurden Place Headington, Oxford, OX3 9EP","property_count":1}},{"type":"Feature","geometry":{"type":"Point","coordinates":[-1.318454,51.386206]},"properties":{"holder_names":"LI CHEN; Wenming Ji","holder_address":"7 The Willows Headington, Oxford, OX3 9FE","property_count":2}},{"type":"Feature","geometry":{"type":"Point","coordinates":[-5.237835,56.711572]},"properties":{"holder_names":"Muhammad Amir Siyaf","holder_address":"77 Merewood Avenue Headington, Oxford, OX3 8EQ","property_count":1}},{"type":"Feature","geometry":{"type":"Point","coordinates":[-3.020432,51.64465]},"properties":{"holder_names":"Rehana Hussain","holder_address":"20 Nowell Road , Oxford, OX4 4TA","property_count":1}},{"type":"Feature","geometry":{"type":"Point","coordinates":[-1.237023,51.750299]},"properties":{"holder_names":"Charity of Thomas Dawson","holder_address":"K E E N, St. Clements Family Centre Cross Street, Oxford, OX4  1DA","property_count":1}},{"type":"Feature","geometry":{"type":"Point","coordinates":[33.442262,49.131697]},"properties":{"holder_names":"Bridget Elizabeth Welsh","holder_address":"50 Charlbury Road , Oxford, OX2 6UX","property_count":1}},{"type":"Feature","geometry":{"type":"Point","coordinates":[-0.124301,51.50538]},"properties":{"holder_names":"Colin Varney","holder_address":"98 Ferry Road Marston, Oxford, OX3 0EX","property_count":1}},{"type":"Feature","geometry":{"type":"Point","coordinates":[-0.426591,51.417397]},"properties":{"holder_names":"Mohammed Latif; Sofia Latif","holder_address":"8 Warwick Street , Oxford, OX4 1SX","property_count":2}},{"type":"Feature","geometry":{"type":"Point","coordinates":[-1.241862,51.750138]},"properties":{"holder_names":"Diamond Estates & Homes (Lewis Zayn McMahon)","holder_address":"93 St Clements Street, Oxford, OX4 1AR","property_count":1}},{"type":"Feature","geometry":{"type":"Point","coordinates":[-1.17488,51.793485]},"properties":{"holder_names":"leonardo bocci","holder_address":"Barossa, Woodperry Road Beckley, Oxford, OX3 9UZ","property_count":1}},{"type":"Feature","geometry":{"type":"Point","coordinates":[-0.477741,52.151645]},"properties":{"holder_names":"Yuchen Jiang","holder_address":"18 New High Street , Oxford, OX3 7AQ","property_count":1}},{"type":"Feature","geometry":{"type":"Point","coordinates":[33.442262,49.131697]},"properties":{"holder_names":"Christopher Hibbert","holder_address":"50 Crescent Road , Oxford, OX4 2PB","property_count":3}},{"type":"Feature","geometry":{"type":"Point","coordinates":[-1.13582,52.956435]},"properties":{"holder_names":"Eleanor Bull","holder_address":"10 Clays Close Headington, Oxford, OX3 0NX","property_count":1}},{"type":"Feature","geometry":{"type":"Point","coordinates":[-0.426626,51.417531]},"properties":{"holder_names":"Inbar Toiber Yasur; Toiber Kent Properties Ltd. (yechiel toiber)","holder_address":"9 Harbord Road , Oxford, OX2 8LH","property_count":2}},{"type":"Feature","geometry":{"type":"Point","coordinates":[-1.229208,51.749633]},"properties":{"holder_names":"Morrell Grounds Ltd - Oxford","holder_address":"98b Morrell Avenue, Oxford, OX4 1NG","property_count":1}},{"type":"Feature","geometry":{"type":"Point","coordinates":[-0.47846,52.151355]},"properties":{"holder_names":"Joe George David Frank Kennard","holder_address":"15 Bishop Kirk Place , Oxford, OX2 7HJ","property_count":1}},{"type":"Feature","geometry":{"type":"Point","coordinates":[-1.441281,52.395695]},"properties":{"holder_names":"Aiden White","holder_address":"4 The Stables House Wytham, Oxford, OX2 8QE","property_count":1}},{"type":"Feature","geometry":{"type":"Point","coordinates":[-0.14944,51.442193]},"properties":{"holder_names":"Jonathan Black-Branch","holder_address":"74 Old High Street Headington, Oxford, OX3 9HW","property_count":2}},{"type":"Feature","geometry":{"type":"Point","coordinates":[-1.13582,52.956435]},"properties":{"holder_names":"anjum ahmed","holder_address":"10 White Hart Old Marston Village, Oxford, ox3 0pl","property_count":1}},{"type":"Feature","geometry":{"type":"Point","coordinates":[-3.359518,55.949868]},"properties":{"holder_names":"Mr Zili Chen; SENLI CONSULTANCY LTD (LEE CHEN)","holder_address":"16B High Street, Oxford, OX1 4AG","property_count":2}},{"type":"Feature","geometry":{"type":"Point","coordinates":[-0.477741,52.151645]},"properties":{"holder_names":"Armir Skenderi","holder_address":"18 Sawpit Road , Oxford, OX4 6BE","property_count":1}},{"type":"Feature","geometry":{"type":"Point","coordinates":[-1.402052,50.941462]},"properties":{"holder_names":"Mohammed Iqbal","holder_address":"58 Dashwood Road , Oxford, OX4 4SH","property_count":1}},{"type":"Feature","geometry":{"type":"Point","coordinates":[-0.47846,52.151355]},"properties":{"holder_names":"Elin Williams","holder_address":"15 William Lucy Way , Oxford, OX2 6EQ","property_count":1}},{"type":"Feature","geometry":{"type":"Point","coordinates":[-0.479106,52.151138]},"properties":{"holder_names":"Helen Paine; JENNIFER DULCIE PAINE; Jennifer Dulcie Paine","holder_address":"11 Lucerne Road , Oxford, OX2 7QB","property_count":3}},{"type":"Feature","geometry":{"type":"Point","coordinates":[-0.478671,52.151284]},"properties":{"holder_names":"Marie Fraser","holder_address":"14 Ambleside Drive Headington, Oxford, OX3 0AG","property_count":1}},{"type":"Feature","geometry":{"type":"Point","coordinates":[44.005361,36.206077]},"properties":{"holder_names":"Elena Caccavale; Julian Laird","holder_address":"43 Thorncliffe Road , Oxford, OX2 7BA","property_count":2}},{"type":"Feature","geometry":{"type":"Point","coordinates":[-0.477615,52.151507]},"properties":{"holder_names":"Jayesh Thomas","holder_address":"17 St. Lukes Road , Oxford, OX4 3JD","property_count":1}},{"type":"Feature","geometry":{"type":"Point","coordinates":[-1.325322,51.40148]},"properties":{"holder_names":"Sajida Zeb","holder_address":"85 Ridgefield Road , Oxford, OX4 3BY","property_count":1}},{"type":"Feature","geometry":{"type":"Point","coordinates":[-1.233115,51.708151]},"properties":{"holder_names":"Jenn Mahon","holder_address":"Sandford Lock House Sandford-on-Thames, Oxford, OX4 4YD","property_count":1}},{"type":"Feature","geometry":{"type":"Point","coordinates":[-0.426626,51.417531]},"properties":{"holder_names":"Ruth Greenhall","holder_address":"9 Meadow Prospect Wolvercote, Oxford, OX2 8PP","property_count":1}},{"type":"Feature","geometry":{"type":"Point","coordinates":[-0.126299,54.127761]},"properties":{"holder_names":"Dimitri Katso","holder_address":"445 Marston Road Marston, Oxford, OX3 0JG","property_count":1}},{"type":"Feature","geometry":{"type":"Point","coordinates":[-1.318937,51.736723]},"properties":{"holder_names":"Simon Ambrose","holder_address":"152 Cumnor Hill , Oxford, OX2 9PJ","property_count":1}},{"type":"Feature","geometry":{"type":"Point","coordinates":[-0.477486,52.151361]},"properties":{"holder_names":"Akash Turna","holder_address":"16 Glebelands Headington, Oxford, OX3 7EN","property_count":1}},{"type":"Feature","geometry":{"type":"Point","coordinates":[-0.478887,52.151212]},"properties":{"holder_names":"JFL Simms","holder_address":"12 Templar Road , Oxford, OX2 8LT","property_count":1}},{"type":"Feature","geometry":{"type":"Point","coordinates":[-0.477615,52.151507]},"properties":{"holder_names":"Robert Harris","holder_address":"17 Bourne Close , Oxford, OX2 8NH","property_count":1}},{"type":"Feature","geometry":{"type":"Point","coordinates":[-1.212818,51.759432]},"properties":{"holder_names":"Bryan Quarterman","holder_address":"Mail Boxes Etc, 94 London Road Headington, Oxford, OX3 9FN","property_count":5}},{"type":"Feature","geometry":{"type":"Point","coordinates":[33.442262,49.131697]},"properties":{"holder_names":"Rajan Yacoob","holder_address":"50 Marlborough Road , Oxford, OX1 4LR","property_count":1}},{"type":"Feature","geometry":{"type":"Point","coordinates":[0.126263,51.470961]},"properties":{"holder_names":"Diana luckett","holder_address":"53 Weyland Road Headington, Oxford, OX3 8PE","property_count":2}},{"type":"Feature","geometry":{"type":"Point","coordinates":[-1.236339,51.775988]},"properties":{"holder_names":"PCC of St Nicholas Marston (Geoffrey Hale)","holder_address":"The Vicarage Elsfield Road, Oxford, OX3 0PR","property_count":1}},{"type":"Feature","geometry":{"type":"Point","coordinates":[-0.426591,51.417397]},"properties":{"holder_names":"Mary Clarkson","holder_address":"8 Dunstan Road Headington, Oxford, OX3 9BY","property_count":1}},{"type":"Feature","geometry":{"type":"Point","coordinates":[-0.426626,51.417531]},"properties":{"holder_names":"Sabine Gerloff","holder_address":"9 Mill Lane Marston, Oxford, OX3 0PY","property_count":1}},{"type":"Feature","geometry":{"type":"Point","coordinates":[15.970028,45.79777]},"properties":{"holder_names":"YOUSAF MEHMOOD","holder_address":"21 Vicarage Close , Oxford, OX4 4PL","property_count":1}},{"type":"Feature","geometry":{"type":"Point","coordinates":[-1.441281,52.395695]},"properties":{"holder_names":"Matthew Reece","holder_address":"4 Baltic Wharf Marlborough Road , Oxford, OX1 4JX","property_count":1}},{"type":"Feature","geometry":{"type":"Point","coordinates":[68.339014,43.283425]},"properties":{"holder_names":"(Djihan Skinner)","holder_address":"61 Merton Court Rutherway, Oxford, OX2 6QZ","property_count":1}},{"type":"Feature","geometry":{"type":"Point","coordinates":[-0.355567,51.427004]},"properties":{"holder_names":"Janet Maclean","holder_address":"75 Cunliffe Close , Oxford, OX2 7BJ","property_count":1}},{"type":"Feature","geometry":{"type":"Point","coordinates":[-3.18266,51.660093]},"properties":{"holder_names":"MARTIN WILLETT","holder_address":"24 Merlin Road , Oxford, OX4 6EP","property_count":1}},{"type":"Feature","geometry":{"type":"Point","coordinates":[3.881323,43.974931]},"properties":{"holder_names":"LMN Properties Limited","holder_address":"30 St. Giles , Oxford, OX1 3LE","property_count":4}},{"type":"Feature","geometry":{"type":"Point","coordinates":[-0.426591,51.417397]},"properties":{"holder_names":"Jennifer Hopkins","holder_address":"8 Rock Edge Headington, Oxford, OX3 8NE","property_count":1}},{"type":"Feature","geometry":{"type":"Point","coordinates":[-0.478671,52.151284]},"properties":{"holder_names":"Alison Bendy","holder_address":"14 Parker Street , Oxford, OX4 1TD","property_count":1}},{"type":"Feature","geometry":{"type":"Point","coordinates":[7.102074,50.699777]},"properties":{"holder_names":"Byron Alderman","holder_address":"40 York Road Headington, Oxford, OX3 8NW","property_count":1}},{"type":"Feature","geometry":{"type":"Point","coordinates":[-79.027688,-8.116178]},"properties":{"holder_names":"Christopher Alan Villiers","holder_address":"1A Lucerne Road, Oxford, OX2 7QB","property_count":2}},{"type":"Feature","geometry":{"type":"Point","coordinates":[-3.10227,51.017659]},"properties":{"holder_names":"Joanna Lewis","holder_address":"5A The Court Mary Price Close, Oxford, OX3 0PE","property_count":2}},{"type":"Feature","geometry":{"type":"Point","coordinates":[-1.264978,51.778799]},"properties":{"holder_names":"Breckon & Breckon (letting & management) LTD","holder_address":"Twining house 294 Banbury Road, Summertown, OX2 7ed","property_count":1}},{"type":"Feature","geometry":{"type":"Point","coordinates":[30.786482,46.574185]},"properties":{"holder_names":"Nick Carpenter","holder_address":"51 Elmthorpe Road Wolvercote, Oxford, OX2 8PA","property_count":1}},{"type":"Feature","geometry":{"type":"Point","coordinates":[-1.583671,51.391997]},"properties":{"holder_names":"Akhtar Hussain","holder_address":"67 Barns Road , Oxford, OX4 3QZ","property_count":1}},{"type":"Feature","geometry":{"type":"Point","coordinates":[-0.477338,52.150429]},"properties":{"holder_names":"Rhoda Cooper","holder_address":"2 Chadlington Road , Oxford, OX2 6SY","property_count":1}},{"type":"Feature","geometry":{"type":"Point","coordinates":[-0.426591,51.417397]},"properties":{"holder_names":"calvin litchfield","holder_address":"8 Harberton Mead Headington, Oxford, OX3 0DB","property_count":1}},{"type":"Feature","geometry":{"type":"Point","coordinates":[-0.478887,52.151212]},"properties":{"holder_names":"Lu Feng Lu; SHIH-JEN Lu","holder_address":"12 The Paddox , Oxford, OX2 7PN","property_count":2}},{"type":"Feature","geometry":{"type":"Point","coordinates":[-1.266022,51.780231]},"properties":{"holder_names":"Janet Wynn Tomlin","holder_address":"344 Banbury Road , Oxford, OX2 7PR","property_count":1}},{"type":"Feature","geometry":{"type":"Point","coordinates":[-1.441281,52.395695]},"properties":{"holder_names":"Louisa Friedrichs","holder_address":"4 Tudor Close Iffley, Oxford, OX4 4HB","property_count":1}},{"type":"Feature","geometry":{"type":"Point","coordinates":[-1.236339,51.775988]},"properties":{"holder_names":"Marston Church Properties Limited (Harvey Burd)","holder_address":"The Vicarage, Elsfield Road Marston, Oxford, OX3 0PR","property_count":1}},{"type":"Feature","geometry":{"type":"Point","coordinates":[27.146994,38.436963]},"properties":{"holder_names":"John Foddy","holder_address":"35 Binswood Avenue Headington, Oxford, OX3 8NY","property_count":1}},{"type":"Feature","geometry":{"type":"Point","coordinates":[-1.230699,51.74424]},"properties":{"holder_names":"Haroon Akhtar; Imran Ahmed; Kamran Ahmed; Masood Ahmed","holder_address":"154 Magdalen Road , Oxford, OX4 1RL","property_count":11}},{"type":"Feature","geometry":{"type":"Point","coordinates":[13.111386,45.665982]},"properties":{"holder_names":"Robin Ward","holder_address":"36 James Street , Oxford, OX4 1ET","property_count":1}},{"type":"Feature","geometry":{"type":"Point","coordinates":[-1.583671,51.391997]},"properties":{"holder_names":"Judy Patricia Blakey","holder_address":"67 Chalfont Road , Oxford, OX2 6TJ","property_count":1}},{"type":"Feature","geometry":{"type":"Point","coordinates":[-1.392745,51.40087]},"properties":{"holder_names":"Kelly Jones","holder_address":"81 Warwick Street , Oxford, OX4 1SZ","property_count":1}},{"type":"Feature","geometry":{"type":"Point","coordinates":[6.7643,51.211817]},"properties":{"holder_names":"Katie Dingle","holder_address":"32 Dudgeon Drive , Oxford, OX4 4QL","property_count":1}},{"type":"Feature","geometry":{"type":"Point","coordinates":[-1.325322,51.40148]},"properties":{"holder_names":"Convent of the Sacred Heart of Jesus","holder_address":"85 Old High Street Headington, Oxford, OX3 9HT","property_count":1}},{"type":"Feature","geometry":{"type":"Point","coordinates":[-1.189074,51.759623]},"properties":{"holder_names":"Tom Abram","holder_address":"47 Stanway Road Headington, Oxford, OX3 8HU","property_count":1}},{"type":"Feature","geometry":{"type":"Point","coordinates":[-1.255422,51.750426]},"properties":{"holder_names":"Christ Church","holder_address":"Christ Church St. Aldates, Oxford, ox1 1dp","property_count":1}},{"type":"Feature","geometry":{"type":"Point","coordinates":[-1.211169,51.75237]},"properties":{"holder_names":"Sze Ki Leung","holder_address":"Windrush House, 15 Coolidge Close Headington, Oxford, OX3  7NP","property_count":2}},{"type":"Feature","geometry":{"type":"Point","coordinates":[30.786482,46.574185]},"properties":{"holder_names":"Peng Wu","holder_address":"51 Ridgeway Road Headington, Oxford, OX3 8DT","property_count":1}},{"type":"Feature","geometry":{"type":"Point","coordinates":[-0.478887,52.151212]},"properties":{"holder_names":"Qun Wang","holder_address":"12 Upland Park Road , Oxford, OX2 7RU","property_count":2}},{"type":"Feature","geometry":{"type":"Point","coordinates":[44.005361,36.206077]},"properties":{"holder_names":"Ansar Pathan","holder_address":"43 Ashhurst Way, Oxford, Ox4 4RE","property_count":1}},{"type":"Feature","geometry":{"type":"Point","coordinates":[-1.288607,51.822114]},"properties":{"holder_names":"Bright Properties (Oxford) LTD (Thomas Bright)","holder_address":"Unit 1, Chapple House 25 Oxford Road, Kidlington, OX2 7ET","property_count":1}},{"type":"Feature","geometry":{"type":"Point","coordinates":[-1.339887,52.852046]},"properties":{"holder_names":"William Sahota","holder_address":"25 Nowell Road , Oxford, OX4 4TA","property_count":1}},{"type":"Feature","geometry":{"type":"Point","coordinates":[44.750717,48.797059]},"properties":{"holder_names":"Karen Fogden","holder_address":"26 Lime Walk Headington, Oxford, OX3 7AE","property_count":1}},{"type":"Feature","geometry":{"type":"Point","coordinates":[-1.254717,51.765848]},"properties":{"holder_names":"Irina Voiculescu","holder_address":"7 Benson Place , Oxford, OX2 6QH","property_count":1}},{"type":"Feature","geometry":{"type":"Point","coordinates":[-1.274142,51.784242]},"properties":{"holder_names":"TONY KEENAN","holder_address":"The Croft Woodstock Close, Oxford, OX2 8DA","property_count":1}},{"type":"Feature","geometry":{"type":"Point","coordinates":[-0.426591,51.417397]},"properties":{"holder_names":"Dorothy Bishop","holder_address":"8 Scholar Mews Marston Ferry Road, Oxford, OX2 7GY","property_count":1}},{"type":"Feature","geometry":{"type":"Point","coordinates":[-1.441281,52.395695]},"properties":{"holder_names":"Rongqin Yu","holder_address":"4 Reliance Way , Oxford, OX4 2FU","property_count":1}},{"type":"Feature","geometry":{"type":"Point","coordinates":[44.749294,48.794839]},"properties":{"holder_names":"Gavin Cope","holder_address":"37 Kiln Lane Headington, Oxford, OX3 8HA","property_count":1}},{"type":"Feature","geometry":{"type":"Point","coordinates":[-0.426626,51.417531]},"properties":{"holder_names":"Alison Jane Boulton","holder_address":"9 London Place , Oxford, OX4 1BD","property_count":1}},{"type":"Feature","geometry":{"type":"Point","coordinates":[-2.857289,55.894043]},"properties":{"holder_names":"Brighid Schroer","holder_address":"63 Arlington Drive Marston, Oxford, OX3 0SL","property_count":1}},{"type":"Feature","geometry":{"type":"Point","coordinates":[-1.834693,51.573859]},"properties":{"holder_names":"Jonathan Patrick","holder_address":"5 Warnborough Road , Oxford, OX2 6HZ","property_count":3}},{"type":"Feature","geometry":{"type":"Point","coordinates":[-1.301104,51.402198]},"properties":{"holder_names":"Monika Gullerova","holder_address":"87 Hurst Rise Road , Oxford, OX2 9HF","property_count":1}},{"type":"Feature","geometry":{"type":"Point","coordinates":[-0.47783,52.151799]},"properties":{"holder_names":"arif suhail","holder_address":"19 Littlehay Road , Oxford, OX4 3EG","property_count":1}},{"type":"Feature","geometry":{"type":"Point","coordinates":[-3.18266,51.660093]},"properties":{"holder_names":"Basil England","holder_address":"24 The Park Cumnor, Oxford, OX2 9QS","property_count":1}},{"type":"Feature","geometry":{"type":"Point","coordinates":[-1.221694,51.762843]},"properties":{"holder_names":"Barbara MacKay; The Barbara Mackay Settlement Trust","holder_address":"Mayortone, 80 Sandfield Road Headington, Oxford, OX3 7RL","property_count":2}},{"type":"Feature","geometry":{"type":"Point","coordinates":[24.177345,54.350696]},"properties":{"holder_names":"Christine Jones","holder_address":"33 New High Street Headington, Oxford, OX3 7AJ","property_count":1}},{"type":"Feature","geometry":{"type":"Point","coordinates":[-1.186655,54.523063]},"properties":{"holder_names":"Flutra Qatja","holder_address":"72 Princes Street , Oxford, OX4 1DE","property_count":2}},{"type":"Feature","geometry":{"type":"Point","coordinates":[-1.213533,51.731802]},"properties":{"holder_names":"Neil Hewitt","holder_address":"Union Jacks Place Ltd 14 Knolles Road, Oxford, OX4 3HS","property_count":2}},{"type":"Feature","geometry":{"type":"Point","coordinates":[-1.834693,51.573859]},"properties":{"holder_names":"Anthony Durham","holder_address":"5 Pennycress Road , Oxford, OX4 7QH","property_count":1}},{"type":"Feature","geometry":{"type":"Point","coordinates":[-0.352938,51.814955]},"properties":{"holder_names":"Bashir Hussain","holder_address":"6 Little Acreage Marston, Oxford, OX3 0PS","property_count":1}},{"type":"Feature","geometry":{"type":"Point","coordinates":[-1.189545,51.757019]},"properties":{"holder_names":"Astrid Gibbon","holder_address":"Narnia, 8 Lewis Close Headington, Oxford, OX3 8JD","property_count":1}},{"type":"Feature","geometry":{"type":"Point","coordinates":[6.7643,51.211817]},"properties":{"holder_names":"Hafiz Abdul Aziz","holder_address":"32 Old Marston Road Marston, Oxford, OX3 0JP","property_count":1}},{"type":"Feature","geometry":{"type":"Point","coordinates":[-1.446896,51.402113]},"properties":{"holder_names":"Bronagh Lorien Louise Holland","holder_address":"78 Old Road Headington, Oxford, OX3 7LP","property_count":1}},{"type":"Feature","geometry":{"type":"Point","coordinates":[-0.426591,51.417397]},"properties":{"holder_names":"Louise Graham","holder_address":"8 Annesley Road , Oxford, OX4 4JQ","property_count":2}},{"type":"Feature","geometry":{"type":"Point","coordinates":[-1.186655,54.523063]},"properties":{"holder_names":"Claire Harvey","holder_address":"72 Old High Street Headington, Oxford, OX3 9HW","property_count":1}},{"type":"Feature","geometry":{"type":"Point","coordinates":[-1.220131,51.738653]},"properties":{"holder_names":"Mohammed Asghar","holder_address":"471 Cowley Road , Oxford, OX4 2DN","property_count":1}},{"type":"Feature","geometry":{"type":"Point","coordinates":[-1.216126,51.76563]},"properties":{"holder_names":"Julian Lawton Smith","holder_address":"Ebor, Dunstan Road Headington, Oxford, OX3 9BY","property_count":2}},{"type":"Feature","geometry":{"type":"Point","coordinates":[-1.276612,51.783978]},"properties":{"holder_names":"Salma Chaudhury","holder_address":"363A Woodstock Road, Oxford, OX2 8AA","property_count":1}},{"type":"Feature","geometry":{"type":"Point","coordinates":[15.970028,45.79777]},"properties":{"holder_names":"Alistair Horn","holder_address":"21 Latimer Road Headington, Oxford, OX3 7PG","property_count":1}},{"type":"Feature","geometry":{"type":"Point","coordinates":[-1.261113,51.767856]},"properties":{"holder_names":"LVR CONSULTANCY LTD (lee reed)","holder_address":"Flat 2, Murray Court 80 Banbury Road, Oxford, OX2 6LQ","property_count":1}},{"type":"Feature","geometry":{"type":"Point","coordinates":[-0.477741,52.151645]},"properties":{"holder_names":"Richard Caplan","holder_address":"18 Hill Top Road , Oxford, OX4 1PE","property_count":1}},{"type":"Feature","geometry":{"type":"Point","coordinates":[-0.47783,52.151799]},"properties":{"holder_names":"Mohammed Shafqat","holder_address":"19 Islip Road , Oxford, OX2 7SN","property_count":1}},{"type":"Feature","geometry":{"type":"Point","coordinates":[-0.477615,52.151507]},"properties":{"holder_names":"Virginia Dunn-Biggar","holder_address":"17 Foundry House Walton Well Road, Oxford, OX2 6AQ","property_count":1}},{"type":"Feature","geometry":{"type":"Point","coordinates":[-1.266954,51.771022]},"properties":{"holder_names":"Kristina Galiniene","holder_address":"195 Woodstock Road , Oxford, OX2 7AB","property_count":1}},{"type":"Feature","geometry":{"type":"Point","coordinates":[15.970028,45.79777]},"properties":{"holder_names":"Ashley Latham","holder_address":"21 Hamilton Road , Oxford, OX2 7PY","property_count":2}},{"type":"Feature","geometry":{"type":"Point","coordinates":[-0.477486,52.151361]},"properties":{"holder_names":"Mohammad Dilpazir","holder_address":"16 Kelburne Road , Oxford, OX4 3SJ","property_count":1}},{"type":"Feature","geometry":{"type":"Point","coordinates":[-1.254678,51.765857]},"properties":{"holder_names":"William Keown","holder_address":"6 Park Town , Oxford, OX2 6SN","property_count":1}},{"type":"Feature","geometry":{"type":"Point","coordinates":[51.80169,55.651549]},"properties":{"holder_names":"Subhash Muchala","holder_address":"28 Oxford Castle New Road, Oxford, OX1 1AY","property_count":1}},{"type":"Feature","geometry":{"type":"Point","coordinates":[-1.441281,52.395695]},"properties":{"holder_names":"Nicholas Hawkins","holder_address":"4 The Paddock Kennington, Oxford, OX1 5SB","property_count":1}},{"type":"Feature","geometry":{"type":"Point","coordinates":[103.905003,52.59341]},"properties":{"holder_names":"Rakesh Sidhu","holder_address":"49 White Road , Oxford, OX4 2JJ","property_count":2}},{"type":"Feature","geometry":{"type":"Point","coordinates":[-1.207709,51.763571]},"properties":{"holder_names":"craig haller","holder_address":"Bury Knowle Barn, North Place Headington, Oxford, OX3 9HY","property_count":1}},{"type":"Feature","geometry":{"type":"Point","coordinates":[3.881323,43.974931]},"properties":{"holder_names":"Andrea Vedaldi; Giovanna Bucci","holder_address":"30 Observatory Street , Oxford, OX2 6EW","property_count":2}},{"type":"Feature","geometry":{"type":"Point","coordinates":[-1.254561,51.765969]},"properties":{"holder_names":"Kersten Pucks","holder_address":"14 Linton Road , Oxford, OX2 6UL","property_count":3}},{"type":"Feature","geometry":{"type":"Point","coordinates":[-1.264118,51.774781]},"properties":{"holder_names":"Lynette Morris","holder_address":"The Lady Nuffield Home 165 Banbury Rd, Oxford, OX2 7AW","property_count":1}},{"type":"Feature","geometry":{"type":"Point","coordinates":[-1.206038,51.752132]},"properties":{"holder_names":"Tapan Chowdhry","holder_address":"203 The Slade Headington, Oxford, OX3 7HR","property_count":2}},{"type":"Feature","geometry":{"type":"Point","coordinates":[-0.47783,52.151799]},"properties":{"holder_names":"Alan Teh","holder_address":"19 Buckingham Street , Oxford, OX1 4LH","property_count":1}},{"type":"Feature","geometry":{"type":"Point","coordinates":[-0.944201,51.457182]},"properties":{"holder_names":"Thomas Carver","holder_address":"59 Chalfont Road , Oxford, OX2 6TJ","property_count":1}},{"type":"Feature","geometry":{"type":"Point","coordinates":[0.573402,51.36574]},"properties":{"holder_names":"Maria Cecilia Teresa Gorenflos","holder_address":"22 Lathbury Road , Oxford, OX2 7AU","property_count":1}},{"type":"Feature","geometry":{"type":"Point","coordinates":[-1.402052,50.941462]},"properties":{"holder_names":"Rachel Hills","holder_address":"58 Howard Street , Oxford, OX4 3BE","property_count":1}},{"type":"Feature","geometry":{"type":"Point","coordinates":[-0.106403,51.599065]},"properties":{"holder_names":"Catherine Riach","holder_address":"79 Victoria Road , Oxford, OX2 7QG","property_count":1}},{"type":"Feature","geometry":{"type":"Point","coordinates":[-0.670007,51.477934]},"properties":{"holder_names":"Fareeda Jabbar","holder_address":"54 Westbury Crescent , Oxford, OX4 3SA","property_count":1}},{"type":"Feature","geometry":{"type":"Point","coordinates":[-1.22222,51.729515]},"properties":{"holder_names":"Fareeda Jabbar","holder_address":"55 Westbury Crescent, Oxford, Ox4 3sa","property_count":1}},{"type":"Feature","geometry":{"type":"Point","coordinates":[23.819185,49.862409]},"properties":{"holder_names":"Pieter Francois","holder_address":"46 Raymund Road Marston, Oxford, OX3 0SP","property_count":1}},{"type":"Feature","geometry":{"type":"Point","coordinates":[-3.020432,51.64465]},"properties":{"holder_names":"Angela Flynn","holder_address":"20 Norham Gardens , Oxford, OX2 6QD","property_count":1}},{"type":"Feature","geometry":{"type":"Point","coordinates":[-1.441281,52.395695]},"properties":{"holder_names":"Ebury Group Holdings Limited","holder_address":"4 Rawlinson Road , Oxford, ox2 6ue","property_count":1}},{"type":"Feature","geometry":{"type":"Point","coordinates":[-2.674981,51.501612]},"properties":{"holder_names":"stella boswell","holder_address":"18a St Margaret's Road , Oxford, OX2 6RU","property_count":1}},{"type":"Feature","geometry":{"type":"Point","coordinates":[-3.18266,51.660093]},"properties":{"holder_names":"Ashfaq Sawar; Hutton parker (Ashfaq Sawar)","holder_address":"24 Kelburne Road , Oxford, OX4 3SJ","property_count":2}},{"type":"Feature","geometry":{"type":"Point","coordinates":[51.80169,55.651549]},"properties":{"holder_names":"Angus William Reid","holder_address":"28 Kimmeridge Road Cumnor, Oxford, OX2 9RF","property_count":2}},{"type":"Feature","geometry":{"type":"Point","coordinates":[-1.25116,51.720485]},"properties":{"holder_names":"Margaret Findlay","holder_address":"121 Bagley Close Kennington, Oxford, OX1 5LU","property_count":1}},{"type":"Feature","geometry":{"type":"Point","coordinates":[-0.426591,51.417397]},"properties":{"holder_names":"Ka Hung Chan","holder_address":"8 Cherry Tree Avenue Headington, Oxford, OX3 9GF","property_count":1}},{"type":"Feature","geometry":{"type":"Point","coordinates":[-1.441281,52.395695]},"properties":{"holder_names":"ZANHW LTD (Zeshan Qureshi)","holder_address":"4 Tucker Road , Oxford, OX4 6BA","property_count":1}},{"type":"Feature","geometry":{"type":"Point","coordinates":[-1.247886,51.392607]},"properties":{"holder_names":"Rachel Reeves","holder_address":"90 Southmoor Road , Oxford, OX2 6RB","property_count":2}},{"type":"Feature","geometry":{"type":"Point","coordinates":[-0.271284,50.936496]},"properties":{"holder_names":"Lindy Armitage","holder_address":"41B, Eden Drive Headington, Oxford, OX3 0AD","property_count":1}},{"type":"Feature","geometry":{"type":"Point","coordinates":[-0.352938,51.814955]},"properties":{"holder_names":"Natasha Yeates","holder_address":"6 Woodlands Close Headington, Oxford, OX3 7RY","property_count":1}},{"type":"Feature","geometry":{"type":"Point","coordinates":[23.736909,37.949989]},"properties":{"holder_names":"Mohammed Hoque","holder_address":"45 Asquith Road , Oxford, OX4 4RN","property_count":1}},{"type":"Feature","geometry":{"type":"Point","coordinates":[-0.477338,52.150429]},"properties":{"holder_names":"Rosalind Carne","holder_address":"2 North Street , Oxford, OX2 0AY","property_count":1}},{"type":"Feature","geometry":{"type":"Point","coordinates":[-3.18266,51.660093]},"properties":{"holder_names":"Michael John Holden","holder_address":"24 Dene Road Headington, Oxford, OX3 7EE","property_count":1}},{"type":"Feature","geometry":{"type":"Point","coordinates":[-1.30763,51.747195]},"properties":{"holder_names":"Amanda Eden","holder_address":"44 Cumnor Hill , Oxford, OX2 9HB","property_count":1}},{"type":"Feature","geometry":{"type":"Point","coordinates":[-0.931568,51.461421]},"properties":{"holder_names":"Paul Chamberlain","holder_address":"1 Brookside Headington, Oxford, OX3 7PJ","property_count":1}},{"type":"Feature","geometry":{"type":"Point","coordinates":[-1.186655,54.523063]},"properties":{"holder_names":"Haiyan Gao","holder_address":"72 Bulan Road Headington, Oxford, OX3 7HT","property_count":1}},{"type":"Feature","geometry":{"type":"Point","coordinates":[24.177345,54.350696]},"properties":{"holder_names":"Ruth Kim","holder_address":"33 Bertie Road Cumnor, Oxford, OX2 9PS","property_count":1}},{"type":"Feature","geometry":{"type":"Point","coordinates":[-1.299629,51.720073]},"properties":{"holder_names":"Wildwood Properties (Oxford) Ltd (Sandra Clarke)","holder_address":"Wildwood House, The Ridgeway Boars Hill, Oxford, OX1 5EZ","property_count":1}},{"type":"Feature","geometry":{"type":"Point","coordinates":[-0.478887,52.151212]},"properties":{"holder_names":"Daisy Oldershaw","holder_address":"12 Oxford Road Old Marston, Oxford, ox3 0pq","property_count":1}},{"type":"Feature","geometry":{"type":"Point","coordinates":[-1.288352,51.711639]},"properties":{"holder_names":"Jennifer Claire Green","holder_address":"Lincombe House, Lincombe Lane Boars Hill, Oxford, OX1 5DU","property_count":1}},{"type":"Feature","geometry":{"type":"Point","coordinates":[-0.352938,51.814955]},"properties":{"holder_names":"Michael O'Sullivan; Michael Osullivan","holder_address":"6 Tilehouse Close Headington, Oxford, OX3 8AU","property_count":2}},{"type":"Feature","geometry":{"type":"Point","coordinates":[-79.027688,-8.116178]},"properties":{"holder_names":"Emily Swift","holder_address":"1A, Ash Grove Headington, Oxford, OX3 9JN","property_count":1}},{"type":"Feature","geometry":{"type":"Point","coordinates":[15.970028,45.79777]},"properties":{"holder_names":"Denis OSullivan","holder_address":"21 Westbury Crescent , Oxford, OX4 3RZ","property_count":1}},{"type":"Feature","geometry":{"type":"Point","coordinates":[-0.426626,51.417531]},"properties":{"holder_names":"Aslam Hyder","holder_address":"9 Cricket Road , Oxford, OX4 3DG","property_count":1}},{"type":"Feature","geometry":{"type":"Point","coordinates":[-0.931568,51.461421]},"properties":{"holder_names":"Huma Ghaffar; Mohammed Osman Ghaffar","holder_address":"1 Marshall Road , Oxford, OX4 2NP","property_count":2}},{"type":"Feature","geometry":{"type":"Point","coordinates":[-2.29415,53.782902]},"properties":{"holder_names":"Vinay Kumar","holder_address":"65 Wilkins Road , Oxford, OX4 2HZ","property_count":1}},{"type":"Feature","geometry":{"type":"Point","coordinates":[7.102596,50.699772]},"properties":{"holder_names":"Muhammad Haq","holder_address":"41 Blay Close , Oxford, OX4 6BQ","property_count":1}},{"type":"Feature","geometry":{"type":"Point","coordinates":[83.806404,47.517351]},"properties":{"holder_names":"Gurpreet Singh","holder_address":"158 Fern Hill Road , Oxford, OX4 2JR","property_count":1}},{"type":"Feature","geometry":{"type":"Point","coordinates":[-0.426626,51.417531]},"properties":{"holder_names":"Habib Khan","holder_address":"9 Cumberland Road , Oxford, OX4 2BZ","property_count":1}},{"type":"Feature","geometry":{"type":"Point","coordinates":[-1.236388,51.747338]},"properties":{"holder_names":"LPM Residential Limited","holder_address":"Lower Flat, 154C Cowley Road, Oxford, OX4 1UE","property_count":3}},{"type":"Feature","geometry":{"type":"Point","coordinates":[-0.106403,51.599065]},"properties":{"holder_names":"Catherine Riach","holder_address":"79 Victoria Road, Oxford, OX2 7QG","property_count":1}},{"type":"Feature","geometry":{"type":"Point","coordinates":[-1.237777,51.744241]},"properties":{"holder_names":"Amar Jahangir","holder_address":"44 Henley Street , Oxford, OX4 1ES","property_count":1}},{"type":"Feature","geometry":{"type":"Point","coordinates":[44.749294,48.794839]},"properties":{"holder_names":"Alexandra Maria Newsome","holder_address":"37 Wharton Road Headington, Oxford, OX3 8AL","property_count":1}},{"type":"Feature","geometry":{"type":"Point","coordinates":[-0.679788,51.481023]},"properties":{"holder_names":"Emma Louise Davies","holder_address":"52 Crescent Road , Oxford, OX4 2PB","property_count":1}},{"type":"Feature","geometry":{"type":"Point","coordinates":[0.472293,51.733465]},"properties":{"holder_names":"Peter Hulcup","holder_address":"39 Leafield Road , Oxford, OX4 2PQ","property_count":1}},{"type":"Feature","geometry":{"type":"Point","coordinates":[-0.426591,51.417397]},"properties":{"holder_names":"Zakia Latif","holder_address":"8 Warwick St , Oxford, OX4 1SX","property_count":1}},{"type":"Feature","geometry":{"type":"Point","coordinates":[-0.426591,51.417397]},"properties":{"holder_names":"Krishna Singh","holder_address":"8 Fern Hill Road , Oxford, OX4 2JN","property_count":1}},{"type":"Feature","geometry":{"type":"Point","coordinates":[-0.931568,51.461421]},"properties":{"holder_names":"Ali Akkas","holder_address":"1 Long Close Headington, Oxford, OX3 8TT","property_count":2}},{"type":"Feature","geometry":{"type":"Point","coordinates":[-1.227866,51.768722]},"properties":{"holder_names":"Seamus Dunne","holder_address":"97 Copse Lane Marston, Oxford, OX3 0AU","property_count":1}},{"type":"Feature","geometry":{"type":"Point","coordinates":[-0.426591,51.417397]},"properties":{"holder_names":"Richard Wormell","holder_address":"8 Mill Lane Iffley, Oxford, OX4 4EJ","property_count":1}},{"type":"Feature","geometry":{"type":"Point","coordinates":[-1.22254,51.759913]},"properties":{"holder_names":"Steven Shields","holder_address":"210 Headley Way Headington, Oxford, OX3 7TA","property_count":1}},{"type":"Feature","geometry":{"type":"Point","coordinates":[-1.441281,52.395695]},"properties":{"holder_names":"Helen Lydford-Davis","holder_address":"4 Hurst Lane Cumnor, Oxford, OX2 9PR","property_count":1}},{"type":"Feature","geometry":{"type":"Point","coordinates":[-1.446896,51.402113]},"properties":{"holder_names":"Richard Wilsdon","holder_address":"78 Appleton Road Cumnor, Oxford, OX2 9QH","property_count":1}},{"type":"Feature","geometry":{"type":"Point","coordinates":[-0.477741,52.151645]},"properties":{"holder_names":"Ian Turner","holder_address":"18 Wytham Street , Oxford, OX1 4SU","property_count":1}},{"type":"Feature","geometry":{"type":"Point","coordinates":[-1.332324,51.734732]},"properties":{"holder_names":"Catherine Metcalfe","holder_address":"122 Oxford Road Cumnor, Oxford, OX2 9PQ","property_count":1}},{"type":"Feature","geometry":{"type":"Point","coordinates":[-0.426626,51.417531]},"properties":{"holder_names":"Monachan Yohannan","holder_address":"9 Wycombe Close Littlemore, Oxford, OX4 4QU","property_count":2}},{"type":"Feature","geometry":{"type":"Point","coordinates":[27.146994,38.436963]},"properties":{"holder_names":"Adrian Towse","holder_address":"35 Kennett Road Headington, Oxford, OX3 7BH","property_count":1}},{"type":"Feature","geometry":{"type":"Point","coordinates":[0.856938,52.484023]},"properties":{"holder_names":"Tulasa Devi Basnet","holder_address":"84 Dene Road Headington, Oxford, OX3 7EG","property_count":1}},{"type":"Feature","geometry":{"type":"Point","coordinates":[-1.237516,51.768959]},"properties":{"holder_names":"Kuljinder Singh","holder_address":"86 Oxford Road Old Marston, Oxford, OX3 0RD","property_count":1}},{"type":"Feature","geometry":{"type":"Point","coordinates":[-3.020432,51.64465]},"properties":{"holder_names":"RICHARD Rudman","holder_address":"20 Rock Farm Lane Sandford-on-Thames, Oxford, OX4 4YL","property_count":3}},{"type":"Feature","geometry":{"type":"Point","coordinates":[-1.441281,52.395695]},"properties":{"holder_names":"Mohammad Rana","holder_address":"4 Highfield Avenue Headington, Oxford, OX3 7LR","property_count":1}},{"type":"Feature","geometry":{"type":"Point","coordinates":[-0.931568,51.461421]},"properties":{"holder_names":"Sahida Aslam","holder_address":"1 Randolph St , Oxford, OX4 1XY","property_count":1}},{"type":"Feature","geometry":{"type":"Point","coordinates":[0.472293,51.733465]},"properties":{"holder_names":"Andrew Hill","holder_address":"39 Spring Lane Littlemore, Oxford, OX4 6LF","property_count":2}},{"type":"Feature","geometry":{"type":"Point","coordinates":[-0.067858,51.472743]},"properties":{"holder_names":"Patricia Curtis","holder_address":"3 Beauchamp Lane , Oxford, OX4 3LF","property_count":2}},{"type":"Feature","geometry":{"type":"Point","coordinates":[-0.479106,52.151138]},"properties":{"holder_names":"Fiona Gale","holder_address":"11 Holley Crescent Headington, Oxford, OX3 8AW","property_count":2}},{"type":"Feature","geometry":{"type":"Point","coordinates":[0.573402,51.36574]},"properties":{"holder_names":"Paul Gillham","holder_address":"22 Feilden Grove Headington, Oxford, OX3 0DU","property_count":1}},{"type":"Feature","geometry":{"type":"Point","coordinates":[-0.352938,51.814955]},"properties":{"holder_names":"Bebuoy Varghese","holder_address":"6 Ridgeway Road Headington, Oxford, OX3 8DR","property_count":1}},{"type":"Feature","geometry":{"type":"Point","coordinates":[44.005361,36.206077]},"properties":{"holder_names":"Ansar Pathan","holder_address":"43 Ashhurst Way, Oxford, OX4 4RE","property_count":2}},{"type":"Feature","geometry":{"type":"Point","coordinates":[-1.214968,51.716303]},"properties":{"holder_names":"Chesterton Yeates (Lily Yeates); Chesterton Yeates (Victoria Cummins); MOLHAM KHAMIS","holder_address":"Regus, John Eccles House Robert Robinson Avenue, Oxford,  OX4 4GP","property_count":3}},{"type":"Feature","geometry":{"type":"Point","coordinates":[-1.177319,51.80497]},"properties":{"holder_names":"Pia Key","holder_address":"Dunleah, Otmoor Lane Beckley, Oxford, OX3 9TB","property_count":1}},{"type":"Feature","geometry":{"type":"Point","coordinates":[-0.304619,51.482158]},"properties":{"holder_names":"RMA Investments Ltd","holder_address":"101a Cowley Road , Oxford, OX4 1HU","property_count":1}},{"type":"Feature","geometry":{"type":"Point","coordinates":[-0.352938,51.814955]},"properties":{"holder_names":"Anthony Alexander Stephen Randall","holder_address":"6 Frenchay Road , Oxford, OX2 6TG","property_count":1}},{"type":"Feature","geometry":{"type":"Point","coordinates":[-0.426626,51.417531]},"properties":{"holder_names":"Sarbjit Saini","holder_address":"9 Ambleside Drive Headington, Oxford, OX3 0AG","property_count":1}},{"type":"Feature","geometry":{"type":"Point","coordinates":[0.180868,51.870642]},"properties":{"holder_names":"Piyal Matilal; Sarmita Matilal","holder_address":"13 Salisbury Crescent , Oxford, OX2 7TJ","property_count":2}},{"type":"Feature","geometry":{"type":"Point","coordinates":[-0.931568,51.461421]},"properties":{"holder_names":"Saqib Munir Malik","holder_address":"1 Marlborough Close Littlemore, Oxford, OX4 4PH","property_count":1}},{"type":"Feature","geometry":{"type":"Point","coordinates":[-1.264247,51.723515]},"properties":{"holder_names":"NV Estates Limited (Vaseem Manzoor); Raja Brothers Limited (Vaseem Manzoor); Vaseem Manzoor","holder_address":"Grove House Badger Lane, Oxford, OX1 5BL","property_count":5}},{"type":"Feature","geometry":{"type":"Point","coordinates":[-1.834693,51.573859]},"properties":{"holder_names":"Breken Properties Ltd (Kenneth Macmillan)","holder_address":"5 Iffley Turn , Oxford, OX4 4DU","property_count":1}},{"type":"Feature","geometry":{"type":"Point","coordinates":[-1.215446,51.813941]},"properties":{"holder_names":"Nick Grimshaw","holder_address":"Little Warren Noke, Oxford, OX3 9TT","property_count":1}},{"type":"Feature","geometry":{"type":"Point","coordinates":[-1.252267,51.733871]},"properties":{"holder_names":"Alexander Armitage","holder_address":"94 Wytham Street , Oxford, OX1 4TW","property_count":1}},{"type":"Feature","geometry":{"type":"Point","coordinates":[3.871821,43.840858]},"properties":{"holder_names":"Vaneesha Monk","holder_address":"34 Merewood Avenue Headington, Oxford, OX3 8EF","property_count":1}},{"type":"Feature","geometry":{"type":"Point","coordinates":[141.433489,40.547494]},"properties":{"holder_names":"william underhill","holder_address":"29 Stratfield Road , Oxford, OX2 7BG","property_count":1}},{"type":"Feature","geometry":{"type":"Point","coordinates":[-1.289384,51.739088]},"properties":{"holder_names":"Fionnuala Maynard","holder_address":"New Barn Stanton Road, Oxford, OX2 9AY","property_count":1}},{"type":"Feature","geometry":{"type":"Point","coordinates":[-1.293916,51.742489]},"properties":{"holder_names":"Andrew Bond","holder_address":"Wadham House Yarnells Hill, Oxford, OX2 9BG","property_count":1}},{"type":"Feature","geometry":{"type":"Point","coordinates":[-0.478671,52.151284]},"properties":{"holder_names":"Erica Longfellow","holder_address":"14 Longwall Street , Oxford, OX1 3SX","property_count":1}},{"type":"Feature","geometry":{"type":"Point","coordinates":[44.749294,48.794839]},"properties":{"holder_names":"Alexandra Antsugai","holder_address":"37 Park Close , Oxford, OX2 8NP","property_count":1}},{"type":"Feature","geometry":{"type":"Point","coordinates":[-0.478671,52.151284]},"properties":{"holder_names":"Hameed Abdolrazaghi","holder_address":"14 Sunderland Avenue , Oxford, OX2 8DX","property_count":1}},{"type":"Feature","geometry":{"type":"Point","coordinates":[-0.457024,51.468075]},"properties":{"holder_names":"Chris Little LTD","holder_address":"305 Woodstock Road , Oxford, OX2 7NY","property_count":1}},{"type":"Feature","geometry":{"type":"Point","coordinates":[-1.209485,51.731463]},"properties":{"holder_names":"Rajeev Rana","holder_address":"44 Phipps Road , Oxford, OX4 3HH","property_count":1}},{"type":"Feature","geometry":{"type":"Point","coordinates":[-3.020432,51.64465]},"properties":{"holder_names":"Lucie Ryzova","holder_address":"20 Beauchamp Lane , Oxford, OX4 3LF","property_count":1}},{"type":"Feature","geometry":{"type":"Point","coordinates":[-0.067858,51.472743]},"properties":{"holder_names":"Xin Meng","holder_address":"3 Purland Close , Oxford, OX4 2HJ","property_count":1}},{"type":"Feature","geometry":{"type":"Point","coordinates":[-0.477741,52.151645]},"properties":{"holder_names":"Steven Ayres","holder_address":"18 Carey Close , Oxford, OX2 8HX","property_count":1}},{"type":"Feature","geometry":{"type":"Point","coordinates":[-1.219137,51.737913]},"properties":{"holder_names":"BMA Varsity Limited","holder_address":"B M A Varsity Ltd, 15 Oxford Road Cowley, Oxford, OX4 2EN","property_count":2}},{"type":"Feature","geometry":{"type":"Point","coordinates":[6.7643,51.211817]},"properties":{"holder_names":"Rahul Balehittal","holder_address":"3 Littlemore Road , Oxford, OX4 3ST","property_count":1}},{"type":"Feature","geometry":{"type":"Point","coordinates":[-1.186655,54.523063]},"properties":{"holder_names":"H John Humphris; H john Humphris","holder_address":"72 Rose Hill , Oxford, OX4 4HS","property_count":5}},{"type":"Feature","geometry":{"type":"Point","coordinates":[121.117045,14.585663]},"properties":{"holder_names":"Sharon Hiller- Murray","holder_address":"60 Westbury Crescent , Oxford, OX4 3SA","property_count":1}},{"type":"Feature","geometry":{"type":"Point","coordinates":[-0.477486,52.151361]},"properties":{"holder_names":"Kathryn Lamyman","holder_address":"16 Upland Park Road , Oxford, OX2 7RU","property_count":1}},{"type":"Feature","geometry":{"type":"Point","coordinates":[0.500925,51.392265]},"properties":{"holder_names":"alison Sneezum","holder_address":"70 Wolsey Road , Oxford, OX2 7TA","property_count":1}},{"type":"Feature","geometry":{"type":"Point","coordinates":[-0.352938,51.814955]},"properties":{"holder_names":"Peter Ellis","holder_address":"6 Osler Road, Oxford, OX3 9BJ","property_count":1}},{"type":"Feature","geometry":{"type":"Point","coordinates":[7.102074,50.699777]},"properties":{"holder_names":"Barbara King","holder_address":"40 Henley Road Sandford-on-Thames, Oxford, OX4 4YP","property_count":1}},{"type":"Feature","geometry":{"type":"Point","coordinates":[-1.834693,51.573859]},"properties":{"holder_names":"Kathryn Rowsell","holder_address":"5 Ellesmere Road , Oxford, OX4 4JG","property_count":1}},{"type":"Feature","geometry":{"type":"Point","coordinates":[-1.899995,52.477583]},"properties":{"holder_names":"The Masters and Scholars of Balliol College in the University of  Oxford (Amanda Tilley)","holder_address":"9B Mansfield Road, Oxford, OX1 3SZ","property_count":1}},{"type":"Feature","geometry":{"type":"Point","coordinates":[-0.477741,52.151645]},"properties":{"holder_names":"Patricia Evans","holder_address":"18 The Paddox , Oxford, OX2 7PN","property_count":1}},{"type":"Feature","geometry":{"type":"Point","coordinates":[7.102596,50.699772]},"properties":{"holder_names":"Hutton Parker (Hutton Parker)","holder_address":"41 st clements , Oxford, OX4 1ag","property_count":1}},{"type":"Feature","geometry":{"type":"Point","coordinates":[0.472293,51.733465]},"properties":{"holder_names":"Connie Fung","holder_address":"39 Downside Road Headington, Oxford, OX3 8HP","property_count":1}},{"type":"Feature","geometry":{"type":"Point","coordinates":[0.180868,51.870642]},"properties":{"holder_names":"ColinP Taylor","holder_address":"13 St. Annes Road Headington, Oxford, OX3 8NN","property_count":1}},{"type":"Feature","geometry":{"type":"Point","coordinates":[-1.276862,51.7187]},"properties":{"holder_names":"Luke Cook","holder_address":"Bayford, Foxcombe Road Boars Hill, Oxford, OX1 5DG","property_count":1}},{"type":"Feature","geometry":{"type":"Point","coordinates":[-79.027688,-8.116178]},"properties":{"holder_names":"Charles Bidwell","holder_address":"1A Davenant Road, Oxford, OX2 8BT","property_count":1}},{"type":"Feature","geometry":{"type":"Point","coordinates":[-1.834693,51.573859]},"properties":{"holder_names":"Matthew Jeffery","holder_address":"5 Halliday Lane , Oxford, OX2 0FG","property_count":1}},{"type":"Feature","geometry":{"type":"Point","coordinates":[6.7643,51.211817]},"properties":{"holder_names":"Martin Albin","holder_address":"32 Bowness Avenue Headington, Oxford, OX3 0AL","property_count":1}},{"type":"Feature","geometry":{"type":"Point","coordinates":[-1.13582,52.956435]},"properties":{"holder_names":"David Cole","holder_address":"10 Bushey Leys Close Headington, Oxford, OX3 9NJ","property_count":1}},{"type":"Feature","geometry":{"type":"Point","coordinates":[1.290358,52.625928]},"properties":{"holder_names":"Philippa Gwilliam","holder_address":"172 Sandy Lane , Oxford, OX4 6LQ","property_count":1}},{"type":"Feature","geometry":{"type":"Point","coordinates":[-1.289384,51.739088]},"properties":{"holder_names":"Jane Lloyd","holder_address":"Bladon House Stanton Road, Oxford, OX2 9AY","property_count":1}},{"type":"Feature","geometry":{"type":"Point","coordinates":[-1.267819,51.783917]},"properties":{"holder_names":"Sylvia Imogen Lakeland-Fell Corcoran","holder_address":"Flat 39, Ritchie Court 380 Banbury Road, Oxford, OX2 7PW","property_count":1}},{"type":"Feature","geometry":{"type":"Point","coordinates":[-1.201904,51.757176]},"properties":{"holder_names":"Jianwei Li","holder_address":"47 Weyland Road Headington, Oxford, OX3 8PE","property_count":1}},{"type":"Feature","geometry":{"type":"Point","coordinates":[-1.441281,52.395695]},"properties":{"holder_names":"Beverley Battle","holder_address":"4 Sandy Lane , Oxford, OX4 6AW","property_count":1}},{"type":"Feature","geometry":{"type":"Point","coordinates":[-1.209046,51.737845]},"properties":{"holder_names":"Yufang Jin","holder_address":"147 Crescent Road , Oxford, OX4 2NY","property_count":2}},{"type":"Feature","geometry":{"type":"Point","coordinates":[-1.301104,51.402198]},"properties":{"holder_names":"Tiancun Xiao","holder_address":"87 Staunton Road Headington, Oxford, OX3 7TL","property_count":1}},{"type":"Feature","geometry":{"type":"Point","coordinates":[68.339014,43.283425]},"properties":{"holder_names":"Yingying Gu","holder_address":"61 Waynflete Road , OXFORD, OX3 8BJ","property_count":1}},{"type":"Feature","geometry":{"type":"Point","coordinates":[-1.229208,51.749633]},"properties":{"holder_names":"Morrell Grounds LTD (Aeron Buchanan)","holder_address":"98b Morrell Avenue, Oxford, OX4 1NA","property_count":1}},{"type":"Feature","geometry":{"type":"Point","coordinates":[27.189363,63.579876]},"properties":{"holder_names":"Lawrence William","holder_address":"140 Kestrel Crescent, Oxford, Ox4 6EB","property_count":1}},{"type":"Feature","geometry":{"type":"Point","coordinates":[-1.263129,51.777628]},"properties":{"holder_names":"Nicola Bush; Thomas Meurig Luc Edwards","holder_address":"Summer Fields Mayfield Road, Oxford, OX2 7EN","property_count":2}},{"type":"Feature","geometry":{"type":"Point","coordinates":[1.170733,49.213836]},"properties":{"holder_names":"Paul Harris","holder_address":"27 Newton Road , Oxford, OX1 4PT","property_count":1}},{"type":"Feature","geometry":{"type":"Point","coordinates":[-1.537529,53.588069]},"properties":{"holder_names":"Anne Enayat","holder_address":"38 Burford Lodge Pegasus Grange White House Road, Oxford,  OX1 4QG","property_count":1}},{"type":"Feature","geometry":{"type":"Point","coordinates":[-1.409797,50.915735]},"properties":{"holder_names":"Hilly Hofmann","holder_address":"68 Lonsdale Road , Oxford, OX2 7EP","property_count":1}},{"type":"Feature","geometry":{"type":"Point","coordinates":[-0.124301,51.50538]},"properties":{"holder_names":"Tim Guildford","holder_address":"98 Holywell Street , Oxford, OX1 3SE","property_count":1}},{"type":"Feature","geometry":{"type":"Point","coordinates":[26.62446,51.311352]},"properties":{"holder_names":"Elaine Kavanagh","holder_address":"56 Freelands Road , Oxford, OX4 4BT","property_count":1}},{"type":"Feature","geometry":{"type":"Point","coordinates":[-0.477338,52.150429]},"properties":{"holder_names":"Elisabeth Hsu","holder_address":"2 Leckford Place , Oxford, OX2 6JB","property_count":1}},{"type":"Feature","geometry":{"type":"Point","coordinates":[-0.478887,52.151212]},"properties":{"holder_names":"James Lall","holder_address":"12 kersington crescent , oxford, ox4 3rh","property_count":1}},{"type":"Feature","geometry":{"type":"Point","coordinates":[-1.222959,51.740953]},"properties":{"holder_names":"Christo Sechati","holder_address":"151 Reliance Way , Oxford, OX4 2FW","property_count":1}},{"type":"Feature","geometry":{"type":"Point","coordinates":[-1.225417,51.761573]},"properties":{"holder_names":"Faisal Aziz","holder_address":"Ilhaam Chalet, 109A Jack Straws Lane, Headington, Oxford,  OX3 0DW","property_count":1}},{"type":"Feature","geometry":{"type":"Point","coordinates":[-0.47846,52.151355]},"properties":{"holder_names":"MOHAMMAD JAMIL MALIK","holder_address":"15 Marshall Road Cowley, Oxford, OX4 2NP","property_count":1}},{"type":"Feature","geometry":{"type":"Point","coordinates":[-1.267302,51.772123]},"properties":{"holder_names":"B Twomey; R\u00e9alta Limited (B Twomey)","holder_address":"217 Woodstock Road , Oxford, OX2 7AD","property_count":2}},{"type":"Feature","geometry":{"type":"Point","coordinates":[-0.640755,51.731905]},"properties":{"holder_names":"Wendy Skinner-Smith","holder_address":"48 Helen Road , Oxford, OX2 0DE","property_count":1}},{"type":"Feature","geometry":{"type":"Point","coordinates":[-1.287964,51.704942]},"properties":{"holder_names":"Phillip Maund","holder_address":"Copse Side, Lincombe Lane Boars Hill, Oxford, OX1 5DY","property_count":1}},{"type":"Feature","geometry":{"type":"Point","coordinates":[0.573402,51.36574]},"properties":{"holder_names":"Govind Sapkota","holder_address":"22 LOCKHEART CRESCENT , OXFORD, ox4 3rn","property_count":1}},{"type":"Feature","geometry":{"type":"Point","coordinates":[-0.067858,51.472743]},"properties":{"holder_names":"Thomas Ford","holder_address":"3 Florence Court, Norton Close Headington, Oxford, OX3 7BQ","property_count":1}},{"type":"Feature","geometry":{"type":"Point","coordinates":[31.257651,58.523612]},"properties":{"holder_names":"Patrick Halliday","holder_address":"116 Kingston Road , Oxford, OX2 6RW","property_count":1}},{"type":"Feature","geometry":{"type":"Point","coordinates":[-1.300546,51.720657]},"properties":{"holder_names":"George Lambrick","holder_address":"Pickets Heath, The Ridgeway Boars Hill, Oxford, OX1 5EZ","property_count":1}},{"type":"Feature","geometry":{"type":"Point","coordinates":[-0.477741,52.151645]},"properties":{"holder_names":"Kamrunnaher Beauty","holder_address":"18 Crowell Road , Oxford, OX4 3LN","property_count":2}},{"type":"Feature","geometry":{"type":"Point","coordinates":[-0.067858,51.472743]},"properties":{"holder_names":"Jose Casimiro Andre","holder_address":"3 Peacock Road Headington, Oxford, OX3 0DQ","property_count":1}},{"type":"Feature","geometry":{"type":"Point","coordinates":[-1.293916,51.742489]},"properties":{"holder_names":"Nikolai Schwabe","holder_address":"Harcourt Dene, Yarnells Hill , Oxford, OX2 9BG","property_count":1}},{"type":"Feature","geometry":{"type":"Point","coordinates":[-1.233067,51.746345]},"properties":{"holder_names":"Oxford Lettings (Mohammed Idrees)","holder_address":"226 Cowley Road , Oxford, OX4 1uh","property_count":1}},{"type":"Feature","geometry":{"type":"Point","coordinates":[-1.187922,51.765556]},"properties":{"holder_names":"jon darnell","holder_address":"Jubilee Cottage, Bayswater Farm Road Headington, Oxford,  OX3 8BY","property_count":1}},{"type":"Feature","geometry":{"type":"Point","coordinates":[24.177345,54.350696]},"properties":{"holder_names":"JALAL RIDHA","holder_address":"33 Claymond Road Headington, Oxford, OX3 8BU","property_count":1}},{"type":"Feature","geometry":{"type":"Point","coordinates":[-1.261717,51.767991]},"properties":{"holder_names":"Jiangong Zhang","holder_address":"92C Banbury Road, Oxford, OX2 6JT","property_count":1}},{"type":"Feature","geometry":{"type":"Point","coordinates":[-0.931568,51.461421]},"properties":{"holder_names":"Qing-Hui Gu","holder_address":"1 Pennywell Drive , Oxford, OX2 8NB","property_count":1}},{"type":"Feature","geometry":{"type":"Point","coordinates":[-3.200461,51.583354]},"properties":{"holder_names":"stella boswell","holder_address":"18A St. Margarets Road, Oxford, OX2 6RU","property_count":1}},{"type":"Feature","geometry":{"type":"Point","coordinates":[30.786482,46.574185]},"properties":{"holder_names":"GREGORY HOMES PROPERTIES LTD (Andrew Gregory)","holder_address":"51 Long Lane , Oxford, OX4 3TN","property_count":1}},{"type":"Feature","geometry":{"type":"Point","coordinates":[-0.47783,52.151799]},"properties":{"holder_names":"Jayachandran Narayanan Nair","holder_address":"19 Borrowmead Road Headington, Oxford, OX3 9QW","property_count":1}},{"type":"Feature","geometry":{"type":"Point","coordinates":[-1.815598,51.562237]},"properties":{"holder_names":"Vaida Rustom","holder_address":"23 Maltfield Road Headington, Oxford, OX3 9RG","property_count":1}},{"type":"Feature","geometry":{"type":"Point","coordinates":[-1.214896,51.735318]},"properties":{"holder_names":"Saleem Mohammed","holder_address":"145 Oxford Road Cowley, Oxford, OX4 2ES","property_count":1}},{"type":"Feature","geometry":{"type":"Point","coordinates":[-0.355567,51.427004]},"properties":{"holder_names":"Alison Carter","holder_address":"75 Fogwell Road , Oxford, OX2 9SD","property_count":2}},{"type":"Feature","geometry":{"type":"Point","coordinates":[-0.426591,51.417397]},"properties":{"holder_names":"Qamar Dogar","holder_address":"8 Tawney Street , Oxford, OX4 1NJ","property_count":2}},{"type":"Feature","geometry":{"type":"Point","coordinates":[-0.426591,51.417397]},"properties":{"holder_names":"Ren\u00e9e Aronson","holder_address":"8 Lathbury Road , Oxford, OX2 7AU","property_count":1}},{"type":"Feature","geometry":{"type":"Point","coordinates":[-0.478887,52.151212]},"properties":{"holder_names":"Borislava Mihaylova","holder_address":"12 Reliance Way , Oxford, OX4 2FU","property_count":1}},{"type":"Feature","geometry":{"type":"Point","coordinates":[-1.231974,51.707153]},"properties":{"holder_names":"Irene de Los Angeles Reveco","holder_address":"130 Church Road Sandford-on-Thames, Oxford, OX4 4YB","property_count":1}},{"type":"Feature","geometry":{"type":"Point","coordinates":[-0.640755,51.731905]},"properties":{"holder_names":"Mark James Bridger","holder_address":"48 Trinity Street , Oxford, OX1 1TY","property_count":1}},{"type":"Feature","geometry":{"type":"Point","coordinates":[-1.231136,51.740921]},"properties":{"holder_names":"SHAKILA BOKHARI","holder_address":"111 Howard Street , Oxford, OX4 3AZ","property_count":1}},{"type":"Feature","geometry":{"type":"Point","coordinates":[-1.207386,51.737521]},"properties":{"holder_names":"Craig Fraser; karen charles","holder_address":"110 Hollow Way Cowley, Oxford, OX4 2NH","property_count":2}},{"type":"Feature","geometry":{"type":"Point","coordinates":[-0.477338,52.150429]},"properties":{"holder_names":"Koshy Thekkekkara chacko","holder_address":"2 Thistle Drive , Oxford, OX4 7UP","property_count":1}},{"type":"Feature","geometry":{"type":"Point","coordinates":[-0.931568,51.461421]},"properties":{"holder_names":"Nawaz Hussain","holder_address":"1 Bleache Place , Oxford, OX4 2JD","property_count":1}},{"type":"Feature","geometry":{"type":"Point","coordinates":[1.170733,49.213836]},"properties":{"holder_names":"Adam Hayle","holder_address":"27 Brake Hill , Oxford, OX4 7RU","property_count":1}},{"type":"Feature","geometry":{"type":"Point","coordinates":[-0.352938,51.814955]},"properties":{"holder_names":"Landlord (Alex Singleton)","holder_address":"6 St. Nicholas Road , Oxford, OX4 4PP","property_count":1}},{"type":"Feature","geometry":{"type":"Point","coordinates":[-0.352938,51.814955]},"properties":{"holder_names":"Marfin (Oxford) Limited (Alexander Marfin)","holder_address":"6 Quarry Road Headington, Oxford, OX3 8NU","property_count":1}},{"type":"Feature","geometry":{"type":"Point","coordinates":[139.536566,36.246112]},"properties":{"holder_names":"Zhenhai Li","holder_address":"57 Mill Stream House , Oxford, OX1 1EB","property_count":1}},{"type":"Feature","geometry":{"type":"Point","coordinates":[-3.10227,51.017659]},"properties":{"holder_names":"Karl K\u00fcegle","holder_address":"5a Hythe Bridge Street Towpath , Oxford, OX1 2TA","property_count":1}},{"type":"Feature","geometry":{"type":"Point","coordinates":[-3.020432,51.64465]},"properties":{"holder_names":"Alexander Arthur Marsh","holder_address":"20 Simpsons Way Kennington, Oxford, OX1 5RZ","property_count":1}},{"type":"Feature","geometry":{"type":"Point","coordinates":[-0.478671,52.151284]},"properties":{"holder_names":"Alice MUNSEY","holder_address":"14 Chawley Lane Cumnor, Oxford, OX2 9PX","property_count":1}},{"type":"Feature","geometry":{"type":"Point","coordinates":[-1.2243,51.748921]},"properties":{"holder_names":"John Brennan","holder_address":"130 Southfield Road , Oxford, OX4 1PA","property_count":1}},{"type":"Feature","geometry":{"type":"Point","coordinates":[-1.194625,51.739425]},"properties":{"holder_names":"Hubert John Humphris; John Hubert Humphris","holder_address":"Humphris, 33A Pony Road, Cowley, Oxford, OX4 2RD","property_count":4}},{"type":"Feature","geometry":{"type":"Point","coordinates":[-1.560836,52.385565]},"properties":{"holder_names":"Hooman Kaveh","holder_address":"2 Colegrove Down , Oxford, OX2 9HT","property_count":1}},{"type":"Feature","geometry":{"type":"Point","coordinates":[-1.186655,54.523063]},"properties":{"holder_names":"Margaret Katritzky","holder_address":"72 Rewley Road, Oxford, ox1 2rq","property_count":1}},{"type":"Feature","geometry":{"type":"Point","coordinates":[-0.478671,52.151284]},"properties":{"holder_names":"Dennis Stormont","holder_address":"14 Tree Lane , Oxford, OX4 4EY","property_count":1}},{"type":"Feature","geometry":{"type":"Point","coordinates":[0.857888,52.489683]},"properties":{"holder_names":"Francis D A Tiffany","holder_address":"84 Old High Street Headington, Oxford, OX3 9HW","property_count":1}},{"type":"Feature","geometry":{"type":"Point","coordinates":[-1.221472,51.75659]},"properties":{"holder_names":"Farah Sarwar","holder_address":"220 Headington Road Headington, Oxford, OX3 7PS","property_count":1}},{"type":"Feature","geometry":{"type":"Point","coordinates":[141.433489,40.547494]},"properties":{"holder_names":"Jitka Fort; None (Jitka Fort)","holder_address":"29 Wolsey Road , Oxford, OX2 7TA","property_count":2}},{"type":"Feature","geometry":{"type":"Point","coordinates":[-1.218246,51.732114]},"properties":{"holder_names":"Jac Lawler","holder_address":"Connells Estate Agents 60 Between Towns Road, Oxford, OX4  3LR","property_count":1}},{"type":"Feature","geometry":{"type":"Point","coordinates":[27.146994,38.436963]},"properties":{"holder_names":"Lynette Morris","holder_address":"35 Observatory Street , Oxford, OX2 6EW","property_count":1}},{"type":"Feature","geometry":{"type":"Point","coordinates":[-1.318454,51.386206]},"properties":{"holder_names":"Donald Dalton","holder_address":"7 Moreton Road , Oxford, OX2 7AX","property_count":1}},{"type":"Feature","geometry":{"type":"Point","coordinates":[-1.339887,52.852046]},"properties":{"holder_names":"Kenneth Stuart Barth","holder_address":"25 Henley Avenue Iffley, Oxford, OX4 4DJ","property_count":1}},{"type":"Feature","geometry":{"type":"Point","coordinates":[-0.478887,52.151212]},"properties":{"holder_names":"Lule Likmeta","holder_address":"12 Morris Crescent , Oxford, OX4 3ED","property_count":2}},{"type":"Feature","geometry":{"type":"Point","coordinates":[44.005361,36.206077]},"properties":{"holder_names":"Yanyan Zhang","holder_address":"43 Sandfield road Headington, Oxford, OX3 7RN","property_count":1}},{"type":"Feature","geometry":{"type":"Point","coordinates":[-1.226514,51.762897]},"properties":{"holder_names":"Manoj Parulekar","holder_address":"133 Staunton Road Headington, Oxford, OX3 7TN","property_count":1}},{"type":"Feature","geometry":{"type":"Point","coordinates":[-0.479106,52.151138]},"properties":{"holder_names":"Malgorzata Cyranka","holder_address":"11 Hurst Street , Oxford, OX4 1EZ","property_count":1}},{"type":"Feature","geometry":{"type":"Point","coordinates":[-1.228588,51.76184]},"properties":{"holder_names":"Guoqing Dai","holder_address":"Barna Brow, 1 Harberton Mead Headington, Oxford, OX3 0DB","property_count":1}},{"type":"Feature","geometry":{"type":"Point","coordinates":[-0.352938,51.814955]},"properties":{"holder_names":"Sarah Frances Bedford","holder_address":"6 Jersey Road , Oxford, OX4 4RT","property_count":1}},{"type":"Feature","geometry":{"type":"Point","coordinates":[-1.537529,53.588069]},"properties":{"holder_names":"JAISON KURIAN","holder_address":"38 Stubbs Avenue Headington, Oxford, OX3 8RT","property_count":1}},{"type":"Feature","geometry":{"type":"Point","coordinates":[-1.318454,51.386206]},"properties":{"holder_names":"Liam Sloane","holder_address":"7 Sandfield Road Headington, Oxford, OX3 7RG","property_count":2}},{"type":"Feature","geometry":{"type":"Point","coordinates":[-1.339887,52.852046]},"properties":{"holder_names":"Michael Foley","holder_address":"25 Lake Street , Oxford, OX1 4RN","property_count":1}},{"type":"Feature","geometry":{"type":"Point","coordinates":[-1.189539,51.757048]},"properties":{"holder_names":"Technovis Properties Limited (Sandhya Sunkara)","holder_address":"The Wilderness, 7 Lewis Close Headington, Oxford, OX3 8JD","property_count":1}},{"type":"Feature","geometry":{"type":"Point","coordinates":[-0.478671,52.151284]},"properties":{"holder_names":"Susan Lavender","holder_address":"14 Cordrey Green , Oxford, OX4 4ER","property_count":1}},{"type":"Feature","geometry":{"type":"Point","coordinates":[51.80169,55.651549]},"properties":{"holder_names":"Maria Paz Miranda Leon","holder_address":"28 Brookfield Crescent Headington, Oxford, OX3 0AZ","property_count":1}},{"type":"Feature","geometry":{"type":"Point","coordinates":[-0.478887,52.151212]},"properties":{"holder_names":"Donald Morrison","holder_address":"12 Leafield Road , Oxford, OX4 2PL","property_count":1}},{"type":"Feature","geometry":{"type":"Point","coordinates":[-1.392745,51.40087]},"properties":{"holder_names":"David Hilton","holder_address":"81 Church Way Iffley, Oxford, OX4 4EF","property_count":1}},{"type":"Feature","geometry":{"type":"Point","coordinates":[1.170733,49.213836]},"properties":{"holder_names":"Patricia Salisbury","holder_address":"27 Mark Road Headington, Oxford, OX3 8PB","property_count":1}},{"type":"Feature","geometry":{"type":"Point","coordinates":[-1.209448,51.760391]},"properties":{"holder_names":"Seril Shah","holder_address":"142C, London Road Headington, Oxford, OX3 9ED","property_count":1}},{"type":"Feature","geometry":{"type":"Point","coordinates":[-1.268406,51.774892]},"properties":{"holder_names":"Timothy Edwin Paul Stevenson","holder_address":"263 Woodstock Road , Oxford, OX2 7AE","property_count":1}},{"type":"Feature","geometry":{"type":"Point","coordinates":[0.180868,51.870642]},"properties":{"holder_names":"Martyn Ess","holder_address":"13 Brookside Headington, Oxford, OX3 7PJ","property_count":1}},{"type":"Feature","geometry":{"type":"Point","coordinates":[-1.318454,51.386206]},"properties":{"holder_names":"Ursula Harrison","holder_address":"7 Fitzherbert Close , Oxford, OX4 4EN","property_count":1}},{"type":"Feature","geometry":{"type":"Point","coordinates":[-0.477486,52.151361]},"properties":{"holder_names":"Shoa Dogar","holder_address":"16 Lyndworth Close Headington, Oxford, OX3 9ER","property_count":2}},{"type":"Feature","geometry":{"type":"Point","coordinates":[-0.679788,51.481023]},"properties":{"holder_names":"Dorothy Hall","holder_address":"52 Hutchcomb Road , Oxford, OX2 9HL","property_count":1}},{"type":"Feature","geometry":{"type":"Point","coordinates":[-0.47783,52.151799]},"properties":{"holder_names":"James Pagano","holder_address":"19 Hunsdon Road , Oxford, OX4 4JE","property_count":1}},{"type":"Feature","geometry":{"type":"Point","coordinates":[-3.18266,51.660093]},"properties":{"holder_names":"Theresa Frayn","holder_address":"24 Ramsay Road Headington, Oxford, OX3 8AX","property_count":2}},{"type":"Feature","geometry":{"type":"Point","coordinates":[-1.236658,51.755663]},"properties":{"holder_names":"Oxford Centre for Islamic Studies (Bursary secretary)","holder_address":"Oxford Centre For Islamic Studies, Marston Road Marston,  Oxford, OX3 0EE","property_count":1}},{"type":"Feature","geometry":{"type":"Point","coordinates":[-0.931568,51.461421]},"properties":{"holder_names":"Penny and Sinclair","holder_address":"1-4 The Plain , Oxford, OX4 1AS","property_count":1}},{"type":"Feature","geometry":{"type":"Point","coordinates":[51.80169,55.651549]},"properties":{"holder_names":"xiaomeng wei","holder_address":"28 Raymund Road Marston, Oxford, OX3 0SW","property_count":2}},{"type":"Feature","geometry":{"type":"Point","coordinates":[-0.478887,52.151212]},"properties":{"holder_names":"Kate Croft","holder_address":"12 Ulfgar Road , Oxford, OX2 8AZ","property_count":1}},{"type":"Feature","geometry":{"type":"Point","coordinates":[-1.266735,51.770225]},"properties":{"holder_names":"Louise Cassell","holder_address":"183 Woodstock Road , Oxford, OX2 7NB","property_count":2}},{"type":"Feature","geometry":{"type":"Point","coordinates":[-0.911485,53.383984]},"properties":{"holder_names":"Mohammed Sadiq","holder_address":"68 Westbury Crescent , Oxford, OX4 3SA","property_count":1}},{"type":"Feature","geometry":{"type":"Point","coordinates":[-1.263951,51.775774]},"properties":{"holder_names":"Christopher Meecham; Yun-Ju Meecham","holder_address":"210 Banbury Road , Oxford, OX2 7BY","property_count":2}},{"type":"Feature","geometry":{"type":"Point","coordinates":[-1.202457,51.721385]},"properties":{"holder_names":"San John Antonet Valentine","holder_address":"47 Blackbird Leys Road , Oxford, OX4 6HJ","property_count":1}},{"type":"Feature","geometry":{"type":"Point","coordinates":[-1.186209,51.751906]},"properties":{"holder_names":"Sarosh Irani","holder_address":"Brynderi, Old Road Shotover Hill, Headington, Oxford, OX3 8TA","property_count":1}},{"type":"Feature","geometry":{"type":"Point","coordinates":[-0.477338,52.150429]},"properties":{"holder_names":"Ken Taylor","holder_address":"2 Boults Close Marston, Oxford, OX3 0PP","property_count":1}},{"type":"Feature","geometry":{"type":"Point","coordinates":[-1.815598,51.562237]},"properties":{"holder_names":"Mohammed Abbas Khan","holder_address":"23 Church Hill Road , Oxford, OX4 3SG","property_count":1}},{"type":"Feature","geometry":{"type":"Point","coordinates":[-1.339887,52.852046]},"properties":{"holder_names":"Elisabeth Jane McNeill","holder_address":"25 Temple Road , Oxford, OX4 2ET","property_count":1}},{"type":"Feature","geometry":{"type":"Point","coordinates":[-0.479106,52.151138]},"properties":{"holder_names":"KANWALJIT SINGH KAMAL","holder_address":"11 Van Diemans Lane , Oxford, OX4 3QA","property_count":1}},{"type":"Feature","geometry":{"type":"Point","coordinates":[-0.477615,52.151507]},"properties":{"holder_names":"Shamim Choudhry","holder_address":"17 The Grates , Oxford, OX4 3LJ","property_count":1}},{"type":"Feature","geometry":{"type":"Point","coordinates":[-1.834693,51.573859]},"properties":{"holder_names":"Kai Gao","holder_address":"5 Awgar Stone Road Headington, Oxford, OX3 7FD","property_count":1}},{"type":"Feature","geometry":{"type":"Point","coordinates":[-1.583671,51.391997]},"properties":{"holder_names":"Graham Jones","holder_address":"67 Rosamund Road Wolvercote, Oxford, OX2 8NX","property_count":1}},{"type":"Feature","geometry":{"type":"Point","coordinates":[-1.221401,51.703891]},"properties":{"holder_names":"Prudence Sykes","holder_address":"Lower Farm, Lower Farm Lane Sandford-on-Thames, Oxford,  OX4 4YR","property_count":1}},{"type":"Feature","geometry":{"type":"Point","coordinates":[-1.241032,51.750393]},"properties":{"holder_names":"Hutton Parker (Hutton Parker)","holder_address":"41St Clements , Oxford, OX4 1AG","property_count":1}},{"type":"Feature","geometry":{"type":"Point","coordinates":[28.22433,61.055625]},"properties":{"holder_names":"ZILI CHEN","holder_address":"31 Hamilton Road , Oxford, OX2 7PY","property_count":1}},{"type":"Feature","geometry":{"type":"Point","coordinates":[-1.834693,51.573859]},"properties":{"holder_names":"Ryan Davies","holder_address":"5 Kelburne Road , Oxford, OX4 3SQ","property_count":1}},{"type":"Feature","geometry":{"type":"Point","coordinates":[-0.439625,51.469462]},"properties":{"holder_names":"Paul Keith Luff","holder_address":"252 Marlborough Road , Oxford, OX1 4LU","property_count":1}},{"type":"Feature","geometry":{"type":"Point","coordinates":[-1.204785,51.748293]},"properties":{"holder_names":"Qian Wang","holder_address":"144 Dene Road Headington, Oxford, OX3 7JA","property_count":1}},{"type":"Feature","geometry":{"type":"Point","coordinates":[-1.318454,51.386206]},"properties":{"holder_names":"renata lanzoni","holder_address":"7 Beechey Avenue Marston, Oxford, OX3 0JU","property_count":5}},{"type":"Feature","geometry":{"type":"Point","coordinates":[6.7643,51.211817]},"properties":{"holder_names":"Henry Flower","holder_address":"32 Southdale Road , Oxford, OX2 7SD","property_count":1}},{"type":"Feature","geometry":{"type":"Point","coordinates":[-1.211524,51.760287]},"properties":{"holder_names":"Andrews Letting and Management Ltd (Headington)","holder_address":"101 London Road Headington, Oxford, OX3 9AE","property_count":2}},{"type":"Feature","geometry":{"type":"Point","coordinates":[26.62446,51.311352]},"properties":{"holder_names":"Joe Kennard","holder_address":"56 Cumnor Hill , Oxford, OX2 9HB","property_count":1}},{"type":"Feature","geometry":{"type":"Point","coordinates":[-0.944201,51.457182]},"properties":{"holder_names":"Roman Catholic Archdiocese of Birmingham (Parish Priest)","holder_address":"59 Hollow Way Cowley, Oxford, OX4 2ND","property_count":1}},{"type":"Feature","geometry":{"type":"Point","coordinates":[1.170733,49.213836]},"properties":{"holder_names":"David Strainge","holder_address":"27 Binsey Lane , Oxford, OX2 0EX","property_count":1}},{"type":"Feature","geometry":{"type":"Point","coordinates":[44.750717,48.797059]},"properties":{"holder_names":"Tika Paudel","holder_address":"26 Lockheart Crescent , Oxford, OX4 3RN","property_count":1}},{"type":"Feature","geometry":{"type":"Point","coordinates":[-1.258596,51.744141]},"properties":{"holder_names":"The PArish Church Council of the Ecclesiastical Parish of Oxford  Saint Matthew in the City and Diocese of Oxford","holder_address":"St. Matthews Church Centre Marlborough Road, Oxford, OX1  4LW","property_count":1}},{"type":"Feature","geometry":{"type":"Point","coordinates":[-0.477741,52.151645]},"properties":{"holder_names":"denisa turja","holder_address":"18 Allin Close , Oxford, OX4 6AX","property_count":1}},{"type":"Feature","geometry":{"type":"Point","coordinates":[13.111386,45.665982]},"properties":{"holder_names":"Alex Branica; Leonard Branica","holder_address":"36 Normandy Crescent , Oxford, OX4 2TH","property_count":6}},{"type":"Feature","geometry":{"type":"Point","coordinates":[0.856938,52.484023]},"properties":{"holder_names":"Ali Ashraf","holder_address":"84 Walton Street, Oxford, OX2 6EA","property_count":1}},{"type":"Feature","geometry":{"type":"Point","coordinates":[3.867461,43.823602]},"properties":{"holder_names":"Zoe Waxman","holder_address":"34 Portland Road , Oxford, OX2 7EY","property_count":1}},{"type":"Feature","geometry":{"type":"Point","coordinates":[-1.339887,52.852046]},"properties":{"holder_names":"Christopher Dawkins","holder_address":"25 Rosamund Road Wolvercote, Oxford, OX2 8NU","property_count":1}},{"type":"Feature","geometry":{"type":"Point","coordinates":[-1.260169,51.750694]},"properties":{"holder_names":"Littlegate Trust","holder_address":"The Pennyfarthing Pennyfarthing Place, Oxford, OX1 1QF","property_count":1}},{"type":"Feature","geometry":{"type":"Point","coordinates":[-0.640755,51.731905]},"properties":{"holder_names":"Manuel Miron Pradas","holder_address":"48 Waynflete Road Headington, Oxford, OX3 8BH","property_count":2}},{"type":"Feature","geometry":{"type":"Point","coordinates":[-1.259496,51.769563]},"properties":{"holder_names":"Jarad Zimbler","holder_address":"Flat D, Mount House 16 Northmoor Road, Oxford, OX2 6UP","property_count":1}},{"type":"Feature","geometry":{"type":"Point","coordinates":[1.170733,49.213836]},"properties":{"holder_names":"Margaret Ruth Henderson-Tew","holder_address":"27 Lawn Upton Close , Oxford, OX4 4QF","property_count":4}},{"type":"Feature","geometry":{"type":"Point","coordinates":[30.153458,59.795655]},"properties":{"holder_names":"Stephen McCleary","holder_address":"42 Bodley Road Littlemore, Oxford, OX4 3UA","property_count":1}},{"type":"Feature","geometry":{"type":"Point","coordinates":[-1.229848,51.745248]},"properties":{"holder_names":"Deborah Vorhies","holder_address":"251 Cowley Road , Oxford, OX4 1XG","property_count":1}},{"type":"Feature","geometry":{"type":"Point","coordinates":[44.069734,36.208943]},"properties":{"holder_names":"Harjeet Bola","holder_address":"120 The Slade Headington, Oxford, OX3 7DX","property_count":1}},{"type":"Feature","geometry":{"type":"Point","coordinates":[-5.236143,56.712861]},"properties":{"holder_names":"Terry Pemberton-Pigott","holder_address":"66 Five Mile Drive , Oxford, OX2 8HW","property_count":1}},{"type":"Feature","geometry":{"type":"Point","coordinates":[-1.357798,51.398029]},"properties":{"holder_names":"C S Bass Limited (Susan Bass)","holder_address":"83 Bainton Road , Oxford, OX2 7AG","property_count":3}},{"type":"Feature","geometry":{"type":"Point","coordinates":[-0.479106,52.151138]},"properties":{"holder_names":"Gareth Richard Price Jones","holder_address":"11 Woodstock Close , Oxford, OX2 8DB","property_count":1}},{"type":"Feature","geometry":{"type":"Point","coordinates":[44.750717,48.797059]},"properties":{"holder_names":"Charles Webster","holder_address":"26 St. John Street , Oxford, OX1 2LH","property_count":1}},{"type":"Feature","geometry":{"type":"Point","coordinates":[-0.477615,52.151507]},"properties":{"holder_names":"Liz Dossett","holder_address":"17 Lucerne Road , Oxford, OX2 7QB","property_count":1}},{"type":"Feature","geometry":{"type":"Point","coordinates":[27.189363,63.579876]},"properties":{"holder_names":"Rosemary Hollinrake","holder_address":"140 Poplar Grove Kennington, Oxford, OX1 5QP","property_count":1}},{"type":"Feature","geometry":{"type":"Point","coordinates":[30.153458,59.795655]},"properties":{"holder_names":"Kate Kettle; Suzanne Storey","holder_address":"42 Oakthorpe Road , Oxford, OX2 7BE","property_count":2}},{"type":"Feature","geometry":{"type":"Point","coordinates":[-1.205815,51.761749]},"properties":{"holder_names":"Binaya Dhungana","holder_address":"211 London Road Headington, Oxford, OX3 9JA","property_count":1}},{"type":"Feature","geometry":{"type":"Point","coordinates":[1.170733,49.213836]},"properties":{"holder_names":"Mohammed Faradoon","holder_address":"27 Clive Road , Oxford, OX4 3EL","property_count":1}},{"type":"Feature","geometry":{"type":"Point","coordinates":[-1.213205,51.730104]},"properties":{"holder_names":"Bhagat Thapa","holder_address":"131 Barns Road , Oxford, OX4 3RB","property_count":2}},{"type":"Feature","geometry":{"type":"Point","coordinates":[-0.479106,52.151138]},"properties":{"holder_names":"Maria De Sousa Gouveia Da Camara","holder_address":"11 Thistle Drive , Oxford, OX4 7UP","property_count":1}},{"type":"Feature","geometry":{"type":"Point","coordinates":[27.146994,38.436963]},"properties":{"holder_names":"Jessica Pryce Jones","holder_address":"35 Hobson Road , Oxford, OX2 7JX","property_count":1}},{"type":"Feature","geometry":{"type":"Point","coordinates":[-5.237564,56.711941]},"properties":{"holder_names":"Hannah Boyle","holder_address":"74 Courtland Road , Oxford, OX4 4JB","property_count":1}},{"type":"Feature","geometry":{"type":"Point","coordinates":[51.80169,55.651549]},"properties":{"holder_names":"Rosalind Thomas","holder_address":"28 Northfield Road Headington, Oxford, OX3 9EW","property_count":1}},{"type":"Feature","geometry":{"type":"Point","coordinates":[-1.27001,51.779424]},"properties":{"holder_names":"Wayne Richard Pack","holder_address":"Flat 16, Charles Ponsonby House 21 Osberton Road, Oxford,  OX2 7PQ","property_count":1}},{"type":"Feature","geometry":{"type":"Point","coordinates":[68.339014,43.283425]},"properties":{"holder_names":"Yi Chen","holder_address":"61 Crotch Crescent Marston, Oxford, OX3 0JL","property_count":1}},{"type":"Feature","geometry":{"type":"Point","coordinates":[-0.47783,52.151799]},"properties":{"holder_names":"Jennifer Payne","holder_address":"19 Merton Street , Oxford, OX1 4JE","property_count":1}},{"type":"Feature","geometry":{"type":"Point","coordinates":[-5.237539,56.712067]},"properties":{"holder_names":"Celasar Ltd; Sarah Louise Gadsden","holder_address":"73 Bainton Road , Oxford, OX2 7AG","property_count":2}},{"type":"Feature","geometry":{"type":"Point","coordinates":[28.22433,61.055625]},"properties":{"holder_names":"Robert Watson","holder_address":"31 Sandfield Road Headington, Oxford, OX3 7RN","property_count":1}},{"type":"Feature","geometry":{"type":"Point","coordinates":[-1.537529,53.588069]},"properties":{"holder_names":"Takhayer Rizvi","holder_address":"38 Hurst Street , Oxford, OX4 1HD","property_count":1}},{"type":"Feature","geometry":{"type":"Point","coordinates":[26.62446,51.311352]},"properties":{"holder_names":"Sam Clarke","holder_address":"56 Victoria Road , Oxford, OX2 7QD","property_count":1}},{"type":"Feature","geometry":{"type":"Point","coordinates":[-1.18162,51.765007]},"properties":{"holder_names":"Corinna Abesser","holder_address":"47 Delbush Avenue Headington, Oxford, OX3 8EA","property_count":1}},{"type":"Feature","geometry":{"type":"Point","coordinates":[-0.931568,51.461421]},"properties":{"holder_names":"Ariel Ezrachi","holder_address":"1 Clover Close , Oxford, OX2 9JH","property_count":2}},{"type":"Feature","geometry":{"type":"Point","coordinates":[-1.207286,51.730148]},"properties":{"holder_names":"Mr Walter McGehee Hooper The Executors of the Estate","holder_address":"Freeths LLP, Spires House 5700 John Smith Drive, Oxford  Business Park South, Oxford, OX4 2RW","property_count":1}},{"type":"Feature","geometry":{"type":"Point","coordinates":[-1.13582,52.956435]},"properties":{"holder_names":"Russell Matthews","holder_address":"10 Hawkswell Gardens , Oxford, OX2 7EX","property_count":1}},{"type":"Feature","geometry":{"type":"Point","coordinates":[-0.477486,52.151361]},"properties":{"holder_names":"Hang Li","holder_address":"16 Complins Close , Oxford, OX2 6PZ","property_count":1}},{"type":"Feature","geometry":{"type":"Point","coordinates":[-0.477615,52.151507]},"properties":{"holder_names":"Richard Mills","holder_address":"17 Bannister Close , Oxford, OX4 1SH","property_count":1}},{"type":"Feature","geometry":{"type":"Point","coordinates":[-0.478887,52.151212]},"properties":{"holder_names":"Katherine Rebecca Norman","holder_address":"12 Church Hill Road , Oxford, OX4 3SE","property_count":1}},{"type":"Feature","geometry":{"type":"Point","coordinates":[30.786482,46.574185]},"properties":{"holder_names":"Jorgelina Marino","holder_address":"51 James Street , Oxford, OX4 1EU","property_count":1}},{"type":"Feature","geometry":{"type":"Point","coordinates":[-1.278292,51.784928]},"properties":{"holder_names":"Ian Robinson","holder_address":"Cedar House, 2B Bladon Close, Oxford, OX2 8AD","property_count":1}},{"type":"Feature","geometry":{"type":"Point","coordinates":[-0.426626,51.417531]},"properties":{"holder_names":"Clive Belfield","holder_address":"9 Merrivale Square, Oxford, OX2 6QX","property_count":1}},{"type":"Feature","geometry":{"type":"Point","coordinates":[3.881323,43.974931]},"properties":{"holder_names":"Isa Samadi","holder_address":"30 Green Road Headington, Oxford, OX3 8JZ","property_count":1}},{"type":"Feature","geometry":{"type":"Point","coordinates":[-1.40772,50.917053]},"properties":{"holder_names":"Jeremy Paul Bickerton","holder_address":"82A, Appleton Road Cumnor, Oxford, OX2 9QH","property_count":2}},{"type":"Feature","geometry":{"type":"Point","coordinates":[-0.478671,52.151284]},"properties":{"holder_names":"James Forder","holder_address":"14 Lonsdale Road , Oxford, OX2 7EW","property_count":1}},{"type":"Feature","geometry":{"type":"Point","coordinates":[7.102074,50.699777]},"properties":{"holder_names":"Elitsa Slavkova","holder_address":"40 Mill Lane Marston, Oxford, OX3 0QA","property_count":1}},{"type":"Feature","geometry":{"type":"Point","coordinates":[-1.318454,51.386206]},"properties":{"holder_names":"Michael Walsh","holder_address":"7 Shelley Close Headington, Oxford, OX3 8HB","property_count":1}},{"type":"Feature","geometry":{"type":"Point","coordinates":[-0.13459,51.570827]},"properties":{"holder_names":"vyvyan salmon","holder_address":"66 Church Way Iffley, Oxford, OX4 4EF","property_count":1}},{"type":"Feature","geometry":{"type":"Point","coordinates":[3.871821,43.840858]},"properties":{"holder_names":"Petrina Wells","holder_address":"34 Long Lane , Oxford, OX4 3TW","property_count":1}},{"type":"Feature","geometry":{"type":"Point","coordinates":[-1.537529,53.588069]},"properties":{"holder_names":"Chris Durici","holder_address":"38 Herschel Crescent , Oxford, OX4 3TS","property_count":1}},{"type":"Feature","geometry":{"type":"Point","coordinates":[-0.426591,51.417397]},"properties":{"holder_names":"Tony Anstice","holder_address":"8 Forest Road Headington, Oxford, OX3 8LF","property_count":2}},{"type":"Feature","geometry":{"type":"Point","coordinates":[44.749294,48.794839]},"properties":{"holder_names":"Gillian Patricia Chapman","holder_address":"37 Sandfield Road Headington, Oxford, OX3 7RN","property_count":1}},{"type":"Feature","geometry":{"type":"Point","coordinates":[-1.815598,51.562237]},"properties":{"holder_names":"Jane Jelley","holder_address":"23 St. Margarets Road , Oxford, OX2 6RX","property_count":1}},{"type":"Feature","geometry":{"type":"Point","coordinates":[-1.209269,51.764253]},"properties":{"holder_names":"SECURE RETIREMENT ASSOCIATION (HEADINGTON) LIMITED  (Laura Overend)","holder_address":"Emden House Barton Lane, Headington, Oxford, OX3 9JU","property_count":1}},{"type":"Feature","geometry":{"type":"Point","coordinates":[30.786482,46.574185]},"properties":{"holder_names":"olivier Guillot","holder_address":"51 Campbell Road , Oxford, OX4 3PG","property_count":1}},{"type":"Feature","geometry":{"type":"Point","coordinates":[-1.834693,51.573859]},"properties":{"holder_names":"Varughese Cherian","holder_address":"5 Nuffield Road Headington, Oxford, OX3 8RQ","property_count":1}},{"type":"Feature","geometry":{"type":"Point","coordinates":[0.180868,51.870642]},"properties":{"holder_names":"Sureshchandra Balubhai Patel","holder_address":"13 Cornwallis Close, Oxford, OX4 3NJ","property_count":1}},{"type":"Feature","geometry":{"type":"Point","coordinates":[-5.237539,56.712067]},"properties":{"holder_names":"Anthony Gurdass","holder_address":"73 Normandy Crescent , Oxford, OX4 2TQ","property_count":1}},{"type":"Feature","geometry":{"type":"Point","coordinates":[-1.260742,51.753037]},"properties":{"holder_names":"Oxford Methodist Circuit","holder_address":"Wesley Memorial Methodist Church New Inn Hall Street,  Oxford, ox1 2dh","property_count":1}},{"type":"Feature","geometry":{"type":"Point","coordinates":[44.749294,48.794839]},"properties":{"holder_names":"Stephen Weaving","holder_address":"37 Dene Road Headington, Oxford, OX3 7EF","property_count":1}},{"type":"Feature","geometry":{"type":"Point","coordinates":[30.153458,59.795655]},"properties":{"holder_names":"Helen Lackner","holder_address":"42 Marston Street , Oxford, OX4 1JU","property_count":2}},{"type":"Feature","geometry":{"type":"Point","coordinates":[-1.206744,51.73847]},"properties":{"holder_names":"Songmin Ying","holder_address":"136 Hollow Way Cowley, Oxford, OX4 2NL","property_count":1}},{"type":"Feature","geometry":{"type":"Point","coordinates":[-0.478887,52.151212]},"properties":{"holder_names":"Mr Milan Bibic; Nove Bibic","holder_address":"12 Bartlemas Close , Oxford, OX4 2AE","property_count":2}},{"type":"Feature","geometry":{"type":"Point","coordinates":[-0.47783,52.151799]},"properties":{"holder_names":"Nicholas Miller","holder_address":"19 Stanley Road , Oxford, OX4 1QY","property_count":1}},{"type":"Feature","geometry":{"type":"Point","coordinates":[7.102596,50.699772]},"properties":{"holder_names":"Robert Macdougall-Davis","holder_address":"41 Hayfield Road , Oxford, OX2 6TX","property_count":1}},{"type":"Feature","geometry":{"type":"Point","coordinates":[-0.352938,51.814955]},"properties":{"holder_names":"Juan Wang","holder_address":"6 Cromwell Close Marston, Oxford, OX3 0RW","property_count":1}},{"type":"Feature","geometry":{"type":"Point","coordinates":[-2.29415,53.782902]},"properties":{"holder_names":"Paragan Mattu","holder_address":"65 Cherwell Drive Marston, Oxford, OX3 0ND","property_count":1}},{"type":"Feature","geometry":{"type":"Point","coordinates":[-1.255312,51.742066]},"properties":{"holder_names":"Eyad Al-samra","holder_address":"Flat 3 92 Abingdon Rd, Oxford, OX1 4PX","property_count":3}},{"type":"Feature","geometry":{"type":"Point","coordinates":[44.750717,48.797059]},"properties":{"holder_names":"Angela Fensom","holder_address":"26 Ringwood Road Headington, Oxford, OX3 8JA","property_count":1}},{"type":"Feature","geometry":{"type":"Point","coordinates":[-1.293159,51.718172]},"properties":{"holder_names":"Henning Bjerglund","holder_address":"Tisbury Lodge, Bedwells Heath Boars Hill, Oxford, OX1 5JE","property_count":1}},{"type":"Feature","geometry":{"type":"Point","coordinates":[45.684899,35.323716]},"properties":{"holder_names":"Kay Hare","holder_address":"103 Cumnor Hill , Oxford, OX2 9JR","property_count":3}},{"type":"Feature","geometry":{"type":"Point","coordinates":[7.102596,50.699772]},"properties":{"holder_names":"Thomas Michael Halliday","holder_address":"41 Observatory Street , Oxford, OX2 6EP","property_count":1}},{"type":"Feature","geometry":{"type":"Point","coordinates":[0.01216,51.523875]},"properties":{"holder_names":"amj residential ltd (Manavar Anwar)","holder_address":"195 The Slade Headington, OXFORD, OX3 7HR","property_count":1}},{"type":"Feature","geometry":{"type":"Point","coordinates":[-1.441281,52.395695]},"properties":{"holder_names":"Sue Patrick","holder_address":"4 Ingle Close, Oxford, OX3 9DB","property_count":1}},{"type":"Feature","geometry":{"type":"Point","coordinates":[45.684899,35.323716]},"properties":{"holder_names":"Alison Berman","holder_address":"103 Southfield Road , Oxford, OX4 1NY","property_count":1}},{"type":"Feature","geometry":{"type":"Point","coordinates":[-0.478887,52.151212]},"properties":{"holder_names":"Adina Oprea","holder_address":"12 Cleavers Square , Oxford, OX4 7WW","property_count":1}},{"type":"Feature","geometry":{"type":"Point","coordinates":[141.433489,40.547494]},"properties":{"holder_names":"Judith Stansfield","holder_address":"29 Marston Street , Oxford, OX4 1JU","property_count":1}},{"type":"Feature","geometry":{"type":"Point","coordinates":[0.500925,51.392265]},"properties":{"holder_names":"keith barrett","holder_address":"70 Dashwood Road , Oxford, OX4 4SH","property_count":1}},{"type":"Feature","geometry":{"type":"Point","coordinates":[-1.318454,51.386206]},"properties":{"holder_names":"Jane Frances Lagun","holder_address":"7 Crescent Road , Oxford, OX4 2NZ","property_count":1}},{"type":"Feature","geometry":{"type":"Point","coordinates":[44.749294,48.794839]},"properties":{"holder_names":"Charles Benner","holder_address":"37 Norton Close Headington, Oxford, OX3 7BQ","property_count":1}},{"type":"Feature","geometry":{"type":"Point","coordinates":[3.881323,43.974931]},"properties":{"holder_names":"Xu Yu Jin","holder_address":"30 Stephen Road Headington, Oxford, OX3 9AY","property_count":2}},{"type":"Feature","geometry":{"type":"Point","coordinates":[-1.281162,51.78496]},"properties":{"holder_names":"Diocesan Trustees (Oxford) Limited","holder_address":"St Peter's Church, First Turn , Oxford, OX2 8AQ","property_count":1}},{"type":"Feature","geometry":{"type":"Point","coordinates":[-1.276862,51.7187]},"properties":{"holder_names":"Anna Boxall","holder_address":"Flat 1, Meriden House Foxcombe Road, Boars Hill, Oxford,  OX1 5DG","property_count":1}},{"type":"Feature","geometry":{"type":"Point","coordinates":[-1.257247,51.751692]},"properties":{"holder_names":"Christopher John Gorrill Parker; Christopher Parker","holder_address":"H M G Law LLP 1 St. Aldates, Oxford, OX1 1DE","property_count":2}},{"type":"Feature","geometry":{"type":"Point","coordinates":[-1.236725,51.741083]},"properties":{"holder_names":"Mariam Gray","holder_address":"249 Iffley Road , Oxford, OX4 1SJ","property_count":1}},{"type":"Feature","geometry":{"type":"Point","coordinates":[-1.834693,51.573859]},"properties":{"holder_names":"olivia Heather Coxhead","holder_address":"5 Church Street Beckley, Oxford, OX3 9UT","property_count":1}},{"type":"Feature","geometry":{"type":"Point","coordinates":[68.339014,43.283425]},"properties":{"holder_names":"Hutton parker (Hutton Parker); hutton parker (Hutton Parker)","holder_address":"61 st clements , Oxford, OX4 1AG","property_count":2}},{"type":"Feature","geometry":{"type":"Point","coordinates":[-1.282875,51.784924]},"properties":{"holder_names":"Jonathan Beale","holder_address":"Birchdale Osborne Close, Oxford, OX2 8BQ","property_count":1}},{"type":"Feature","geometry":{"type":"Point","coordinates":[-1.548121,51.410989]},"properties":{"holder_names":"Pedro Peros","holder_address":"71 North Hinksey Lane , Oxford, OX2 0LU","property_count":1}},{"type":"Feature","geometry":{"type":"Point","coordinates":[-1.22903,51.763175]},"properties":{"holder_names":"Phyllis Fairfax","holder_address":"55 Jack Straws Lane Headington, Oxford, OX3 0DW","property_count":1}},{"type":"Feature","geometry":{"type":"Point","coordinates":[-3.020432,51.64465]},"properties":{"holder_names":"Linda Armstrong","holder_address":"20 Berry Close , Oxford, OX4 6NB","property_count":1}},{"type":"Feature","geometry":{"type":"Point","coordinates":[23.736909,37.949989]},"properties":{"holder_names":"Kamal Mikhael Abu-Deeb","holder_address":"45 St. John Street , Oxford, OX1 2LH","property_count":1}},{"type":"Feature","geometry":{"type":"Point","coordinates":[24.177345,54.350696]},"properties":{"holder_names":"Lesley Plumb","holder_address":"33 Maidcroft Road , Oxford, OX4 3EN","property_count":1}},{"type":"Feature","geometry":{"type":"Point","coordinates":[-1.225137,51.717476]},"properties":{"holder_names":"Roman Catholic Archdiocese of Birmingham","holder_address":"Newman House, Cowley Road Littlemore, Oxford, OX4 4JX","property_count":1}},{"type":"Feature","geometry":{"type":"Point","coordinates":[-0.478887,52.151212]},"properties":{"holder_names":"Helen Cook","holder_address":"12 Riverside Road , Oxford, OX2 0HU","property_count":1}},{"type":"Feature","geometry":{"type":"Point","coordinates":[-1.236196,51.761564]},"properties":{"holder_names":"Rakesh Garewal","holder_address":"301 Marston Road Marston, Oxford, OX3 0EW","property_count":1}},{"type":"Feature","geometry":{"type":"Point","coordinates":[-1.834693,51.573859]},"properties":{"holder_names":"Beth Louise Varley","holder_address":"5 Lytton Road , Oxford, OX4 3PB","property_count":1}},{"type":"Feature","geometry":{"type":"Point","coordinates":[0.500925,51.392265]},"properties":{"holder_names":"anita ram","holder_address":"70 Blenheim Drive , Oxford, OX2 8DQ","property_count":1}},{"type":"Feature","geometry":{"type":"Point","coordinates":[-1.13582,52.956435]},"properties":{"holder_names":"Bridget Kelly","holder_address":"10 Nicholas Avenue Marston, Oxford, OX3 0RN","property_count":1}},{"type":"Feature","geometry":{"type":"Point","coordinates":[51.80169,55.651549]},"properties":{"holder_names":"Charles Graham","holder_address":"28 Northmoor Road , Oxford, OX2 6UR","property_count":1}},{"type":"Feature","geometry":{"type":"Point","coordinates":[-1.316844,51.737605]},"properties":{"holder_names":"Christopher Brooks","holder_address":"128 Cumnor Hill Cumnor, Oxford, OX2 9PH","property_count":1}},{"type":"Feature","geometry":{"type":"Point","coordinates":[-3.017168,53.388863]},"properties":{"holder_names":"John Foreman","holder_address":"59C Lake Street, Oxford, OX1 4RR","property_count":3}},{"type":"Feature","geometry":{"type":"Point","coordinates":[60.048602,54.938642]},"properties":{"holder_names":"Masooda Bano","holder_address":"164 Campbell Road , Oxford, OX4 3NR","property_count":1}},{"type":"Feature","geometry":{"type":"Point","coordinates":[-0.478671,52.151284]},"properties":{"holder_names":"Charlie McDonagh","holder_address":"14 Brampton Road Headington, Oxford, OX3 9NE","property_count":2}},{"type":"Feature","geometry":{"type":"Point","coordinates":[-1.295048,51.753407]},"properties":{"holder_names":"Doris Field Charitable Trust Ltd","holder_address":"Blake Morgan, Seacourt Tower West Way, Oxford, OX2 0FB","property_count":4}},{"type":"Feature","geometry":{"type":"Point","coordinates":[-1.270815,51.773532]},"properties":{"holder_names":"Baofeng Lin","holder_address":"120 Elizabeth Jennings Way , Oxford, OX2 7BW","property_count":1}},{"type":"Feature","geometry":{"type":"Point","coordinates":[33.442262,49.131697]},"properties":{"holder_names":"Chris Lewis","holder_address":"50 William Street Marston, Oxford, OX3 0ER","property_count":1}},{"type":"Feature","geometry":{"type":"Point","coordinates":[7.102596,50.699772]},"properties":{"holder_names":"Filip Swietlik","holder_address":"41 Church Road Sandford-on-Thames, Oxford, OX4 4XZ","property_count":1}},{"type":"Feature","geometry":{"type":"Point","coordinates":[-1.274369,51.784472]},"properties":{"holder_names":"Vanessa Penrose","holder_address":"Amber Lodge Woodstock Close, Oxford, OX2 8DA","property_count":1}},{"type":"Feature","geometry":{"type":"Point","coordinates":[-1.239064,51.761255]},"properties":{"holder_names":"The Executors of the late Janet Gayford Greenland (Eleanor  McLaughlin)","holder_address":"44 Edgeway Road Marston, Oxford, OX3 0HE","property_count":1}},{"type":"Feature","geometry":{"type":"Point","coordinates":[-0.47783,52.151799]},"properties":{"holder_names":"Peter Lister","holder_address":"19 Halls Close , Oxford, OX2 9HR","property_count":1}},{"type":"Feature","geometry":{"type":"Point","coordinates":[-1.249476,51.735112]},"properties":{"holder_names":"Krystian Volak","holder_address":"The Studio, 11 Chatham Road , Oxford, OX1 4UZ","property_count":2}},{"type":"Feature","geometry":{"type":"Point","coordinates":[-0.477741,52.151645]},"properties":{"holder_names":"Janet Willis","holder_address":"18 Duke street , Oxford, OX2 0HX","property_count":1}},{"type":"Feature","geometry":{"type":"Point","coordinates":[-0.674906,51.482575]},"properties":{"holder_names":"Jill Hobsbawn","holder_address":"54 Bickerton Road Headington, Oxford, OX3 7LS","property_count":1}},{"type":"Feature","geometry":{"type":"Point","coordinates":[6.7643,51.211817]},"properties":{"holder_names":"Ronald Newell","holder_address":"3 Blenheim Drive , Oxford, OX2 8DH","property_count":1}},{"type":"Feature","geometry":{"type":"Point","coordinates":[-0.352938,51.814955]},"properties":{"holder_names":"Vivian Speck","holder_address":"6 Blackthorn Close Headington, Oxford, OX3 9JF","property_count":1}},{"type":"Feature","geometry":{"type":"Point","coordinates":[-1.233067,51.746345]},"properties":{"holder_names":"Oxford Lettings (Mohammed Idrees)","holder_address":"226 Cowley Road , Oxford, Ox4 1uh","property_count":1}},{"type":"Feature","geometry":{"type":"Point","coordinates":[-1.277505,51.791376]},"properties":{"holder_names":"Aller Barton Properties Limited (Mark Cheriton)","holder_address":"Flat 6, Sollershott Linkside Avenue, Oxford, OX2 8JA","property_count":1}},{"type":"Feature","geometry":{"type":"Point","coordinates":[-1.184195,51.751771]},"properties":{"holder_names":"Younus Ali","holder_address":"Shotover Cleve, The Ridings Headington, Oxford, OX3 8TB","property_count":1}},{"type":"Feature","geometry":{"type":"Point","coordinates":[6.7643,51.211817]},"properties":{"holder_names":"HAQ RASHID","holder_address":"32 ARTHRAY ROAD , OXFORD, OX2 9AA","property_count":1}},{"type":"Feature","geometry":{"type":"Point","coordinates":[27.146994,38.436963]},"properties":{"holder_names":"Arjun Sinsinwar","holder_address":"35 Elmthorpe Road , Wolvercote, OX2 8PA","property_count":1}},{"type":"Feature","geometry":{"type":"Point","coordinates":[-1.253686,51.754145]},"properties":{"holder_names":"Carissa Veliz; Hertford College (Hertford College)","holder_address":"Hertford College Catte Street, Oxford, OX1 3BW","property_count":2}},{"type":"Feature","geometry":{"type":"Point","coordinates":[-1.254651,51.765955]},"properties":{"holder_names":"Susan Arbuthnot","holder_address":"11 Chadlington Road , Oxford, OX2 6SY","property_count":1}},{"type":"Feature","geometry":{"type":"Point","coordinates":[26.62446,51.311352]},"properties":{"holder_names":"Lorna Smith","holder_address":"56 Crescent Road , Oxford, OX4 2PB","property_count":1}},{"type":"Feature","geometry":{"type":"Point","coordinates":[-1.375339,50.938174]},"properties":{"holder_names":"Binoy Varghese","holder_address":"72C, Nuffield Road Headington, Oxford, OX3 8RG","property_count":1}},{"type":"Feature","geometry":{"type":"Point","coordinates":[-1.191533,51.760888]},"properties":{"holder_names":"Raj Lutchmeah","holder_address":"89 Collinwood Road Headington, Oxford, OX3 8HN","property_count":1}},{"type":"Feature","geometry":{"type":"Point","coordinates":[-0.478887,52.151212]},"properties":{"holder_names":"Charlane Masih","holder_address":"12 Raymund Road Marston, Oxford, OX3 0SW","property_count":1}},{"type":"Feature","geometry":{"type":"Point","coordinates":[-1.186209,51.751906]},"properties":{"holder_names":"Tracy Andrea Howell","holder_address":"Far Outlook Old Road Headington, Oxford, OX3 8TA","property_count":1}},{"type":"Feature","geometry":{"type":"Point","coordinates":[0.144165,52.179862]},"properties":{"holder_names":"Oxford Northwood Eastate agency","holder_address":"70A St. Clements Street, Oxford, OX4 1AH","property_count":1}},{"type":"Feature","geometry":{"type":"Point","coordinates":[-0.477741,52.151645]},"properties":{"holder_names":"Angus Walker-Munro; Charles Michael Angus Walker-Munro","holder_address":"18 Seven Sisters Way Cumnor, Oxford, OX2 9RX","property_count":2}},{"type":"Feature","geometry":{"type":"Point","coordinates":[-1.254561,51.765969]},"properties":{"holder_names":"Kersten Pucks","holder_address":"14 Linton Road, Oxford, OX2 6UL","property_count":2}},{"type":"Feature","geometry":{"type":"Point","coordinates":[23.736909,37.949989]},"properties":{"holder_names":"Gill Wilson","holder_address":"45 Stapleton Road Headington, Oxford, OX3 7LX","property_count":1}},{"type":"Feature","geometry":{"type":"Point","coordinates":[-3.020432,51.64465]},"properties":{"holder_names":"Martin Barfoot","holder_address":"20 Union Street , Oxford, OX4 1JP","property_count":2}},{"type":"Feature","geometry":{"type":"Point","coordinates":[-1.568537,51.404951]},"properties":{"holder_names":"Nathalie Isabelle Toso","holder_address":"69 Bainton Road , Oxford, OX2 7AG","property_count":1}},{"type":"Feature","geometry":{"type":"Point","coordinates":[-1.815598,51.562237]},"properties":{"holder_names":"Mervyn Edmead","holder_address":"23 Westlands Drive Headington, Oxford, OX3 9QR","property_count":1}},{"type":"Feature","geometry":{"type":"Point","coordinates":[-0.679421,51.485046]},"properties":{"holder_names":"Sophia Ejaz","holder_address":"53 Chillingworth Crescent Headington, Oxford, OX3 8RP","property_count":1}},{"type":"Feature","geometry":{"type":"Point","coordinates":[-1.227579,51.743104]},"properties":{"holder_names":"Zahidaa Gulzar","holder_address":"352 Cowley Road , Oxford, OX4 2AG","property_count":1}},{"type":"Feature","geometry":{"type":"Point","coordinates":[44.750717,48.797059]},"properties":{"holder_names":"Duncan Parkes","holder_address":"26 Monmouth Road , Oxford, OX1 4TD","property_count":1}},{"type":"Feature","geometry":{"type":"Point","coordinates":[-0.426591,51.417397]},"properties":{"holder_names":"Mrs Zahida Aziz; Shaista Aziz","holder_address":"8 White Road , Oxford, OX4 2JJ","property_count":2}},{"type":"Feature","geometry":{"type":"Point","coordinates":[-0.477486,52.151361]},"properties":{"holder_names":"Zafer Hussain","holder_address":"16 Jessops Close Headington, Oxford, OX3 0NU","property_count":1}},{"type":"Feature","geometry":{"type":"Point","coordinates":[-1.172743,51.792087]},"properties":{"holder_names":"Guy Babcock","holder_address":"Haven Mead, Bungalow Close Beckley, Oxford, OX3 9XA","property_count":2}},{"type":"Feature","geometry":{"type":"Point","coordinates":[-1.307314,51.719849]},"properties":{"holder_names":"Christopher Kingsley","holder_address":"Wootton Ridge, White Barn Boars Hill, Oxford, OX1 5HJ","property_count":1}},{"type":"Feature","geometry":{"type":"Point","coordinates":[26.62446,51.311352]},"properties":{"holder_names":"Josie Webber","holder_address":"56, North Hinksey Village North Hinksey Village, Oxford, OX2  0NA","property_count":1}},{"type":"Feature","geometry":{"type":"Point","coordinates":[23.736909,37.949989]},"properties":{"holder_names":"Mary Zacaroli","holder_address":"45 Ferry Road Marston, Oxford, OX3 0EU","property_count":1}},{"type":"Feature","geometry":{"type":"Point","coordinates":[-1.240381,51.707953]},"properties":{"holder_names":"julie barrett","holder_address":"203 Poplar Grove Kennington, Oxford, OX1 5QT","property_count":1}},{"type":"Feature","geometry":{"type":"Point","coordinates":[-0.477486,52.151361]},"properties":{"holder_names":"Santhosh Surendran","holder_address":"16 Valentia Road Headington, Oxford, OX3 7PL","property_count":1}},{"type":"Feature","geometry":{"type":"Point","coordinates":[-0.47783,52.151799]},"properties":{"holder_names":"Arun Prasath","holder_address":"19 Fairfax Road , Oxford, OX4 2QG","property_count":2}},{"type":"Feature","geometry":{"type":"Point","coordinates":[-1.241958,51.711195]},"properties":{"holder_names":"Stephen Dean James","holder_address":"113 Poplar Grove Kennington, Oxford, OX1 5QR","property_count":1}},{"type":"Feature","geometry":{"type":"Point","coordinates":[-1.13582,52.956435]},"properties":{"holder_names":"Xiaoming Yang","holder_address":"10 Arlington Drive Marston, Oxford, OX3 0SH","property_count":1}},{"type":"Feature","geometry":{"type":"Point","coordinates":[-0.944201,51.457182]},"properties":{"holder_names":"philip hudson","holder_address":"59 Rippington Drive Marston, Oxford, OX3 0RJ","property_count":1}},{"type":"Feature","geometry":{"type":"Point","coordinates":[-1.339887,52.852046]},"properties":{"holder_names":"Alison Monk","holder_address":"25 Campbell Road , Oxford, OX4 3PF","property_count":1}},{"type":"Feature","geometry":{"type":"Point","coordinates":[-1.235212,51.743872]},"properties":{"holder_names":"Stephen Curran","holder_address":"88 Fairacres Road , Oxford, OX4 1TG","property_count":1}},{"type":"Feature","geometry":{"type":"Point","coordinates":[-1.221697,51.729196]},"properties":{"holder_names":"hasan nisar","holder_address":"86 Westbury Crescent , Oxford, OX4 3SA","property_count":1}},{"type":"Feature","geometry":{"type":"Point","coordinates":[-0.477338,52.150429]},"properties":{"holder_names":"Nigel Pearson","holder_address":"2 Salford Road Marston, Oxford, OX3 0RX","property_count":1}},{"type":"Feature","geometry":{"type":"Point","coordinates":[-0.479106,52.151138]},"properties":{"holder_names":"Michael Colley","holder_address":"11 York Road Headington, OXFORD, OX3 8NR","property_count":1}},{"type":"Feature","geometry":{"type":"Point","coordinates":[-1.197315,51.75763]},"properties":{"holder_names":"Joanne Evans","holder_address":"44 Trinity Road, Oxford, OX3 8LQ","property_count":1}},{"type":"Feature","geometry":{"type":"Point","coordinates":[-1.268817,51.761815]},"properties":{"holder_names":"Lucy Group Ltd (Lucy Group Ltd)","holder_address":"Lucy Group Ltd Walton Well Road, Oxford, OX2 6EE","property_count":3}},{"type":"Feature","geometry":{"type":"Point","coordinates":[0.180868,51.870642]},"properties":{"holder_names":"Zafar Iqbal","holder_address":"13 Valentia Road, Oxford, OX3 7PN","property_count":1}},{"type":"Feature","geometry":{"type":"Point","coordinates":[-1.259959,51.74988]},"properties":{"holder_names":"Oxford Preservation Trust (Stephen Dawson)","holder_address":"Oxford Preservation Trust 10 Turn Again Lane, Oxford, OX1 1QL","property_count":1}},{"type":"Feature","geometry":{"type":"Point","coordinates":[-0.477615,52.151507]},"properties":{"holder_names":"Peter Valera","holder_address":"17 Stansfeld Place Headington, Oxford, OX3 8QH","property_count":1}},{"type":"Feature","geometry":{"type":"Point","coordinates":[51.80169,55.651549]},"properties":{"holder_names":"Jacob Bally","holder_address":"28 Rose Hill , Oxford, OX4 4HS","property_count":1}},{"type":"Feature","geometry":{"type":"Point","coordinates":[-1.214968,51.716303]},"properties":{"holder_names":"Chesterton Yeates","holder_address":"121 John Eccles House Robert Robinson Way, Oxford, OX4  4GP","property_count":1}},{"type":"Feature","geometry":{"type":"Point","coordinates":[-1.250834,51.733973]},"properties":{"holder_names":"Anthony Masih","holder_address":"111 Wytham Street , Oxford, OX1 4TN","property_count":1}},{"type":"Feature","geometry":{"type":"Point","coordinates":[-0.271434,50.936488]},"properties":{"holder_names":"Mohammed Ali","holder_address":"40B Lake Street , Oxford, OX1 4RW","property_count":1}},{"type":"Feature","geometry":{"type":"Point","coordinates":[-1.441281,52.395695]},"properties":{"holder_names":"Allison English","holder_address":"4 Boswell Road , Oxford, OX4 3HN","property_count":1}},{"type":"Feature","geometry":{"type":"Point","coordinates":[-1.234014,51.768718]},"properties":{"holder_names":"Saima Bari","holder_address":"47 Cherwell Drive Marston, Oxford, OX3 0NB","property_count":1}},{"type":"Feature","geometry":{"type":"Point","coordinates":[-1.13582,52.956435]},"properties":{"holder_names":"Rufino Magallano","holder_address":"10 Baker Close Headington, Oxford, OX3 8ET","property_count":1}},{"type":"Feature","geometry":{"type":"Point","coordinates":[-1.446896,51.402113]},"properties":{"holder_names":"Mr Richard Rogers; Rogers & Rogers (Oxford) Ltd (Richard Rogers)","holder_address":"78 Harpes Road , Oxford, OX2 7QL","property_count":2}},{"type":"Feature","geometry":{"type":"Point","coordinates":[28.22433,61.055625]},"properties":{"holder_names":"Guiletta Bianchini","holder_address":"31 New High Street Headington, Oxford, OX3 7AJ","property_count":1}},{"type":"Feature","geometry":{"type":"Point","coordinates":[3.881323,43.974931]},"properties":{"holder_names":"Simon Marshall","holder_address":"30 Balliol Court , Oxford, ox2 6QZ","property_count":1}},{"type":"Feature","geometry":{"type":"Point","coordinates":[-1.266053,51.75324]},"properties":{"holder_names":"Oxford Leisure Ltd (Oxford Leisure)","holder_address":"Sojo, 6-9 Hythe Bridge Street, Oxford, OX1 2EW","property_count":1}},{"type":"Feature","geometry":{"type":"Point","coordinates":[-0.47783,52.151799]},"properties":{"holder_names":"Doris Katherine Gray","holder_address":"19 Craufurd Road , Oxford, OX4 2RA","property_count":1}},{"type":"Feature","geometry":{"type":"Point","coordinates":[-1.210024,51.392803]},"properties":{"holder_names":"Frank Mckenna","holder_address":"92 Lime Walk Headington, Oxford, OX3 7AF","property_count":1}},{"type":"Feature","geometry":{"type":"Point","coordinates":[-1.23465,51.743553]},"properties":{"holder_names":"Mohammed Zahed; Mr Mohammed Zahed","holder_address":"121 Hurst Street , Oxford, OX4 1HE","property_count":2}},{"type":"Feature","geometry":{"type":"Point","coordinates":[-1.23465,51.743553]},"properties":{"holder_names":"Mohammed Zahed; Mr Mohammed Zahed","holder_address":"121 Hurst Street, Oxford, OX4 1HE","property_count":3}},{"type":"Feature","geometry":{"type":"Point","coordinates":[-1.568537,51.404951]},"properties":{"holder_names":"Lucy Katharine Dimitrov","holder_address":"69 Sandfield Road Headington, Oxford, OX3 7RW","property_count":1}},{"type":"Feature","geometry":{"type":"Point","coordinates":[1.170733,49.213836]},"properties":{"holder_names":"Mohammed Imran Alam","holder_address":"27 Ridgefield Road , Oxford, OX4 3BT","property_count":1}},{"type":"Feature","geometry":{"type":"Point","coordinates":[-0.426591,51.417397]},"properties":{"holder_names":"Anne Croucher","holder_address":"8 Squitchey Lane , Oxford, OX2 7LB","property_count":1}},{"type":"Feature","geometry":{"type":"Point","coordinates":[-0.479106,52.151138]},"properties":{"holder_names":"Markus Mueller","holder_address":"11 William Street Marston, Oxford, OX3 0ES","property_count":1}},{"type":"Feature","geometry":{"type":"Point","coordinates":[-1.441281,52.395695]},"properties":{"holder_names":"Catherine Lindsay Robertson","holder_address":"4 Osberton Road , Oxford, OX2 7NU","property_count":1}},{"type":"Feature","geometry":{"type":"Point","coordinates":[-0.477338,52.150429]},"properties":{"holder_names":"Fiona Livingstone","holder_address":"2 Blackthorn Close Headington, Oxford, OX3 9JF","property_count":1}},{"type":"Feature","geometry":{"type":"Point","coordinates":[-0.355567,51.427004]},"properties":{"holder_names":"Mohammed Amin Anwar","holder_address":"75 Ridgefield Road , Oxford, OX4 3BY","property_count":1}},{"type":"Feature","geometry":{"type":"Point","coordinates":[1.170733,49.213836]},"properties":{"holder_names":"Dr Aonghus Ryan","holder_address":"27 Dove House Close , Oxford, OX2 8BG","property_count":1}},{"type":"Feature","geometry":{"type":"Point","coordinates":[0.180868,51.870642]},"properties":{"holder_names":"Chand Rani Sharda","holder_address":"13 Turnpike Road , Oxford, OX2 9JQ","property_count":1}},{"type":"Feature","geometry":{"type":"Point","coordinates":[-1.236809,51.76997]},"properties":{"holder_names":"John Hancock; John Mark Hancock; Karen Angela Hancock","holder_address":"89 Oxford Road Old Marston, Oxford, OX3 0RA","property_count":3}},{"type":"Feature","geometry":{"type":"Point","coordinates":[-0.067858,51.472743]},"properties":{"holder_names":"Dennis Moran; Dennis moran","holder_address":"3 The Garth , Oxford, OX2 9AL","property_count":3}},{"type":"Feature","geometry":{"type":"Point","coordinates":[-1.409797,50.915735]},"properties":{"holder_names":"Jessica Osborne","holder_address":"68 Victoria Road , Oxford, OX2 7QE","property_count":1}},{"type":"Feature","geometry":{"type":"Point","coordinates":[-0.47846,52.151355]},"properties":{"holder_names":"Abid Ali","holder_address":"15 Florence Park Road , Oxford, OX4 3PN","property_count":3}},{"type":"Feature","geometry":{"type":"Point","coordinates":[-0.477615,52.151507]},"properties":{"holder_names":"Sanjay Patel","holder_address":"17 Mileway Gardens, Headington , Oxford, OX3 7XH","property_count":1}},{"type":"Feature","geometry":{"type":"Point","coordinates":[-1.834693,51.573859]},"properties":{"holder_names":"Ian Watson","holder_address":"5 Wychwood Lane Headington, Oxford, OX3 8HG","property_count":1}},{"type":"Feature","geometry":{"type":"Point","coordinates":[-1.220511,51.738902]},"properties":{"holder_names":"Sheeraz Iqbal","holder_address":"465 Cowley Road , Oxford, OX4 2DN","property_count":1}},{"type":"Feature","geometry":{"type":"Point","coordinates":[-1.318454,51.386206]},"properties":{"holder_names":"Tracey Clarke","holder_address":"7 Lewell Avenue Marston, Oxford, OX3 0RL","property_count":2}},{"type":"Feature","geometry":{"type":"Point","coordinates":[-1.299226,51.71555]},"properties":{"holder_names":"Kathleen O'Donovan","holder_address":"Flat 2, Monkton House Old Boars Hill, Oxford, OX1 5JQ","property_count":4}},{"type":"Feature","geometry":{"type":"Point","coordinates":[-1.193301,52.895448]},"properties":{"holder_names":"The Masters and Scholars of Balliol College in the University of  Oxford (Amanda Tilley)","holder_address":"2C Rawlinson Road, Oxford, OX2 6UE","property_count":1}},{"type":"Feature","geometry":{"type":"Point","coordinates":[-1.357798,51.398029]},"properties":{"holder_names":"marjan salimian","holder_address":"83 Stone Meadow , Oxford, OX2 6TD","property_count":1}},{"type":"Feature","geometry":{"type":"Point","coordinates":[-0.478887,52.151212]},"properties":{"holder_names":"Catherine Harwood","holder_address":"12 Rosamund Road Wolvercote, Oxford, OX2 8NU","property_count":1}},{"type":"Feature","geometry":{"type":"Point","coordinates":[-1.222196,51.755822]},"properties":{"holder_names":"ABBAS YOUNUS","holder_address":"General Stores & Newsagent, 2 Grays Road Headington,  Oxford, OX3 7QA","property_count":1}},{"type":"Feature","geometry":{"type":"Point","coordinates":[-3.020432,51.64465]},"properties":{"holder_names":"Alex Cheetham","holder_address":"20 St. Margarets Road , Oxford, OX2 6RX","property_count":1}},{"type":"Feature","geometry":{"type":"Point","coordinates":[-4.14332,50.416683]},"properties":{"holder_names":"Eastland property","holder_address":"278 Cowley Road , Oxford, OX4 1UR","property_count":1}},{"type":"Feature","geometry":{"type":"Point","coordinates":[-1.220061,51.7386]},"properties":{"holder_names":"Imtiaz Gulzar; Mohammed Gulzar","holder_address":"473 Cowley Road , Oxford, OX4 2DN","property_count":3}},{"type":"Feature","geometry":{"type":"Point","coordinates":[-1.316828,51.736941]},"properties":{"holder_names":"Catherine Mary Wiskin","holder_address":"127 Kimmeridge Road Cumnor, Oxford, OX2 9RQ","property_count":1}},{"type":"Feature","geometry":{"type":"Point","coordinates":[-0.931568,51.461421]},"properties":{"holder_names":"Lee Aye","holder_address":"1 The Willows Headington, Oxford, OX3 9FE","property_count":1}},{"type":"Feature","geometry":{"type":"Point","coordinates":[-1.214761,51.805772]},"properties":{"holder_names":"Warm Toes Limited (Robert Russell Evans)","holder_address":"Woodeaton House, Beckley Road Noke, Oxford, OX3 9TQ","property_count":1}},{"type":"Feature","geometry":{"type":"Point","coordinates":[-1.441281,52.395695]},"properties":{"holder_names":"James Ormanczyk","holder_address":"4 Ash Close , Oxford, OX2 9GS","property_count":1}},{"type":"Feature","geometry":{"type":"Point","coordinates":[-0.477486,52.151361]},"properties":{"holder_names":"Barnet Freilich","holder_address":"16 Carlton Road , Oxford Oxfordshire, OX2 7SA","property_count":1}},{"type":"Feature","geometry":{"type":"Point","coordinates":[-5.237564,56.711941]},"properties":{"holder_names":"Anand Virgincar","holder_address":"74 Headley Way Headington, Oxford, OX3 0LX","property_count":2}},{"type":"Feature","geometry":{"type":"Point","coordinates":[28.22433,61.055625]},"properties":{"holder_names":"Marion Dew","holder_address":"31 St. Margarets Road , Oxford, OX2 6RX","property_count":1}},{"type":"Feature","geometry":{"type":"Point","coordinates":[28.22433,61.055625]},"properties":{"holder_names":"Marion Dew","holder_address":"31 St Margaret's Road, OXFORD, OX2 6RX","property_count":1}},{"type":"Feature","geometry":{"type":"Point","coordinates":[-1.180924,51.765031]},"properties":{"holder_names":"Timothy Stark","holder_address":"Friends, 27 Terrett Avenue Headington, Oxford, OX3 8FE","property_count":1}},{"type":"Feature","geometry":{"type":"Point","coordinates":[-0.426626,51.417531]},"properties":{"holder_names":"Stephen Phillips","holder_address":"9 Gathorne Road Headington, Oxford, OX3 8NF","property_count":1}},{"type":"Feature","geometry":{"type":"Point","coordinates":[125.616506,7.072482]},"properties":{"holder_names":"Michael feller","holder_address":"28 Charlbury Road, Oxford, OX2 6UU","property_count":1}},{"type":"Feature","geometry":{"type":"Point","coordinates":[-0.477338,52.150429]},"properties":{"holder_names":"Europe Business Assembly Limited (IVAN SAVVOV); Europe Business Assembly Limited (Ivan Savvov)","holder_address":"2 Woodin's Way , Oxford, OX1 1HF","property_count":4}},{"type":"Feature","geometry":{"type":"Point","coordinates":[-1.264785,51.751261]},"properties":{"holder_names":"Shu Hon Christopher Luk","holder_address":"Flat 12, The Lion Brewery St. Thomas Street, Oxford, OX1 1JE","property_count":1}},{"type":"Feature","geometry":{"type":"Point","coordinates":[-1.188601,51.776208]},"properties":{"holder_names":"Helen Smith","holder_address":"Green Acre Bayswater Road , Headington, OX3 9RZ","property_count":1}},{"type":"Feature","geometry":{"type":"Point","coordinates":[-0.931568,51.461421]},"properties":{"holder_names":"Alex Bradley","holder_address":"1 Sadler Walk , Oxford, OX1 1TX","property_count":1}},{"type":"Feature","geometry":{"type":"Point","coordinates":[-1.237516,51.768959]},"properties":{"holder_names":"Chandravadan Patel","holder_address":"96 Oxford Road Old Marston, Oxford, OX3 0RD","property_count":1}},{"type":"Feature","geometry":{"type":"Point","coordinates":[-1.339887,52.852046]},"properties":{"holder_names":"Yi Liu","holder_address":"25 Carlton Road , Oxford, OX2 7SA","property_count":1}},{"type":"Feature","geometry":{"type":"Point","coordinates":[-1.261474,51.782018]},"properties":{"holder_names":"Jeremy Teall","holder_address":"94 Hamilton Road , Oxford, OX2 7QA","property_count":1}},{"type":"Feature","geometry":{"type":"Point","coordinates":[-3.18266,51.660093]},"properties":{"holder_names":"Tamar Kutner Shirley","holder_address":"24 Chilswell Road , Oxford, OX1 4PJ","property_count":1}},{"type":"Feature","geometry":{"type":"Point","coordinates":[-0.112353,51.500873]},"properties":{"holder_names":"Thomas Merrifield (Simon Smith)","holder_address":"27A Sidney Street, Oxford, OX4 3AG","property_count":1}},{"type":"Feature","geometry":{"type":"Point","coordinates":[6.7643,51.211817]},"properties":{"holder_names":"John Stuart Vickers","holder_address":"32 High Street , Oxford, OX1 4AN","property_count":1}},{"type":"Feature","geometry":{"type":"Point","coordinates":[-1.339887,52.852046]},"properties":{"holder_names":"Mohammed Ahmed","holder_address":"25 The Slade Headington, Oxford, OX3 7HL","property_count":1}},{"type":"Feature","geometry":{"type":"Point","coordinates":[-1.253582,51.751773]},"properties":{"holder_names":"Oriel College; Oriel college","holder_address":"Oriel College Development Office Oriel Square, Oxford, OX1  4EW","property_count":2}},{"type":"Feature","geometry":{"type":"Point","coordinates":[-0.911485,53.383984]},"properties":{"holder_names":"Mohammad Rauf","holder_address":"68 Iffley Turn , Oxford, OX4 4HN","property_count":1}},{"type":"Feature","geometry":{"type":"Point","coordinates":[-1.601718,51.375562]},"properties":{"holder_names":"Peggy Roylance","holder_address":"64 Empress Court, Oxford, OX1 1HD","property_count":1}},{"type":"Feature","geometry":{"type":"Point","coordinates":[-1.401812,51.400843]},"properties":{"holder_names":"Daniel Johnston","holder_address":"80 Stone Meadow , Oxford, OX2 6TQ","property_count":1}},{"type":"Feature","geometry":{"type":"Point","coordinates":[44.005361,36.206077]},"properties":{"holder_names":"Mark Walker","holder_address":"43 Gordon Woodward Way , Oxford, OX1 4XL","property_count":1}},{"type":"Feature","geometry":{"type":"Point","coordinates":[0.124314,52.225231]},"properties":{"holder_names":"Antonio Fiorentino; Mr A Fiorentino (Antonio Fiorentino)","holder_address":"109A Banbury Road, Oxford, OX2 6JX","property_count":2}},{"type":"Feature","geometry":{"type":"Point","coordinates":[-0.47783,52.151799]},"properties":{"holder_names":"Nicolas Vincent Martin Rohart","holder_address":"19 Cobden Crescent , Oxford, OX1 4LJ","property_count":1}},{"type":"Feature","geometry":{"type":"Point","coordinates":[-0.477338,52.150429]},"properties":{"holder_names":"Nicolas Imbriano","holder_address":"2 Frederick Road , Oxford, OX4 3HL","property_count":1}},{"type":"Feature","geometry":{"type":"Point","coordinates":[-5.237835,56.711572]},"properties":{"holder_names":"Muhammad Amir Siyaf","holder_address":"77 Merewood Avenue , Oxford, OX3 8EQ","property_count":1}},{"type":"Feature","geometry":{"type":"Point","coordinates":[-0.477486,52.151361]},"properties":{"holder_names":"Chukwumerije Okereke","holder_address":"16 Raymund Road Marston, Oxford, OX3 0SW","property_count":1}},{"type":"Feature","geometry":{"type":"Point","coordinates":[-1.441281,52.395695]},"properties":{"holder_names":"Heather Weitzel","holder_address":"4 Shotover Kilns , Oxford, OX3 8ST","property_count":1}},{"type":"Feature","geometry":{"type":"Point","coordinates":[0.472293,51.733465]},"properties":{"holder_names":"Roland Koci","holder_address":"39 St. Lukes Road , Oxford, OX4 3JD","property_count":2}},{"type":"Feature","geometry":{"type":"Point","coordinates":[-0.479106,52.151138]},"properties":{"holder_names":"Rehana Nasib","holder_address":"11 Cinnaminta Road Headington, Oxford, OX3 7JB","property_count":2}},{"type":"Feature","geometry":{"type":"Point","coordinates":[-1.214962,51.716311]},"properties":{"holder_names":"Chesterton Yeates (Victoria Cummins)","holder_address":"John Eccles House Robert Robinson Avenue, Oxford, OX4 4GP","property_count":1}},{"type":"Feature","geometry":{"type":"Point","coordinates":[-1.248247,51.723513]},"properties":{"holder_names":"Gina Thorsby","holder_address":"55 Kennington Road Kennington, Oxford, OX1 5PB","property_count":1}},{"type":"Feature","geometry":{"type":"Point","coordinates":[-3.18266,51.660093]},"properties":{"holder_names":"Noelie Chadder","holder_address":"24 Lincoln Road , Oxford, OX1 4TB","property_count":1}},{"type":"Feature","geometry":{"type":"Point","coordinates":[15.970028,45.79777]},"properties":{"holder_names":"Krzysztof Lewandowski","holder_address":"21 Wynbush Road , Oxford, OX4 4TZ","property_count":1}},{"type":"Feature","geometry":{"type":"Point","coordinates":[1.286339,52.637265]},"properties":{"holder_names":"Joanna Amanda Sobek Brown","holder_address":"15D Arnolds Way, Oxford, OX2 9JB","property_count":1}},{"type":"Feature","geometry":{"type":"Point","coordinates":[6.7643,51.211817]},"properties":{"holder_names":"MOHAMMED RASHID","holder_address":"32 ARTHRAY ROAD, OXFORD, OX2 9AA","property_count":1}},{"type":"Feature","geometry":{"type":"Point","coordinates":[-1.13582,52.956435]},"properties":{"holder_names":"Victoria Vaccaro","holder_address":"10 Iffley Turn , Oxford, OX4 4DU","property_count":1}},{"type":"Feature","geometry":{"type":"Point","coordinates":[-0.478671,52.151284]},"properties":{"holder_names":"Pharam Lal Shrestha","holder_address":"14 Coleridge Close , Oxford, OX4 3JG","property_count":1}},{"type":"Feature","geometry":{"type":"Point","coordinates":[-0.640755,51.731905]},"properties":{"holder_names":"Neil Gorton","holder_address":"48 Jack Straws Lane Headington, Oxford, OX3 0DW","property_count":3}},{"type":"Feature","geometry":{"type":"Point","coordinates":[-1.190519,51.759529]},"properties":{"holder_names":"MAHESHKUMAR GANDHI; MAHESHKUMARr GANDHI; Maheshkumar Gandhi","holder_address":"44 Collinwood Road Headington, Oxford, OX3 8HJ","property_count":10}},{"type":"Feature","geometry":{"type":"Point","coordinates":[-1.255671,51.745871]},"properties":{"holder_names":"Saleem Naqvi","holder_address":"29 Chilswell Road , Oxford, OX1 4PQ","property_count":1}},{"type":"Feature","geometry":{"type":"Point","coordinates":[-0.477594,52.150713]},"properties":{"holder_names":"Mohammad Imran Faruq; Mr Mohammad Imran Faruq; mohammad imran faruq","holder_address":"9 Whitson Place , Oxford, OX4 3DD","property_count":4}},{"type":"Feature","geometry":{"type":"Point","coordinates":[-1.200874,51.762559]},"properties":{"holder_names":"Qiao Xu","holder_address":"283 London Road Headington, Oxford, OX3 9EH","property_count":1}},{"type":"Feature","geometry":{"type":"Point","coordinates":[-0.47783,52.151799]},"properties":{"holder_names":"kiera moore-addison","holder_address":"19 Kingfisher Green , Oxford, OX4 7TZ","property_count":1}},{"type":"Feature","geometry":{"type":"Point","coordinates":[40.910009,57.779663]},"properties":{"holder_names":"REMZI SANCAR","holder_address":"101 Lytton Road , Oxford, OX4 3NY","property_count":1}},{"type":"Feature","geometry":{"type":"Point","coordinates":[-1.270528,51.756427]},"properties":{"holder_names":"Annette White; Mrs Annette Rona White","holder_address":"76 Rewley Road , Oxford, OX1 2RQ","property_count":2}},{"type":"Feature","geometry":{"type":"Point","coordinates":[30.786482,46.574185]},"properties":{"holder_names":"Shelagh Turner","holder_address":"51 The Crescent , Oxford, OX2 6QY","property_count":1}},{"type":"Feature","geometry":{"type":"Point","coordinates":[-1.815598,51.562237]},"properties":{"holder_names":"Pieter Serneels","holder_address":"23 Stapleton Road Headington, Oxford, OX3 7LX","property_count":1}},{"type":"Feature","geometry":{"type":"Point","coordinates":[-3.110201,51.531062]},"properties":{"holder_names":"Jannicke Duka","holder_address":"29a Mill lane, Oxford, OX3 0QB","property_count":1}},{"type":"Feature","geometry":{"type":"Point","coordinates":[-1.311786,51.738635]},"properties":{"holder_names":"Andreas Koini","holder_address":"47 Hurst Lane Cumnor, Oxford, OX2 9PR","property_count":1}},{"type":"Feature","geometry":{"type":"Point","coordinates":[-0.426626,51.417531]},"properties":{"holder_names":"Jacqueline Hosken","holder_address":"9 Oxford Road Farmoor, Oxford, OX2 9NN","property_count":1}},{"type":"Feature","geometry":{"type":"Point","coordinates":[-0.477486,52.151361]},"properties":{"holder_names":"Frederick Robin James Walden","holder_address":"16 Piper Street Headington, Oxford, OX3 7AR","property_count":1}},{"type":"Feature","geometry":{"type":"Point","coordinates":[-1.216939,51.763725]},"properties":{"holder_names":"Slobodan Rosic","holder_address":"12 Franklin Road Headington, Oxford, OX3 7RZ","property_count":1}},{"type":"Feature","geometry":{"type":"Point","coordinates":[-3.18266,51.660093]},"properties":{"holder_names":"BLOU PROPERTIES LTD (Louis Francis); Deon Francis","holder_address":"24 Trinity Road Headington, Oxford, OX3 8LQ","property_count":2}},{"type":"Feature","geometry":{"type":"Point","coordinates":[-0.352938,51.814955]},"properties":{"holder_names":"Eleanor Jean Moore","holder_address":"6 Forest Road Headington, Oxford, OX3 8LF","property_count":1}},{"type":"Feature","geometry":{"type":"Point","coordinates":[-1.249939,51.759316]},"properties":{"holder_names":"Linacre College (Simon Barker)","holder_address":"Linacre College St. Cross Road, Oxford, OX1 3JA","property_count":1}},{"type":"Feature","geometry":{"type":"Point","coordinates":[0.180868,51.870642]},"properties":{"holder_names":"Zoe Greenwood","holder_address":"13 Ulfgar Road , Oxford, OX2 8AZ","property_count":1}},{"type":"Feature","geometry":{"type":"Point","coordinates":[-1.205583,51.735414]},"properties":{"holder_names":"Steve Osman","holder_address":"Smith & Osman Services 85 Wilkins Road, Oxford, OX4 2JB","property_count":1}},{"type":"Feature","geometry":{"type":"Point","coordinates":[6.7643,51.211817]},"properties":{"holder_names":"Brian Warn","holder_address":"32 St. Leonards Road Headington, Oxford, OX3 8AB","property_count":1}},{"type":"Feature","geometry":{"type":"Point","coordinates":[30.786482,46.574185]},"properties":{"holder_names":"Sam Harvey","holder_address":"51 Sandfield Road Headington, Oxford, OX3 7RW","property_count":1}},{"type":"Feature","geometry":{"type":"Point","coordinates":[-0.482342,51.427206]},"properties":{"holder_names":"Thomas Huxley","holder_address":"84A Five Mile Drive, Oxford, OX2 8HN","property_count":1}},{"type":"Feature","geometry":{"type":"Point","coordinates":[-1.402052,50.941462]},"properties":{"holder_names":"Donald Chaikin","holder_address":"58 Rosamund Road Wolvercote, Oxford, OX2 8NX","property_count":1}},{"type":"Feature","geometry":{"type":"Point","coordinates":[-1.237595,51.773118]},"properties":{"holder_names":"gina carver","holder_address":"Willow Barn, Oxford Road Old Marston, Oxford, OX3 0PQ","property_count":2}},{"type":"Feature","geometry":{"type":"Point","coordinates":[-1.232162,51.743609]},"properties":{"holder_names":"Sterling lettings and management ltd (Abdul Shakoor)","holder_address":"138 Magdalen rd, Oxford, OX4 1RJ","property_count":1}},{"type":"Feature","geometry":{"type":"Point","coordinates":[-0.426591,51.417397]},"properties":{"holder_names":"Elizabeth Denton; Oxford and Witney Factors (2018) Ltd","holder_address":"8 Grove Street, Summertown, OX2 7JT","property_count":2}},{"type":"Feature","geometry":{"type":"Point","coordinates":[-0.477338,52.150429]},"properties":{"holder_names":"Eleanor Stride","holder_address":"2 Talbot Lodge, Linton Lodge , Oxford, OX2 6UG","property_count":1}},{"type":"Feature","geometry":{"type":"Point","coordinates":[-1.184263,51.761665]},"properties":{"holder_names":"Benjamin Chichester","holder_address":"Flat 106, Thornhill Court London Road, Headington, Oxford,  OX3 9GJ","property_count":1}},{"type":"Feature","geometry":{"type":"Point","coordinates":[44.750717,48.797059]},"properties":{"holder_names":"Gianfranco Catrini","holder_address":"26 Hids Copse Road , Oxford, OX2 9JJ","property_count":2}},{"type":"Feature","geometry":{"type":"Point","coordinates":[-0.067858,51.472743]},"properties":{"holder_names":"George Stanford","holder_address":"3 Jubilee Terrace , Oxford, OX1 4LN","property_count":1}},{"type":"Feature","geometry":{"type":"Point","coordinates":[-0.478887,52.151212]},"properties":{"holder_names":"Oliver van Biervliet","holder_address":"12 Hurst Street , Oxford, OX4 1HB","property_count":1}},{"type":"Feature","geometry":{"type":"Point","coordinates":[7.102074,50.699777]},"properties":{"holder_names":"Laurie Hurman","holder_address":"40 St. Leonards Road Headington, Oxford, OX3 8AB","property_count":1}},{"type":"Feature","geometry":{"type":"Point","coordinates":[-0.478671,52.151284]},"properties":{"holder_names":"File Muharremi","holder_address":"14 Pound Field Close Headington, Oxford, OX3 9NL","property_count":1}},{"type":"Feature","geometry":{"type":"Point","coordinates":[-1.236817,51.750148]},"properties":{"holder_names":"St Clement's Community Property Trust","holder_address":"St. Clement's Centre Cross Street, Oxford, OX4 1DA","property_count":1}},{"type":"Feature","geometry":{"type":"Point","coordinates":[51.80169,55.651549]},"properties":{"holder_names":"Mohammed Hanif","holder_address":"28 Horspath Road , Oxford, OX4 2QS","property_count":1}},{"type":"Feature","geometry":{"type":"Point","coordinates":[45.398905,35.575375]},"properties":{"holder_names":"Ian Harkness","holder_address":"117 Fairacres Road , Oxford, OX4 1TQ","property_count":1}},{"type":"Feature","geometry":{"type":"Point","coordinates":[-1.225397,51.763068]},"properties":{"holder_names":"Ishfaq Ahmed","holder_address":"119 Staunton Road Headington, Oxford, OX3 7TN","property_count":2}},{"type":"Feature","geometry":{"type":"Point","coordinates":[-1.815598,51.562237]},"properties":{"holder_names":"Anthony Hollander","holder_address":"23 Chalfont Road , Oxford, OX2 6TL","property_count":1}},{"type":"Feature","geometry":{"type":"Point","coordinates":[125.616506,7.072482]},"properties":{"holder_names":"Judith English","holder_address":"28 Tree Lane , Oxford, OX4 4EY","property_count":1}},{"type":"Feature","geometry":{"type":"Point","coordinates":[-0.355567,51.427004]},"properties":{"holder_names":"Timothy Eyres","holder_address":"75 Bainton Road, Oxford, U , OXFORD, OX2 7AG","property_count":1}},{"type":"Feature","geometry":{"type":"Point","coordinates":[-1.20121,51.733406]},"properties":{"holder_names":"Jacintha Woods","holder_address":"160 Fern Hill Road , Oxford, OX4 2JR","property_count":6}},{"type":"Feature","geometry":{"type":"Point","coordinates":[-0.067858,51.472743]},"properties":{"holder_names":"Ian Davis","holder_address":"3 Barrington Close Headington, Oxford, OX3 7AX","property_count":1}},{"type":"Feature","geometry":{"type":"Point","coordinates":[-0.426591,51.417397]},"properties":{"holder_names":"David Kingsland","holder_address":"8 Fairlie Road , Oxford, OX4 3SW","property_count":1}},{"type":"Feature","geometry":{"type":"Point","coordinates":[-1.290592,51.739995]},"properties":{"holder_names":"David Wyatt","holder_address":"Stanton End Stanton Road, Oxford, OX2 9AY","property_count":1}},{"type":"Feature","geometry":{"type":"Point","coordinates":[-1.275739,51.784648]},"properties":{"holder_names":"Roi Amir","holder_address":"348A Woodstock Road, Oxford, OX2 8BZ","property_count":1}},{"type":"Feature","geometry":{"type":"Point","coordinates":[141.433489,40.547494]},"properties":{"holder_names":"Susan Capel","holder_address":"29 Beauchamp Place Beauchamp lane, Oxford, OX4 3NE","property_count":1}},{"type":"Feature","geometry":{"type":"Point","coordinates":[-0.47783,52.151799]},"properties":{"holder_names":"Godwin Barrett","holder_address":"19 Cornwallis Road , Oxford, OX4 3NP","property_count":1}},{"type":"Feature","geometry":{"type":"Point","coordinates":[-3.020432,51.64465]},"properties":{"holder_names":"Riaz Ahmed","holder_address":"20 Stanley Road , Oxford, OX4 1QZ","property_count":1}},{"type":"Feature","geometry":{"type":"Point","coordinates":[-3.359582,55.950352]},"properties":{"holder_names":"German Lutheran Congregation Oxford (Gunther von Billerbeck)","holder_address":"15A Lathbury Road, Oxford, OX2 7AT","property_count":1}},{"type":"Feature","geometry":{"type":"Point","coordinates":[-0.426626,51.417531]},"properties":{"holder_names":"Francesca Magnabosco","holder_address":"9 Gordon Street , Oxford, OX1 4RJ","property_count":1}},{"type":"Feature","geometry":{"type":"Point","coordinates":[-0.47846,52.151355]},"properties":{"holder_names":"Roger Grosvenor","holder_address":"15 Lime Walk Headington, Oxford, OX3 7AB","property_count":1}},{"type":"Feature","geometry":{"type":"Point","coordinates":[51.80169,55.651549]},"properties":{"holder_names":"Shing Po Kong","holder_address":"28 Nicholson Road Marston, Oxford, OX3 0HW","property_count":2}},{"type":"Feature","geometry":{"type":"Point","coordinates":[-1.190421,51.717921]},"properties":{"holder_names":"Mahmoud Abdallah M Mahmoud","holder_address":"Flat 23, Jane Seaman Court Shepherds Hill, Oxford, OX4 7YB","property_count":1}},{"type":"Feature","geometry":{"type":"Point","coordinates":[51.80169,55.651549]},"properties":{"holder_names":"Peter Atkins","holder_address":"28 The Lion Brewery , Oxford, OX1 1JE","property_count":1}},{"type":"Feature","geometry":{"type":"Point","coordinates":[-1.339887,52.852046]},"properties":{"holder_names":"Mohammed Mahfouz","holder_address":"25 Walton crescent , Oxford, OX1 2JG","property_count":1}},{"type":"Feature","geometry":{"type":"Point","coordinates":[-1.318454,51.386206]},"properties":{"holder_names":"Hugh Ferris","holder_address":"7 The Croft Headington, Oxford, OX3 9BT","property_count":1}},{"type":"Feature","geometry":{"type":"Point","coordinates":[-1.295064,51.783853]},"properties":{"holder_names":"Matthew Geoffrey Turner Adams","holder_address":"Mill House, Mill Road Wolvercote, Oxford, OX2 8PR","property_count":1}},{"type":"Feature","geometry":{"type":"Point","coordinates":[-0.125518,51.541455]},"properties":{"holder_names":"Matthew Phillips","holder_address":"9A, Gathorne Road Headington, Oxford, OX3 8NF","property_count":1}},{"type":"Feature","geometry":{"type":"Point","coordinates":[6.7643,51.211817]},"properties":{"holder_names":"Yuxuan Liu","holder_address":"3 Blackthorn Close Headington, Oxford, OX3 9JF","property_count":1}},{"type":"Feature","geometry":{"type":"Point","coordinates":[-0.477741,52.151645]},"properties":{"holder_names":"NEPTUNE PROPERTY MANAGEMENT LTD (Lijuan Wang)","holder_address":"18 Lark Hill , Oxford, OX2 7DR","property_count":1}},{"type":"Feature","geometry":{"type":"Point","coordinates":[30.153458,59.795655]},"properties":{"holder_names":"Monfor Ali","holder_address":"42 Palmer Road , Oxford, OX3 8QE","property_count":1}},{"type":"Feature","geometry":{"type":"Point","coordinates":[-1.192912,51.762467]},"properties":{"holder_names":"Alison Williams","holder_address":"320 London Road Headington, Oxford, OX3 8DN","property_count":1}},{"type":"Feature","geometry":{"type":"Point","coordinates":[-0.426626,51.417531]},"properties":{"holder_names":"Stephen Phillips","holder_address":"9 Gathorne Road, Oxford, OX3 8NF","property_count":1}},{"type":"Feature","geometry":{"type":"Point","coordinates":[-0.47783,52.151799]},"properties":{"holder_names":"Colin Gay","holder_address":"19 Upland Park Road , Oxford, OX2 7RU","property_count":1}},{"type":"Feature","geometry":{"type":"Point","coordinates":[-0.426591,51.417397]},"properties":{"holder_names":"Patricia Clavin","holder_address":"8 Bannister Close , Oxford, OX4 1SH","property_count":1}},{"type":"Feature","geometry":{"type":"Point","coordinates":[125.616506,7.072482]},"properties":{"holder_names":"satish venkata yakkalakota","holder_address":"28 Titup Hall Drive Headington, Oxford, OX3 8QF","property_count":1}},{"type":"Feature","geometry":{"type":"Point","coordinates":[-1.236303,51.747497]},"properties":{"holder_names":"LPM RESIDENTIAL LTD (Tariq Qume); LPM Residential Limited; LPM Residential Limited (Tariq)","holder_address":"Letting & Property Management, 154D Cowley Road, Oxford,  OX4 1UE","property_count":8}},{"type":"Feature","geometry":{"type":"Point","coordinates":[141.433489,40.547494]},"properties":{"holder_names":"Ovenden (Roger Ovenden); roger ovenden","holder_address":"29 Oxford Road Littlemore, Oxford, OX4 4PF","property_count":2}},{"type":"Feature","geometry":{"type":"Point","coordinates":[-1.3578,51.742191]},"properties":{"holder_names":"R L Howse","holder_address":"Whitley Farms Ltd, Autumn Lodge Farmoor, Oxford, OX2 9NX","property_count":9}},{"type":"Feature","geometry":{"type":"Point","coordinates":[-0.477338,52.150429]},"properties":{"holder_names":"Jan Doorly","holder_address":"2 Bainton Road , Oxford, OX2 7AF","property_count":1}},{"type":"Feature","geometry":{"type":"Point","coordinates":[-0.426626,51.417531]},"properties":{"holder_names":"Reena Bartrip","holder_address":"9 Henley Avenue , Oxford, OX4 4DH","property_count":1}},{"type":"Feature","geometry":{"type":"Point","coordinates":[-0.931568,51.461421]},"properties":{"holder_names":"Kiyomi Akimoto","holder_address":"1 Portland Road , Oxford, OX2 7EZ","property_count":1}},{"type":"Feature","geometry":{"type":"Point","coordinates":[-1.583671,51.391997]},"properties":{"holder_names":"Caroline Baba","holder_address":"67 Upper Road Kennington, Oxford, OX1 5LN","property_count":1}},{"type":"Feature","geometry":{"type":"Point","coordinates":[-0.271434,50.936488]},"properties":{"holder_names":"Mohammed Ali","holder_address":"40B Lake Street, Oxford, OX1 4RW","property_count":1}},{"type":"Feature","geometry":{"type":"Point","coordinates":[-0.130899,51.496377]},"properties":{"holder_names":"Sophia Koumi","holder_address":"2A Salegate Lane, Oxford, OX4 2HQ","property_count":1}},{"type":"Feature","geometry":{"type":"Point","coordinates":[31.257651,58.523612]},"properties":{"holder_names":"Peter Lisemore","holder_address":"116 Godstow Road Wolvercote, Oxford, OX2 8PQ","property_count":1}},{"type":"Feature","geometry":{"type":"Point","coordinates":[-1.39436,52.692346]},"properties":{"holder_names":"Caroline Thompson","holder_address":"6 Harefields , Oxford, OX2 8NS","property_count":1}},{"type":"Feature","geometry":{"type":"Point","coordinates":[-1.270394,51.777773]},"properties":{"holder_names":"Luen Ying TSE","holder_address":"313A Woodstock Road, Oxford, OX2 7NY","property_count":1}},{"type":"Feature","geometry":{"type":"Point","coordinates":[-2.29415,53.782902]},"properties":{"holder_names":"Linda Hessey","holder_address":"65 Delbush Avenue Headington, Oxford, OX3 8EA","property_count":1}},{"type":"Feature","geometry":{"type":"Point","coordinates":[-1.277505,51.791376]},"properties":{"holder_names":"Barbara Charleson","holder_address":"Flat 4, Sollershott Linkside Avenue, Oxford, OX2 8JA","property_count":1}},{"type":"Feature","geometry":{"type":"Point","coordinates":[-1.239618,51.740702]},"properties":{"holder_names":"David Whitley","holder_address":"47 Argyle Street , Oxford, OX4 1ST","property_count":1}},{"type":"Feature","geometry":{"type":"Point","coordinates":[-3.10227,51.017659]},"properties":{"holder_names":"Jin-Chong Tan","holder_address":"5A Mansfield Road, Oxford, OX1 3SZ","property_count":1}},{"type":"Feature","geometry":{"type":"Point","coordinates":[-1.305362,51.745551]},"properties":{"holder_names":"Joy Julia Watson","holder_address":"Plemont Stanville Road, Oxford, OX2 9JF","property_count":2}},{"type":"Feature","geometry":{"type":"Point","coordinates":[-0.477594,52.150713]},"properties":{"holder_names":"Iti Singh","holder_address":"9 Talbot Road , Oxford, OX2 8LL","property_count":2}},{"type":"Feature","geometry":{"type":"Point","coordinates":[7.102074,50.699777]},"properties":{"holder_names":"Yan Lin Lam","holder_address":"40 Marshall Road Cowley, Oxford, OX4 2NR","property_count":1}},{"type":"Feature","geometry":{"type":"Point","coordinates":[-1.228596,51.742068]},"properties":{"holder_names":"SHEELA SUNDAR","holder_address":"187 Howard Street , Oxford, OX4 3BB","property_count":2}},{"type":"Feature","geometry":{"type":"Point","coordinates":[-1.401812,51.400843]},"properties":{"holder_names":"Elizabeth Harris","holder_address":"80 Kingston Road, Oxford, OX2 6RJ","property_count":1}},{"type":"Feature","geometry":{"type":"Point","coordinates":[-1.401812,51.400843]},"properties":{"holder_names":"Elizabeth Harris","holder_address":"80 Kingston Road, Oxford, Ox2 6RJ","property_count":1}},{"type":"Feature","geometry":{"type":"Point","coordinates":[-1.268705,51.764685]},"properties":{"holder_names":"Edward Mitchell","holder_address":"129 Kingston Road , Oxford, OX2 6RW","property_count":1}},{"type":"Feature","geometry":{"type":"Point","coordinates":[-0.47783,52.151799]},"properties":{"holder_names":"Samantha Hynes","holder_address":"19 Stapleton Road Headington, Oxford, OX3 7LX","property_count":1}},{"type":"Feature","geometry":{"type":"Point","coordinates":[-1.325322,51.40148]},"properties":{"holder_names":"Josh Smith","holder_address":"85 East Avenue , Oxford, OX4 1XR","property_count":1}},{"type":"Feature","geometry":{"type":"Point","coordinates":[-0.352938,51.814955]},"properties":{"holder_names":"Samantha Geddes","holder_address":"6 Derwent Avenue Headington, Oxford, OX3 0AP","property_count":1}},{"type":"Feature","geometry":{"type":"Point","coordinates":[-0.355567,51.427004]},"properties":{"holder_names":"Yan Liu","holder_address":"75 Hurst Rise Road , Oxford, OX2 9HF","property_count":1}},{"type":"Feature","geometry":{"type":"Point","coordinates":[-1.40772,50.917053]},"properties":{"holder_names":"Jeremy Paul Bickerton","holder_address":"82A Appleton Road, Oxford, OX2 9QH","property_count":6}},{"type":"Feature","geometry":{"type":"Point","coordinates":[-0.426626,51.417531]},"properties":{"holder_names":"Dave Goodridge","holder_address":"9 Strawberry Path , Oxford, OX4 6RA","property_count":2}},{"type":"Feature","geometry":{"type":"Point","coordinates":[-1.268667,51.765202]},"properties":{"holder_names":"Jonathan Patrick","holder_address":"118 Kingston Road , Oxford, OX2 6RW","property_count":1}},{"type":"Feature","geometry":{"type":"Point","coordinates":[33.442262,49.131697]},"properties":{"holder_names":"Kate Hooker","holder_address":"50 Lark Hill , Oxford, OX2 7DR","property_count":1}},{"type":"Feature","geometry":{"type":"Point","coordinates":[-1.583671,51.391997]},"properties":{"holder_names":"Mari Tudor-Jones","holder_address":"67 Plantation Road , Oxford, OX2 6JE","property_count":1}},{"type":"Feature","geometry":{"type":"Point","coordinates":[-1.1972,51.762742]},"properties":{"holder_names":"Birte Milne","holder_address":"386 London Road, Headington, OX3 8DW","property_count":1}},{"type":"Feature","geometry":{"type":"Point","coordinates":[-0.426626,51.417531]},"properties":{"holder_names":"Richard Muller","holder_address":"9 Abberbury Avenue , Oxford, OX4 4EU","property_count":1}},{"type":"Feature","geometry":{"type":"Point","coordinates":[-1.275268,51.79003]},"properties":{"holder_names":"Elaine M Smith","holder_address":"Bayworth 39 Five Mile Drive, Oxford, OX2 8HT","property_count":1}},{"type":"Feature","geometry":{"type":"Point","coordinates":[13.111386,45.665982]},"properties":{"holder_names":"Ahmad Yunas Samad","holder_address":"36 Hobson Road , Oxford, OX2 7JX","property_count":1}},{"type":"Feature","geometry":{"type":"Point","coordinates":[-0.262244,52.221286]},"properties":{"holder_names":"DINARA BLACK","holder_address":"45A DAVENANT ROAD , OXFORD, OX2 8BU","property_count":1}},{"type":"Feature","geometry":{"type":"Point","coordinates":[0.573402,51.36574]},"properties":{"holder_names":"Anne Margo","holder_address":"22 Northmoor Road , Oxford, OX2 6UR","property_count":1}},{"type":"Feature","geometry":{"type":"Point","coordinates":[-1.276554,51.789906]},"properties":{"holder_names":"Alistair Cory","holder_address":"55 Five Mile Drive , Oxford, OX2 8HR","property_count":1}},{"type":"Feature","geometry":{"type":"Point","coordinates":[-1.441281,52.395695]},"properties":{"holder_names":"Michael John Bennett","holder_address":"4 Beckley Court Beckley, Oxford, OX3 9UB","property_count":1}},{"type":"Feature","geometry":{"type":"Point","coordinates":[0.500925,51.392265]},"properties":{"holder_names":"Sarah Lily Feder Arderne","holder_address":"70 Chilswell Road , Oxford, OX1 4PU","property_count":1}},{"type":"Feature","geometry":{"type":"Point","coordinates":[44.749294,48.794839]},"properties":{"holder_names":"David Miller","holder_address":"37 Wellington Street , Oxford, OX2 6BB","property_count":1}},{"type":"Feature","geometry":{"type":"Point","coordinates":[0.180868,51.870642]},"properties":{"holder_names":"Nigel Coltman","holder_address":"13 Beech Road Headington, Oxford, OX3 7RT","property_count":1}},{"type":"Feature","geometry":{"type":"Point","coordinates":[51.80169,55.651549]},"properties":{"holder_names":"Victoria Johansen","holder_address":"28 Earl Street , Oxford, OX2 0JA","property_count":1}},{"type":"Feature","geometry":{"type":"Point","coordinates":[-1.220963,51.756766]},"properties":{"holder_names":"William Stuart-Lee","holder_address":"230 Headington Road Headington, Oxford, OX3 7PS","property_count":1}},{"type":"Feature","geometry":{"type":"Point","coordinates":[44.750717,48.797059]},"properties":{"holder_names":"Shahzada Tamour Ahmed","holder_address":"26 Franklin road, Oxford, OX3 7RZ","property_count":1}},{"type":"Feature","geometry":{"type":"Point","coordinates":[7.102596,50.699772]},"properties":{"holder_names":"Hutton Parker (Hutton Parker)","holder_address":"41 sst clements , Oxford, OX4 1AG","property_count":1}},{"type":"Feature","geometry":{"type":"Point","coordinates":[-1.200764,51.753602]},"properties":{"holder_names":"lucy spanswick","holder_address":"Lower Flat, 139 Old Road Headington, Oxford, OX3 8SY","property_count":1}},{"type":"Feature","geometry":{"type":"Point","coordinates":[-0.426626,51.417531]},"properties":{"holder_names":"Estella Packwood","holder_address":"9 Hawthorn Avenue Headington, Oxford, OX3 9JQ","property_count":2}},{"type":"Feature","geometry":{"type":"Point","coordinates":[-0.426626,51.417531]},"properties":{"holder_names":"Anthony Cohen","holder_address":"9 Davenant Road , Oxford, OX2 8BT","property_count":1}},{"type":"Feature","geometry":{"type":"Point","coordinates":[-1.230069,51.741369]},"properties":{"holder_names":"Tilak Upadhya","holder_address":"147-151 Howard Street, Oxford, OX4 3AZ","property_count":1}},{"type":"Feature","geometry":{"type":"Point","coordinates":[-0.47783,52.151799]},"properties":{"holder_names":"Mohammed Assim Rashid","holder_address":"19 Salford Road Marston, Oxford, OX3 0RX","property_count":1}},{"type":"Feature","geometry":{"type":"Point","coordinates":[-0.477741,52.151645]},"properties":{"holder_names":"Jamshid Derakhshan","holder_address":"18 Ashlong Road Headington, Oxford, OX3 0NH","property_count":1}},{"type":"Feature","geometry":{"type":"Point","coordinates":[-1.330592,51.727525]},"properties":{"holder_names":"Zhanfeng Cui","holder_address":"Ash Tree Farm, Faringdon Road Cumnor, Oxford, OX2 9QX","property_count":1}},{"type":"Feature","geometry":{"type":"Point","coordinates":[24.177345,54.350696]},"properties":{"holder_names":"Jung Eun Lee","holder_address":"33 Coxs Ground , Oxford, OX2 6PX","property_count":1}},{"type":"Feature","geometry":{"type":"Point","coordinates":[-1.601718,51.375562]},"properties":{"holder_names":"Khadija Sahi","holder_address":"64 The Avenue Kennington, Oxford, OX1 5PR","property_count":1}},{"type":"Feature","geometry":{"type":"Point","coordinates":[-2.29415,53.782902]},"properties":{"holder_names":"Kathryn McMillan","holder_address":"65 Ramsay Road Headington, Oxford, OX3 8AY","property_count":1}},{"type":"Feature","geometry":{"type":"Point","coordinates":[-1.513524,53.643197]},"properties":{"holder_names":"Elizabeth Addy; Vivian Addy","holder_address":"283 Woodstock Road , Oxford, OX2 7NY","property_count":2}},{"type":"Feature","geometry":{"type":"Point","coordinates":[-0.478671,52.151284]},"properties":{"holder_names":"Arundel McDougall","holder_address":"14 Walton Street , Oxford, OX1 2HG","property_count":1}},{"type":"Feature","geometry":{"type":"Point","coordinates":[-1.834693,51.573859]},"properties":{"holder_names":"Aarti Chapman","holder_address":"5 Brookside Headington, Oxford, OX3 7PJ","property_count":1}},{"type":"Feature","geometry":{"type":"Point","coordinates":[-1.189964,51.758186]},"properties":{"holder_names":"Catherine Tomkies","holder_address":"55 Kiln Lane Headington, Oxford, OX3 8HA","property_count":1}},{"type":"Feature","geometry":{"type":"Point","coordinates":[-1.553987,53.346561]},"properties":{"holder_names":"Lilly Haines-Gadd","holder_address":"479 Marston Road Marston , oxford, OX3 0JQ","property_count":1}},{"type":"Feature","geometry":{"type":"Point","coordinates":[-1.441281,52.395695]},"properties":{"holder_names":"BJJ Stubbings Discretionary Trust","holder_address":"4 North Street , Oxford, OX2 0AY","property_count":1}},{"type":"Feature","geometry":{"type":"Point","coordinates":[-0.477338,52.150429]},"properties":{"holder_names":"Ruth Francis","holder_address":"2 Buckler Road, Oxford, OX2 7TE","property_count":1}},{"type":"Feature","geometry":{"type":"Point","coordinates":[-0.477615,52.151507]},"properties":{"holder_names":"Jelena Tatar","holder_address":"17 Islip Road , Oxford, OX2 7SN","property_count":1}},{"type":"Feature","geometry":{"type":"Point","coordinates":[-0.426626,51.417531]},"properties":{"holder_names":"Lixiaoying Forman","holder_address":"9 Bay Tree Close , Oxford, OX4 4DT","property_count":1}},{"type":"Feature","geometry":{"type":"Point","coordinates":[-1.222897,51.748514]},"properties":{"holder_names":"Shu Tai CHEUNG","holder_address":"44 Hill Top Road , Oxford, OX4 1PE","property_count":1}},{"type":"Feature","geometry":{"type":"Point","coordinates":[-1.441281,52.395695]},"properties":{"holder_names":"Peter Leung","holder_address":"4 Pullens Field, Oxford, ox3 0bu","property_count":1}},{"type":"Feature","geometry":{"type":"Point","coordinates":[-1.40772,50.917053]},"properties":{"holder_names":"Jeremy Paul Bickerton","holder_address":"82A Appleton Road, Cumnor, OX2 9QH","property_count":3}},{"type":"Feature","geometry":{"type":"Point","coordinates":[-0.679788,51.481023]},"properties":{"holder_names":"Michael Greenwood","holder_address":"52 Sunningwell Road , Oxford, OX1 4SX","property_count":3}},{"type":"Feature","geometry":{"type":"Point","coordinates":[-1.219383,51.726714]},"properties":{"holder_names":"Aidan Muldoon","holder_address":"127 Cowley Road Littlemore, Oxford, OX4 3TH","property_count":1}},{"type":"Feature","geometry":{"type":"Point","coordinates":[-0.426591,51.417397]},"properties":{"holder_names":"Judith Haverty","holder_address":"8 Hayward Road , Oxford, ox2 8lw","property_count":1}},{"type":"Feature","geometry":{"type":"Point","coordinates":[-79.027688,-8.116178]},"properties":{"holder_names":"Parkash Singh Kenth","holder_address":"1A Elms Parade , Oxfordshire, OX2 9LG","property_count":2}},{"type":"Feature","geometry":{"type":"Point","coordinates":[6.7643,51.211817]},"properties":{"holder_names":"Joshua Baylis","holder_address":"3 Boundary Brook Road , Oxford, OX4 4AJ","property_count":1}},{"type":"Feature","geometry":{"type":"Point","coordinates":[-1.174338,52.97087]},"properties":{"holder_names":"Marc Taggart","holder_address":"380 Marston Road Marston, Oxford, OX3 0JD","property_count":1}},{"type":"Feature","geometry":{"type":"Point","coordinates":[-0.679788,51.481023]},"properties":{"holder_names":"Peter Scott-Symmonds; Peter Scott-Symonds","holder_address":"52 Blenheim Drive, Oxford, ox2 8dq","property_count":2}},{"type":"Feature","geometry":{"type":"Point","coordinates":[-1.834693,51.573859]},"properties":{"holder_names":"Mouazam Rana","holder_address":"5 St Mary's Road, Oxford, OX4 1PX","property_count":1}},{"type":"Feature","geometry":{"type":"Point","coordinates":[-1.257741,51.741057]},"properties":{"holder_names":"Linda Thomas","holder_address":"167 Marlborough Road , Oxford, OX1 4LY","property_count":1}},{"type":"Feature","geometry":{"type":"Point","coordinates":[23.736909,37.949989]},"properties":{"holder_names":"Jason Cohen","holder_address":"45 Grays Road Headington, Oxford, OX3 7PZ","property_count":1}},{"type":"Feature","geometry":{"type":"Point","coordinates":[-1.270646,51.77933]},"properties":{"holder_names":"Mark Torrance","holder_address":"Flat 2, Woodstock Court Osberton Road, Oxford, OX2 7NP","property_count":1}},{"type":"Feature","geometry":{"type":"Point","coordinates":[-1.264928,51.724868]},"properties":{"holder_names":"Maheshi Ramasamy","holder_address":"Brunswick Hinksey Hill, Oxford, OX1 5BH","property_count":1}},{"type":"Feature","geometry":{"type":"Point","coordinates":[-1.178898,51.794376]},"properties":{"holder_names":"John Leader","holder_address":"Hemvia woodperry road, oxford, ox3 9uy","property_count":1}},{"type":"Feature","geometry":{"type":"Point","coordinates":[-1.218401,51.737501]},"properties":{"holder_names":"Windle Trust International (Carol Clarke)","holder_address":"Windle Trust International, 37A Oxford Road, Cowley, Oxford,  OX4 2EN","property_count":1}},{"type":"Feature","geometry":{"type":"Point","coordinates":[-0.477815,51.469164]},"properties":{"holder_names":"Nikesh Madhvani","holder_address":"552 Banbury Road , Oxford, OX2 8EQ","property_count":1}},{"type":"Feature","geometry":{"type":"Point","coordinates":[3.881323,43.974931]},"properties":{"holder_names":"Kate Nation","holder_address":"30 Lake Street , Oxford, OX1 4RW","property_count":1}},{"type":"Feature","geometry":{"type":"Point","coordinates":[-1.834693,51.573859]},"properties":{"holder_names":"John Efthimiou","holder_address":"5 Carey Close , Oxford, OX2 8HX","property_count":1}},{"type":"Feature","geometry":{"type":"Point","coordinates":[-1.325322,51.40148]},"properties":{"holder_names":"Nighat Chudry","holder_address":"85 Morrell Avenue , Oxford, OX4 1NQ","property_count":1}},{"type":"Feature","geometry":{"type":"Point","coordinates":[-0.124301,51.50538]},"properties":{"holder_names":"Morrell Grounds Ltd - Oxford","holder_address":"98 Morrell Avenue, Oxford, OX4 1NG","property_count":1}},{"type":"Feature","geometry":{"type":"Point","coordinates":[-0.067858,51.472743]},"properties":{"holder_names":"William Sayer","holder_address":"3 Doyley Road , Oxford, OX2 0BG","property_count":1}},{"type":"Feature","geometry":{"type":"Point","coordinates":[-1.441281,52.395695]},"properties":{"holder_names":"michael gotch","holder_address":"4 FOXTON CLOSE , OXFORD, OX2 8LB","property_count":1}},{"type":"Feature","geometry":{"type":"Point","coordinates":[-1.276896,51.785378]},"properties":{"holder_names":"RICHARD MORGAN","holder_address":"Flat 1, Chestnut Court 54 Davenant Road, Oxford, OX2 8BY","property_count":2}},{"type":"Feature","geometry":{"type":"Point","coordinates":[-0.47783,52.151799]},"properties":{"holder_names":"Duncan Angwin","holder_address":"19 Wentworth Road , Oxford, OX2 7TQ","property_count":1}},{"type":"Feature","geometry":{"type":"Point","coordinates":[-1.205738,51.748508]},"properties":{"holder_names":"Grace Hawes","holder_address":"130 Bulan Road Headington, Oxford, OX3 7HY","property_count":1}},{"type":"Feature","geometry":{"type":"Point","coordinates":[-0.47846,52.151355]},"properties":{"holder_names":"Andrea Szekretar","holder_address":"15 Furlong Close , Oxford, OX4 6AT","property_count":1}},{"type":"Feature","geometry":{"type":"Point","coordinates":[139.536566,36.246112]},"properties":{"holder_names":"Donald Anthony Jones","holder_address":"57 The Crescent Rutherway, Oxford, OX2 6QY","property_count":1}},{"type":"Feature","geometry":{"type":"Point","coordinates":[-0.426591,51.417397]},"properties":{"holder_names":"Junko Hara","holder_address":"8 Elizabeth Jennings Way , Oxford, OX2 7BN","property_count":1}},{"type":"Feature","geometry":{"type":"Point","coordinates":[-1.266663,51.781992]},"properties":{"holder_names":"Barbara Caban","holder_address":"Flat 1, Victoria Gate 1A Victoria Road, Oxford, OX2 7LS","property_count":1}},{"type":"Feature","geometry":{"type":"Point","coordinates":[1.170733,49.213836]},"properties":{"holder_names":"Tim Stark","holder_address":"27 Terrett Avenue Headington, Oxford, OX3 8FE","property_count":1}},{"type":"Feature","geometry":{"type":"Point","coordinates":[-0.679788,51.481023]},"properties":{"holder_names":"Sairah Ahmed","holder_address":"52 Crotch Crescent Marston, Oxford, OX3 0JJ","property_count":1}},{"type":"Feature","geometry":{"type":"Point","coordinates":[-3.020432,51.64465]},"properties":{"holder_names":"Akshay Mangla","holder_address":"20 William Lucy Way , Oxford, OX2 6EQ","property_count":1}},{"type":"Feature","geometry":{"type":"Point","coordinates":[-0.477486,52.151361]},"properties":{"holder_names":"Abigail Blumenthal","holder_address":"16 Wytham Street , Oxford, OX1 4SU","property_count":1}},{"type":"Feature","geometry":{"type":"Point","coordinates":[-1.225606,51.761113]},"properties":{"holder_names":"Cheng Han","holder_address":"113 Jack Straws Lane Headington, Oxford, OX3 0DW","property_count":1}},{"type":"Feature","geometry":{"type":"Point","coordinates":[-1.233067,51.746345]},"properties":{"holder_names":"Oxford Lettings (Mohammed Idrees)","holder_address":"226 , Cowley Road, Ox4 1UH","property_count":1}},{"type":"Feature","geometry":{"type":"Point","coordinates":[-5.237835,56.711572]},"properties":{"holder_names":"Adam Ritchie","holder_address":"77 Ferry Road Marston, Oxford, OX3 0EU","property_count":1}},{"type":"Feature","geometry":{"type":"Point","coordinates":[-1.196771,51.724407]},"properties":{"holder_names":"Gyorgy Zanin","holder_address":"144 Balfour Road , Oxford, OX4 6BT","property_count":1}},{"type":"Feature","geometry":{"type":"Point","coordinates":[-0.477741,52.151645]},"properties":{"holder_names":"Dinah Reynolds","holder_address":"18 Cunliffe Close , Oxford, OX2 7BL","property_count":1}},{"type":"Feature","geometry":{"type":"Point","coordinates":[23.736909,37.949989]},"properties":{"holder_names":"Elizabeth Knott","holder_address":"45 Oliver Road , Oxford, OX4 2JQ","property_count":1}},{"type":"Feature","geometry":{"type":"Point","coordinates":[0.180868,51.870642]},"properties":{"holder_names":"Rosemary Armstrong","holder_address":"13 Elms Drive, Marston, OX3 0NN","property_count":1}},{"type":"Feature","geometry":{"type":"Point","coordinates":[-1.255671,51.745871]},"properties":{"holder_names":"Irena Powell","holder_address":"29 Woodin's Way , Oxford, OX1 1HD","property_count":1}},{"type":"Feature","geometry":{"type":"Point","coordinates":[-1.268801,51.76701]},"properties":{"holder_names":"Catherine Seal; Kate Seal","holder_address":"97 Kingston Road , Oxford, OX2 6RL","property_count":2}},{"type":"Feature","geometry":{"type":"Point","coordinates":[-3.072105,53.188331]},"properties":{"holder_names":"Trevor Godfrey","holder_address":"33B Oxford Road Old Marston, Oxford, OX3 0PQ","property_count":1}},{"type":"Feature","geometry":{"type":"Point","coordinates":[-1.178898,51.794376]},"properties":{"holder_names":"Dom Holdsworth","holder_address":"The Lodge, Woodperry Road Beckley, Oxford, OX3 9UY","property_count":1}},{"type":"Feature","geometry":{"type":"Point","coordinates":[-72.29001,43.700839]},"properties":{"holder_names":"Radu Mihai","holder_address":"204 Iffley Road , Oxford, OX4 1SD","property_count":1}},{"type":"Feature","geometry":{"type":"Point","coordinates":[0.180868,51.870642]},"properties":{"holder_names":"Khee-Guan Tan","holder_address":"13 Gordon Close Marston, Oxford, OX3 0RG","property_count":1}},{"type":"Feature","geometry":{"type":"Point","coordinates":[-1.276896,51.785378]},"properties":{"holder_names":"RICHARD MORGAN","holder_address":"Flat 1 54 Davenant Road, Oxford, OX2 8BY","property_count":3}},{"type":"Feature","geometry":{"type":"Point","coordinates":[-0.477741,52.151645]},"properties":{"holder_names":"Jarad Zimbler","holder_address":"18 Portland Road , Oxford, OX2 7EY","property_count":1}},{"type":"Feature","geometry":{"type":"Point","coordinates":[114.210223,22.536206]},"properties":{"holder_names":"Ronnie Harry","holder_address":"104 Eynsham Road Botley, Oxford, OX2 9BX","property_count":1}},{"type":"Feature","geometry":{"type":"Point","coordinates":[-1.297718,51.751798]},"properties":{"holder_names":"Parkash Singh Kenth","holder_address":"Botley Dental Practice, 1A Elms Parade, Oxford, OX2 9LG","property_count":1}},{"type":"Feature","geometry":{"type":"Point","coordinates":[-0.477338,52.150429]},"properties":{"holder_names":"QING ZHANG","holder_address":"2 Complins Close , Oxford, OX2 6PZ","property_count":1}},{"type":"Feature","geometry":{"type":"Point","coordinates":[28.22433,61.055625]},"properties":{"holder_names":"Tom Lewis","holder_address":"31 Squitchey Lane , Oxford, OX2 7LD","property_count":1}},{"type":"Feature","geometry":{"type":"Point","coordinates":[-1.815598,51.562237]},"properties":{"holder_names":"Janine Qasim","holder_address":"23 Turner Drive , Oxford, OX2 9GX","property_count":1}},{"type":"Feature","geometry":{"type":"Point","coordinates":[-1.211144,51.814424]},"properties":{"holder_names":"Peter Long","holder_address":"Tythfield , Noke, OX3 9TU","property_count":1}},{"type":"Feature","geometry":{"type":"Point","coordinates":[-1.277435,51.718329]},"properties":{"holder_names":"Stevco Ltd; Stevco Ltd (Alexander Grell)","holder_address":"Foxcombe End, Foxcombe Lane Boars Hill, Oxford, OX1 5DH","property_count":2}},{"type":"Feature","geometry":{"type":"Point","coordinates":[-1.276595,51.717342]},"properties":{"holder_names":"Zoya Kolpakova","holder_address":"Woodcroft, Foxcombe Lane Boars Hill, Oxford, OX1 5DH","property_count":1}},{"type":"Feature","geometry":{"type":"Point","coordinates":[-1.223799,51.762185]},"properties":{"holder_names":"Saeed Akhtar","holder_address":"133 Headley Way Headington, Oxford, OX3 7SS","property_count":1}},{"type":"Feature","geometry":{"type":"Point","coordinates":[-1.357798,51.398029]},"properties":{"holder_names":"Anna Louise Graham","holder_address":"83 Old High Street Headington, Oxford, OX3 9HT","property_count":1}},{"type":"Feature","geometry":{"type":"Point","coordinates":[-1.339887,52.852046]},"properties":{"holder_names":"Geoffrey Robin Jackson","holder_address":"25 St. Leonards Road Headington, Oxford, OX3 8AD","property_count":1}},{"type":"Feature","geometry":{"type":"Point","coordinates":[-0.477741,52.151645]},"properties":{"holder_names":"Gaurav Verma","holder_address":"18 Napier Road, Oxford, OX4 3JA","property_count":1}},{"type":"Feature","geometry":{"type":"Point","coordinates":[-1.834693,51.573859]},"properties":{"holder_names":"Mr Roderick Carnegie; miranda carnegie","holder_address":"5 Longworth Road , Oxford, OX2 6RA","property_count":2}},{"type":"Feature","geometry":{"type":"Point","coordinates":[27.189363,63.579876]},"properties":{"holder_names":"Christopher Bowdler","holder_address":"111 Stone Meadow , Oxford, OX2 6TD","property_count":1}},{"type":"Feature","geometry":{"type":"Point","coordinates":[7.102596,50.699772]},"properties":{"holder_names":"Hutton parker (Hutton Parker); hutton parker (Hutton Parker)","holder_address":"41 st Clements , Oxford, OX4 1AG","property_count":2}},{"type":"Feature","geometry":{"type":"Point","coordinates":[30.786482,46.574185]},"properties":{"holder_names":"Louise Barcock","holder_address":"51 The Glebe Cumnor, Oxford, OX2 9QB","property_count":1}},{"type":"Feature","geometry":{"type":"Point","coordinates":[-1.277465,51.785291]},"properties":{"holder_names":"Christine St John Cox","holder_address":"360 Woodstock Road , Oxford, OX2 8AE","property_count":1}},{"type":"Feature","geometry":{"type":"Point","coordinates":[-0.352938,51.814955]},"properties":{"holder_names":"Jeremy Richard Bull","holder_address":"6 Hillsborough Road , Oxford, OX4 3SL","property_count":1}},{"type":"Feature","geometry":{"type":"Point","coordinates":[-2.557698,53.405503]},"properties":{"holder_names":"Mohammed Nawaz; Mr Mohammed Nawaz","holder_address":"173A Cowley Road, Oxford, OX4 1UT","property_count":3}},{"type":"Feature","geometry":{"type":"Point","coordinates":[45.398905,35.575375]},"properties":{"holder_names":"Michael P Loweth","holder_address":"117 Mogridge Drive Littlemore, Oxford, OX4 4QN","property_count":1}},{"type":"Feature","geometry":{"type":"Point","coordinates":[-1.441281,52.395695]},"properties":{"holder_names":"Hans Raj","holder_address":"4 James Wolfe Road , Oxford, OX4 2PY","property_count":1}},{"type":"Feature","geometry":{"type":"Point","coordinates":[-1.834693,51.573859]},"properties":{"holder_names":"Sivanesarajah Pakeerathan","holder_address":"5 Old Marston Road Marston, Oxford, OX3 0JR","property_count":1}},{"type":"Feature","geometry":{"type":"Point","coordinates":[-1.339887,52.852046]},"properties":{"holder_names":"Hazel Webb","holder_address":"25 The Beeches Headington, Oxford, OX3 9JY","property_count":1}},{"type":"Feature","geometry":{"type":"Point","coordinates":[-1.206703,51.757034]},"properties":{"holder_names":"Duncan Fraser","holder_address":"Flat 33, Wooldridge Court Margaret Road, Headington, Oxford,  OX3 8SE","property_count":1}},{"type":"Feature","geometry":{"type":"Point","coordinates":[-1.318454,51.386206]},"properties":{"holder_names":"marie kirwan","holder_address":"7 Downside End Headington, Oxford, OX3 8JF","property_count":1}},{"type":"Feature","geometry":{"type":"Point","coordinates":[7.102596,50.699772]},"properties":{"holder_names":"Kate Buchanan","holder_address":"41 Davenant Road , Oxford, OX2 8BU","property_count":1}},{"type":"Feature","geometry":{"type":"Point","coordinates":[-1.441281,52.395695]},"properties":{"holder_names":"Clive Roberson","holder_address":"4 Ponds Lane Marston, Oxford, OX3 0PX","property_count":1}},{"type":"Feature","geometry":{"type":"Point","coordinates":[26.62446,51.311352]},"properties":{"holder_names":"Donna probitts","holder_address":"56 LYE VALLEY, HEADI, Lye Valley, Headington Lye Valley,  Oxford, OX3 7ER","property_count":1}},{"type":"Feature","geometry":{"type":"Point","coordinates":[-1.13582,52.956435]},"properties":{"holder_names":"Anjala Scott","holder_address":"10 Halls Close , Oxford, OX2 9HR","property_count":1}},{"type":"Feature","geometry":{"type":"Point","coordinates":[15.970028,45.79777]},"properties":{"holder_names":"Alex Comerford","holder_address":"21 New Cross Road Headington, Oxford, OX3 8LP","property_count":2}},{"type":"Feature","geometry":{"type":"Point","coordinates":[-0.477615,52.151507]},"properties":{"holder_names":"Feras Al Zudi","holder_address":"17 Marshall Road Cowley, Oxford, OX4 2NP","property_count":1}},{"type":"Feature","geometry":{"type":"Point","coordinates":[-1.190017,51.761875]},"properties":{"holder_names":"Marmaduke's Property Ltd (Kristian Milne)","holder_address":"386 London Road Headington, Oxford, OX3 8DW","property_count":1}},{"type":"Feature","geometry":{"type":"Point","coordinates":[-0.47783,52.151799]},"properties":{"holder_names":"Thomas Vallance","holder_address":"19 Poplar Road , Oxford, OX2 9LA","property_count":1}},{"type":"Feature","geometry":{"type":"Point","coordinates":[-1.278709,51.786915]},"properties":{"holder_names":"Maika Mossanheb","holder_address":"382 Woodstock Road, Oxford, OX2 8AF","property_count":1}},{"type":"Feature","geometry":{"type":"Point","coordinates":[24.177345,54.350696]},"properties":{"holder_names":"Melissa Barkan","holder_address":"33 Victor Street , Oxford, OX2 6BT","property_count":1}},{"type":"Feature","geometry":{"type":"Point","coordinates":[-1.241419,51.750507]},"properties":{"holder_names":"Clover Property ltd (jasmeet khatri)","holder_address":"Gainda Supermarket 48 St. Clements Street, Oxford, OX4 1AG","property_count":1}},{"type":"Feature","geometry":{"type":"Point","coordinates":[0.573402,51.36574]},"properties":{"holder_names":"Richard Garbutt","holder_address":"22 Linkside Avenue , Oxford, OX2 8HY","property_count":1}},{"type":"Feature","geometry":{"type":"Point","coordinates":[-0.478887,52.151212]},"properties":{"holder_names":"Paul Neil Harden","holder_address":"12 Highfield Avenue, Headington, Oxford, OX3 7LA","property_count":1}},{"type":"Feature","geometry":{"type":"Point","coordinates":[-1.190165,51.749244]},"properties":{"holder_names":"Jeremy Loveless","holder_address":"Simsbury, The Ridings Headington, Oxford, OX3 8TB","property_count":1}},{"type":"Feature","geometry":{"type":"Point","coordinates":[-2.857289,55.894043]},"properties":{"holder_names":"Dean Casey","holder_address":"63 Cranmer Road , Oxford, OX4 2QB","property_count":1}},{"type":"Feature","geometry":{"type":"Point","coordinates":[-1.217172,51.736614]},"properties":{"holder_names":"James Burroughs","holder_address":"89 Oxford Road Cowley, Oxford, OX4 2ER","property_count":1}},{"type":"Feature","geometry":{"type":"Point","coordinates":[44.005361,36.206077]},"properties":{"holder_names":"Rachael King","holder_address":"43 Hamilton Road , Oxford, OX2 7PY","property_count":1}},{"type":"Feature","geometry":{"type":"Point","coordinates":[-1.264559,51.777422]},"properties":{"holder_names":"Carter Jonas (Carter Jonas)","holder_address":"Mayfield House 256 Banbury Road, Oxford, ox2 7de","property_count":1}},{"type":"Feature","geometry":{"type":"Point","coordinates":[-1.23207,51.760932]},"properties":{"holder_names":"Carmen Cervetto","holder_address":"6A The Court Mary Price Close, Oxford, OX3 0PE","property_count":1}},{"type":"Feature","geometry":{"type":"Point","coordinates":[44.749294,48.794839]},"properties":{"holder_names":"Ramunas Martinkus","holder_address":"37 Main Avenue , Sandford-on-Thames, Oxford, ox4 4yt","property_count":1}},{"type":"Feature","geometry":{"type":"Point","coordinates":[0.126263,51.470961]},"properties":{"holder_names":"Julie Koretz","holder_address":"53 Marlborough Close Littlemore, Oxford, OX4 4PH","property_count":1}},{"type":"Feature","geometry":{"type":"Point","coordinates":[-1.239683,51.750436]},"properties":{"holder_names":"oxford heritage (irfan ahmed)","holder_address":"Iithos, Angel Court 81 St. Clements Street, Oxford, OX4 1AW","property_count":1}},{"type":"Feature","geometry":{"type":"Point","coordinates":[-0.478887,52.151212]},"properties":{"holder_names":"Feibiao Zhou","holder_address":"12 Trafford Road Headington, Oxford, OX3 8BE","property_count":1}},{"type":"Feature","geometry":{"type":"Point","coordinates":[-0.426626,51.417531]},"properties":{"holder_names":"jean mccubbin","holder_address":"9 Phipps Road , Oxford, OX4 3HJ","property_count":2}},{"type":"Feature","geometry":{"type":"Point","coordinates":[-0.478887,52.151212]},"properties":{"holder_names":"Abi Barker","holder_address":"12 Gathorne Road Headington, Oxford, OX3 8NF","property_count":1}},{"type":"Feature","geometry":{"type":"Point","coordinates":[-1.199635,51.762292]},"properties":{"holder_names":"Ernest Smith","holder_address":"Flat 21, Douglas Veale House Trafford Road, Headington,  Oxford, OX3 8DB","property_count":1}},{"type":"Feature","geometry":{"type":"Point","coordinates":[-1.247345,51.7163]},"properties":{"holder_names":"Anthony Tyrer","holder_address":"212 Upper Road Kennington, Oxford, OX1 5LR","property_count":1}},{"type":"Feature","geometry":{"type":"Point","coordinates":[27.146994,38.436963]},"properties":{"holder_names":"J Harkin","holder_address":"35 Church Road Sandford-on-Thames, Oxford, OX4 4XZ","property_count":1}},{"type":"Feature","geometry":{"type":"Point","coordinates":[-1.815598,51.562237]},"properties":{"holder_names":"Stephen Bell","holder_address":"23 Rowles Close Kennington, Oxford, OX1 5LX","property_count":2}},{"type":"Feature","geometry":{"type":"Point","coordinates":[15.970028,45.79777]},"properties":{"holder_names":"lila patel","holder_address":"21 Ramsay Road Headington, Oxford, OX3 8AX","property_count":1}},{"type":"Feature","geometry":{"type":"Point","coordinates":[-0.931568,51.461421]},"properties":{"holder_names":"Ibrahim Akkas","holder_address":"1 Long Close , Oxford, ox3 8tt","property_count":1}},{"type":"Feature","geometry":{"type":"Point","coordinates":[6.7643,51.211817]},"properties":{"holder_names":"Auriol Jacqueline Ingram","holder_address":"32 Stanley Road , Oxford, OX4 1QZ","property_count":2}},{"type":"Feature","geometry":{"type":"Point","coordinates":[0.180868,51.870642]},"properties":{"holder_names":"Adam Hanney","holder_address":"13 Jackson Road , Oxford, OX2 7TP","property_count":1}},{"type":"Feature","geometry":{"type":"Point","coordinates":[139.536566,36.246112]},"properties":{"holder_names":"Shiva Thebe","holder_address":"57 Ashhurst Way , Oxford, OX4 4RE","property_count":1}},{"type":"Feature","geometry":{"type":"Point","coordinates":[-2.29415,53.782902]},"properties":{"holder_names":"Kapil Khadka","holder_address":"65 Herschel Crescent , Oxford, OX4 3TT","property_count":1}},{"type":"Feature","geometry":{"type":"Point","coordinates":[-0.449232,51.460433]},"properties":{"holder_names":"Dolcie Obhiozele","holder_address":"408 Marston Road Marston, Oxford, OX3 0JE","property_count":1}},{"type":"Feature","geometry":{"type":"Point","coordinates":[-1.265012,51.750826]},"properties":{"holder_names":"Peggy Roylance","holder_address":"Apartment 64, Empress Court Woodin's Way, Oxford, OX1 1HF","property_count":1}},{"type":"Feature","geometry":{"type":"Point","coordinates":[51.80169,55.651549]},"properties":{"holder_names":"Bhim Gyawali","holder_address":"28 Burdell Avenue Headington, Oxford, OX3 8ED","property_count":1}},{"type":"Feature","geometry":{"type":"Point","coordinates":[-0.067858,51.472743]},"properties":{"holder_names":"Dominik Wanner","holder_address":"3 Croft Road Marston, Oxford, OX3 0JX","property_count":1}},{"type":"Feature","geometry":{"type":"Point","coordinates":[7.102596,50.699772]},"properties":{"holder_names":"Hutton Parker (Hutton Parker)","holder_address":"41 St clements , Oxford, Ox4 1Ag","property_count":1}},{"type":"Feature","geometry":{"type":"Point","coordinates":[0.573402,51.36574]},"properties":{"holder_names":"Mohammed Shah Alam","holder_address":"22 Rede Close Headington, Oxford, OX3 8PY","property_count":1}},{"type":"Feature","geometry":{"type":"Point","coordinates":[44.069734,36.208943]},"properties":{"holder_names":"Matthew Arthington","holder_address":"120 Arlington Drive Marston, Oxford, OX3 0SL","property_count":1}},{"type":"Feature","geometry":{"type":"Point","coordinates":[-0.477615,52.151507]},"properties":{"holder_names":"Nadeem Khan","holder_address":"17 Elms Road , Oxford, OX2 9JZ","property_count":1}},{"type":"Feature","geometry":{"type":"Point","coordinates":[27.189363,63.579876]},"properties":{"holder_names":"Fauzia Gulzar","holder_address":"140 Leiden Road Headington, Oxford, OX3 8QU","property_count":1}},{"type":"Feature","geometry":{"type":"Point","coordinates":[23.736909,37.949989]},"properties":{"holder_names":"Paul Murphy","holder_address":"45 Marlborough Close Littlemore, Oxford, OX4 4PH","property_count":1}},{"type":"Feature","geometry":{"type":"Point","coordinates":[-1.266242,51.779846]},"properties":{"holder_names":"Diana Woodburn; Peter Woodburn","holder_address":"277 Banbury Road , Oxford, OX2 7JF","property_count":2}},{"type":"Feature","geometry":{"type":"Point","coordinates":[-1.815598,51.562237]},"properties":{"holder_names":"Richard Lamb","holder_address":"23 Vicarage Close , Oxford, OX4 4PL","property_count":1}},{"type":"Feature","geometry":{"type":"Point","coordinates":[-1.441281,52.395695]},"properties":{"holder_names":"Michael Robert Harris","holder_address":"4 Sparrow Way , Oxford, OX4 7GE","property_count":1}},{"type":"Feature","geometry":{"type":"Point","coordinates":[-1.235514,51.744168]},"properties":{"holder_names":"Edward Hilton John Cooling","holder_address":"93 Hurst Street , Oxford, OX4 1HA","property_count":1}},{"type":"Feature","geometry":{"type":"Point","coordinates":[27.189363,63.579876]},"properties":{"holder_names":"Lawrence William","holder_address":"140 Kestrel Crescent, Oxford, Ox4 6eb","property_count":1}},{"type":"Feature","geometry":{"type":"Point","coordinates":[-2.29415,53.782902]},"properties":{"holder_names":"Nicola Keane","holder_address":"65 Church Way Iffley, Oxford, OX4 4EF","property_count":1}},{"type":"Feature","geometry":{"type":"Point","coordinates":[1.331269,51.125312]},"properties":{"holder_names":"Jenny Westcott","holder_address":"195 Cumnor Hill , Oxford, OX2 9PJ","property_count":1}},{"type":"Feature","geometry":{"type":"Point","coordinates":[44.750717,48.797059]},"properties":{"holder_names":"Russell Brimelow","holder_address":"26 Squitchey Lane , Oxford, OX2 7LD","property_count":2}},{"type":"Feature","geometry":{"type":"Point","coordinates":[0.180868,51.870642]},"properties":{"holder_names":"Eileen Pirie","holder_address":"13 Warnborough Road , Oxford, ox2 6hz","property_count":1}},{"type":"Feature","geometry":{"type":"Point","coordinates":[-1.236396,51.741784]},"properties":{"holder_names":"Oxford Samaritans","holder_address":"Oxford Samaritans 60 Magdalen Road, Oxford, OX4 1RB","property_count":1}},{"type":"Feature","geometry":{"type":"Point","coordinates":[-1.22222,51.729515]},"properties":{"holder_names":"Momcilo Kovacevic","holder_address":"55 Westbury Crescent , Oxford, OX4 3SA","property_count":1}},{"type":"Feature","geometry":{"type":"Point","coordinates":[-0.479106,52.151138]},"properties":{"holder_names":"Adrian Kelly","holder_address":"11 St. Cross Road , Oxford, OX1 3TN","property_count":1}},{"type":"Feature","geometry":{"type":"Point","coordinates":[-1.834693,51.573859]},"properties":{"holder_names":"Stephanie Masterson","holder_address":"5 Peacock Road , Oxford, OX3 0DQ","property_count":1}},{"type":"Feature","geometry":{"type":"Point","coordinates":[30.153458,59.795655]},"properties":{"holder_names":"Rosemary Lawrence","holder_address":"42 Burdell Avenue Headington, Oxford, OX3 8ED","property_count":1}},{"type":"Feature","geometry":{"type":"Point","coordinates":[-1.193875,51.762411]},"properties":{"holder_names":"Alessandro Lalvani; Alex Lalvani","holder_address":"Flat 6, 316 London Road Headington, Oxford, OX3 8DJ","property_count":2}},{"type":"Feature","geometry":{"type":"Point","coordinates":[-1.255597,51.739544]},"properties":{"holder_names":"Laura Ridge","holder_address":"55 Lake Street , Oxford, OX1 4RR","property_count":1}},{"type":"Feature","geometry":{"type":"Point","coordinates":[0.856938,52.484023]},"properties":{"holder_names":"David Horner","holder_address":"84 Bridge Street , Oxford, OX2 0BD","property_count":1}},{"type":"Feature","geometry":{"type":"Point","coordinates":[0.500925,51.392265]},"properties":{"holder_names":"Movoney Anthony","holder_address":"70 Kelburne Road , Oxford, OX4 3SH","property_count":1}},{"type":"Feature","geometry":{"type":"Point","coordinates":[-1.211144,51.814424]},"properties":{"holder_names":"Peter Long","holder_address":"Tythefield Noke , Oxford, OX3 9TU","property_count":1}},{"type":"Feature","geometry":{"type":"Point","coordinates":[141.433489,40.547494]},"properties":{"holder_names":"Philip Radcliffe","holder_address":"29 Hill Top Road , Oxford, OX4 1PD","property_count":1}},{"type":"Feature","geometry":{"type":"Point","coordinates":[0.180868,51.870642]},"properties":{"holder_names":"Mark Oxbrow","holder_address":"13 Annesley Road , Oxford, OX4 4JH","property_count":1}},{"type":"Feature","geometry":{"type":"Point","coordinates":[-1.279514,51.794732]},"properties":{"holder_names":"Mark Brus","holder_address":"55 Lakeside , Oxford, OX2 8JQ","property_count":1}},{"type":"Feature","geometry":{"type":"Point","coordinates":[-1.251223,51.720773]},"properties":{"holder_names":"Parminder Chahal","holder_address":"145 Bagley Close Kennington, Oxford, OX1 5LU","property_count":1}},{"type":"Feature","geometry":{"type":"Point","coordinates":[-1.210617,51.766156]},"properties":{"holder_names":"Elaine Elliot-Smith","holder_address":"Springfield Larkins Lane, Headington, Oxford, OX3 9DW","property_count":1}},{"type":"Feature","geometry":{"type":"Point","coordinates":[-1.186209,51.751906]},"properties":{"holder_names":"Dawn Yardley","holder_address":"The Hazels, Old Road Shotover Hill, Headington, Oxford, OX3  8TA","property_count":1}},{"type":"Feature","geometry":{"type":"Point","coordinates":[-0.47846,52.151355]},"properties":{"holder_names":"danny rose","holder_address":"15 Jack Straws Lane Headington, Oxford, OX3 0DL","property_count":1}},{"type":"Feature","geometry":{"type":"Point","coordinates":[-1.258531,51.752828]},"properties":{"holder_names":"Hathaways lettings (Rhys Hathaway)","holder_address":"House 2nd Floor, Clarendon , Oxford, OX1 3HJ","property_count":1}},{"type":"Feature","geometry":{"type":"Point","coordinates":[-1.204139,51.722525]},"properties":{"holder_names":"Adriatic Dedia","holder_address":"44 Balfour Road , Oxford, OX4 6AQ","property_count":1}},{"type":"Feature","geometry":{"type":"Point","coordinates":[-1.301104,51.402198]},"properties":{"holder_names":"Christopher John Mantel","holder_address":"87 Bainton Road , Oxford, OX2 7AG","property_count":2}},{"type":"Feature","geometry":{"type":"Point","coordinates":[44.750717,48.797059]},"properties":{"holder_names":"Melanie Marshall","holder_address":"26 Jordan Hill Road , Oxford, OX2 8EX","property_count":1}},{"type":"Feature","geometry":{"type":"Point","coordinates":[-1.228978,51.736573]},"properties":{"holder_names":"Michael Wykes","holder_address":"190 Campbell Road , Oxford, OX4 3NR","property_count":2}},{"type":"Feature","geometry":{"type":"Point","coordinates":[-0.477615,52.151507]},"properties":{"holder_names":"Mohammad Arslan","holder_address":"17 Cosin Close , Oxford, OX4 1GD","property_count":1}},{"type":"Feature","geometry":{"type":"Point","coordinates":[-0.352938,51.814955]},"properties":{"holder_names":"Powell's (Home Improvements) Limited (Gary Winkfield)","holder_address":"6 Yeats Close , Oxford, OX4 2RG","property_count":1}},{"type":"Feature","geometry":{"type":"Point","coordinates":[1.71606,52.619512]},"properties":{"holder_names":"Duncan Grant","holder_address":"174 Upper Road Kennington, Oxford, OX1 5LP","property_count":1}},{"type":"Feature","geometry":{"type":"Point","coordinates":[0.180868,51.870642]},"properties":{"holder_names":"Gassan Mutwali","holder_address":"13 Marshall Road Cowley, Oxford, OX4 2NP","property_count":1}},{"type":"Feature","geometry":{"type":"Point","coordinates":[33.442262,49.131697]},"properties":{"holder_names":"Jessy Joshy","holder_address":"50 Collinwood Road Headington, Oxford, OX3 8HL","property_count":1}},{"type":"Feature","geometry":{"type":"Point","coordinates":[44.749294,48.794839]},"properties":{"holder_names":"Alison White","holder_address":"37 Ramsay Road Headington, Oxford, OX3 8AY","property_count":1}},{"type":"Feature","geometry":{"type":"Point","coordinates":[-1.205718,51.735865]},"properties":{"holder_names":"Kuldip Kumar","holder_address":"68u Wilkins Road, Oxford, OX4 2JB","property_count":1}},{"type":"Feature","geometry":{"type":"Point","coordinates":[-1.206313,51.738964]},"properties":{"holder_names":"Andrew Hamilton","holder_address":"160 Hollow Way Cowley, Oxford, OX4 2NL","property_count":1}},{"type":"Feature","geometry":{"type":"Point","coordinates":[-1.256906,51.751939]},"properties":{"holder_names":"Abdul Saleem Chaudhry","holder_address":"135 High Street, Oxford, OX1 4DN","property_count":1}},{"type":"Feature","geometry":{"type":"Point","coordinates":[-0.067858,51.472743]},"properties":{"holder_names":"Hafiz Waheed","holder_address":"3 Orchard Court Rose Hill , Oxford, OX4 4HJ","property_count":1}},{"type":"Feature","geometry":{"type":"Point","coordinates":[-1.228163,51.743492]},"properties":{"holder_names":"Mohammed Abbasi","holder_address":"336 Cowley Road , Oxford, OX4 2AG","property_count":1}},{"type":"Feature","geometry":{"type":"Point","coordinates":[-0.426591,51.417397]},"properties":{"holder_names":"Paola Ferrari","holder_address":"8 Vicarage Road , Oxford, OX1 4RB","property_count":1}},{"type":"Feature","geometry":{"type":"Point","coordinates":[-0.47846,52.151355]},"properties":{"holder_names":"Mohammad Ayyub","holder_address":"15 Kennett Road , OXFORD, OX3 7BH","property_count":1}},{"type":"Feature","geometry":{"type":"Point","coordinates":[-1.200875,51.762555]},"properties":{"holder_names":"Qiao Xu","holder_address":"283 LONDON ROAD HEADINGTON, Oxford, Oxfordshire, OX3  9EH","property_count":1}},{"type":"Feature","geometry":{"type":"Point","coordinates":[-3.18266,51.660093]},"properties":{"holder_names":"Donald Fraser","holder_address":"24 Jack Straws Lane Headington, Oxford, OX3 0DW","property_count":1}},{"type":"Feature","geometry":{"type":"Point","coordinates":[-1.200096,51.759971]},"properties":{"holder_names":"Dana Wentworth","holder_address":"Flat 22, Guardian Court 25 New Cross Road, Headington,  Oxford, OX3 8LP","property_count":1}},{"type":"Feature","geometry":{"type":"Point","coordinates":[-1.264911,51.751251]},"properties":{"holder_names":"Nai-Chen Grace Wojewoda","holder_address":"Flat 21, The Lion Brewery St. Thomas Street, Oxford, OX1 1JE","property_count":1}},{"type":"Feature","geometry":{"type":"Point","coordinates":[-0.426591,51.417397]},"properties":{"holder_names":"John Frizzell Clark Jr","holder_address":"8 Shirelake Close , Oxford, OX1 1SN","property_count":1}},{"type":"Feature","geometry":{"type":"Point","coordinates":[-1.224299,51.748989]},"properties":{"holder_names":"John Brennan","holder_address":"Positif 130 Southfield Road, Oxford, OX4 1PA","property_count":1}},{"type":"Feature","geometry":{"type":"Point","coordinates":[0.180868,51.870642]},"properties":{"holder_names":"Yasuko Nakajima","holder_address":"13 Warneford Road , Oxford, OX4 1LT","property_count":1}},{"type":"Feature","geometry":{"type":"Point","coordinates":[-0.477741,52.151645]},"properties":{"holder_names":"Amanda Phillips","holder_address":"18 Dunstan Road Headington, Oxford, OX3 9BY","property_count":1}},{"type":"Feature","geometry":{"type":"Point","coordinates":[-1.226435,51.742689]},"properties":{"holder_names":"Romana Hafeez","holder_address":"335 Cowley Road , Oxford, OX4 2BP","property_count":1}},{"type":"Feature","geometry":{"type":"Point","coordinates":[-1.145139,52.947233]},"properties":{"holder_names":"Oliver Melville","holder_address":"20b Stile Road, Oxford, OX3 8AQ","property_count":1}},{"type":"Feature","geometry":{"type":"Point","coordinates":[-1.258531,51.752828]},"properties":{"holder_names":"Hathaway's lettings (Rhys Hathaway)","holder_address":"House 2nd floor Clarendon street, Oxford, OX1 3HJ","property_count":1}},{"type":"Feature","geometry":{"type":"Point","coordinates":[24.177345,54.350696]},"properties":{"holder_names":"St Andrew's Church PCC (St Andrew's Church Parochial Church  Council)","holder_address":"33 St. Andrews Road Headington, Oxford, OX3 9DL","property_count":1}},{"type":"Feature","geometry":{"type":"Point","coordinates":[-1.339887,52.852046]},"properties":{"holder_names":"Gary Mason","holder_address":"25 Partridge Walk , Oxford, OX4 7BZ","property_count":1}},{"type":"Feature","geometry":{"type":"Point","coordinates":[-0.47846,52.151355]},"properties":{"holder_names":"Ajud Mohammed","holder_address":"15 Shelley Road Cowley, Oxford, OX4 3EB","property_count":1}},{"type":"Feature","geometry":{"type":"Point","coordinates":[-1.357798,51.398029]},"properties":{"holder_names":"John Hanlon","holder_address":"83 New High Street Headington, Oxford, OX3 7AL","property_count":1}},{"type":"Feature","geometry":{"type":"Point","coordinates":[-1.225066,51.728149]},"properties":{"holder_names":"SEQUENCE (UK) LIMITED (STUART STEDMAN)","holder_address":"Allen & Harris 82 Rose Hill, Oxford, OX4 4HX","property_count":1}},{"type":"Feature","geometry":{"type":"Point","coordinates":[-0.478887,52.151212]},"properties":{"holder_names":"Wei Zhu","holder_address":"12 White Hart Old Marston, Oxford, OX3 0PL","property_count":1}},{"type":"Feature","geometry":{"type":"Point","coordinates":[-0.931568,51.461421]},"properties":{"holder_names":"Alberto Brunelli","holder_address":"1 Pullens Field Headington, Oxford, OX3 0BU","property_count":1}},{"type":"Feature","geometry":{"type":"Point","coordinates":[-0.477486,52.151361]},"properties":{"holder_names":"Jose Strawson","holder_address":"16 Polstead Road , Oxford, OX2 6TN","property_count":2}},{"type":"Feature","geometry":{"type":"Point","coordinates":[1.814295,50.932598]},"properties":{"holder_names":"Hilda Deas","holder_address":"62 Islip Road , Oxford, OX2 7SW","property_count":1}},{"type":"Feature","geometry":{"type":"Point","coordinates":[44.005361,36.206077]},"properties":{"holder_names":"Hamish Paul","holder_address":"43 Oakthorpe Road , Oxford, OX2 7BD","property_count":1}},{"type":"Feature","geometry":{"type":"Point","coordinates":[-0.944201,51.457182]},"properties":{"holder_names":"Irma Rivera Chavez; Wilson De Almeida Dos Santos","holder_address":"59 Herschel Crescent , Oxford, OX4 3TT","property_count":2}},{"type":"Feature","geometry":{"type":"Point","coordinates":[-0.352938,51.814955]},"properties":{"holder_names":"Miles Gibson","holder_address":"6 Longworth Road , Oxford, OX2 6RA","property_count":1}},{"type":"Feature","geometry":{"type":"Point","coordinates":[-1.24602,51.720181]},"properties":{"holder_names":"Audit Holdings 1 Limited (Kiran Audit)","holder_address":"128 Kennington Road Kennington, Oxford, OX1 5PE","property_count":1}},{"type":"Feature","geometry":{"type":"Point","coordinates":[24.177345,54.350696]},"properties":{"holder_names":"Andrew Coward","holder_address":"33 Green Ridges Headington, Oxford, OX3 8PL","property_count":1}},{"type":"Feature","geometry":{"type":"Point","coordinates":[-1.210781,51.759589]},"properties":{"holder_names":"Lee & Lindars Oxford LTD (David Lee)","holder_address":"Lee and Lindars 3 Simon house, 2 - 4 Windmill Road  Headington, Oxford, OX3 7BU","property_count":1}},{"type":"Feature","geometry":{"type":"Point","coordinates":[-3.020432,51.64465]},"properties":{"holder_names":"Glenn Hastings","holder_address":"20 Lark Hill , Oxford, OX2 7DR","property_count":1}},{"type":"Feature","geometry":{"type":"Point","coordinates":[-1.219653,51.731705]},"properties":{"holder_names":"Patricia Curtis","holder_address":"Wald Ringfield 3 Beauchamp Lane, Oxford, OX4 3LF","property_count":1}},{"type":"Feature","geometry":{"type":"Point","coordinates":[7.102074,50.699777]},"properties":{"holder_names":"Nicola Meriel Cowan","holder_address":"40 Ash Grove Headington, Oxford, OX3 9JL","property_count":1}},{"type":"Feature","geometry":{"type":"Point","coordinates":[51.80169,55.651549]},"properties":{"holder_names":"William Stephenson","holder_address":"28 Stratford Street , Oxford, OX4 1SW","property_count":1}},{"type":"Feature","geometry":{"type":"Point","coordinates":[-0.426591,51.417397]},"properties":{"holder_names":"Mia Moyes","holder_address":"8 Swan Court Paradise Street, Oxford, OX1 1JB","property_count":1}},{"type":"Feature","geometry":{"type":"Point","coordinates":[-0.352938,51.814955]},"properties":{"holder_names":"Juan Wang","holder_address":"6 cromwell Close , Oxford, ox3 0RW","property_count":1}},{"type":"Feature","geometry":{"type":"Point","coordinates":[-3.204549,51.583384]},"properties":{"holder_names":"Peter Adams","holder_address":"187 Godstow Road Wolvercote, Oxford, OX2 8PG","property_count":1}},{"type":"Feature","geometry":{"type":"Point","coordinates":[-3.020432,51.64465]},"properties":{"holder_names":"Sanjay Gurung","holder_address":"20 Gaisford Road , Oxford, OX4 3LQ","property_count":1}},{"type":"Feature","geometry":{"type":"Point","coordinates":[-0.426626,51.417531]},"properties":{"holder_names":"Aiden white","holder_address":"9 Blackman Close Kennington, Oxford, OX1 5NU","property_count":1}},{"type":"Feature","geometry":{"type":"Point","coordinates":[-0.477486,52.151361]},"properties":{"holder_names":"Irina Ahnland","holder_address":"16 Scott Road , Oxford, OX2 7TD","property_count":1}},{"type":"Feature","geometry":{"type":"Point","coordinates":[1.814295,50.932598]},"properties":{"holder_names":"Mr.John Cooper","holder_address":"62 Stapleton Road Headington, Oxford, OX3 7LU","property_count":1}},{"type":"Feature","geometry":{"type":"Point","coordinates":[6.7643,51.211817]},"properties":{"holder_names":"Mary Marzillier","holder_address":"32 Beech Croft Road , Oxford, OX2 7AZ","property_count":1}},{"type":"Feature","geometry":{"type":"Point","coordinates":[-0.479106,52.151138]},"properties":{"holder_names":"Marco Bevilacqua","holder_address":"11 Elms Road , Oxford, OX2 9JZ","property_count":1}},{"type":"Feature","geometry":{"type":"Point","coordinates":[-0.138488,50.835544]},"properties":{"holder_names":"R & B Properties (Robert Ronaldson); R B Properties (Robert Ronaldson)","holder_address":"38A, Bagley Wood Road Kennington, Oxford, OX1 5LY","property_count":2}},{"type":"Feature","geometry":{"type":"Point","coordinates":[0.573402,51.36574]},"properties":{"holder_names":"Manuel Perez","holder_address":"22 Trinity Street , Oxford, OX1 1TY","property_count":1}},{"type":"Feature","geometry":{"type":"Point","coordinates":[0.126263,51.470961]},"properties":{"holder_names":"Deirdre Considine","holder_address":"53 Coniston Avenue Headington, Oxford, OX3 0AW","property_count":1}},{"type":"Feature","geometry":{"type":"Point","coordinates":[-1.237281,51.742142]},"properties":{"holder_names":"Tim Bearder","holder_address":"Sun House, 2A Stanley Road, Oxford, OX4 1QZ","property_count":1}},{"type":"Feature","geometry":{"type":"Point","coordinates":[-1.232149,51.728622]},"properties":{"holder_names":"Richard Murray","holder_address":"Hill House Abberbury Avenue, Oxford, OX4 4EU","property_count":1}},{"type":"Feature","geometry":{"type":"Point","coordinates":[-1.220767,51.735736]},"properties":{"holder_names":"Lindsey March","holder_address":"Flat 1 54 Littlehay Road, Oxford, OX4 3EQ","property_count":1}},{"type":"Feature","geometry":{"type":"Point","coordinates":[1.170733,49.213836]},"properties":{"holder_names":"Jonathan Ward","holder_address":"27 The Park Cumnor, Oxford, OX2 9QS","property_count":1}},{"type":"Feature","geometry":{"type":"Point","coordinates":[-0.478671,52.151284]},"properties":{"holder_names":"Jamshid Derakhshan","holder_address":"14 Ridgemont Close , Oxford, OX2 7PJ","property_count":1}},{"type":"Feature","geometry":{"type":"Point","coordinates":[-0.426591,51.417397]},"properties":{"holder_names":"Alfred West","holder_address":"8 Grays Road Headington, Oxford, OX3 7QA","property_count":1}},{"type":"Feature","geometry":{"type":"Point","coordinates":[6.7643,51.211817]},"properties":{"holder_names":"Alicia Thomas","holder_address":"32 South Parade , Oxford, OX2 7JN","property_count":1}},{"type":"Feature","geometry":{"type":"Point","coordinates":[-1.256906,51.751939]},"properties":{"holder_names":"Abdul Saleem Chaudhry","holder_address":"135 High Street , Oxford, OX1 4DN","property_count":1}},{"type":"Feature","geometry":{"type":"Point","coordinates":[-1.26439,51.725182]},"properties":{"holder_names":"Keren Dolton","holder_address":"Highfield House Hinksey Hill, Oxford, OX1 5BQ","property_count":1}},{"type":"Feature","geometry":{"type":"Point","coordinates":[-1.834693,51.573859]},"properties":{"holder_names":"Stephanie Masterson","holder_address":"5 Peacock Road Headington, Oxford, OX3 0DQ","property_count":1}},{"type":"Feature","geometry":{"type":"Point","coordinates":[-0.47846,52.151355]},"properties":{"holder_names":"Bharat Patel","holder_address":"15 East Field Close Headington, Oxford, OX3 7SH","property_count":1}},{"type":"Feature","geometry":{"type":"Point","coordinates":[-1.318454,51.386206]},"properties":{"holder_names":"Alexander Bradley","holder_address":"7 Sadler Walk , Oxford, OX1 1TX","property_count":1}},{"type":"Feature","geometry":{"type":"Point","coordinates":[0.180868,51.870642]},"properties":{"holder_names":"Jherick Tay","holder_address":"13 Stainfield Road Headington, Oxford, OX3 9DH","property_count":1}},{"type":"Feature","geometry":{"type":"Point","coordinates":[-0.477615,52.151507]},"properties":{"holder_names":"STAVELEY PROPERTY SERVICES LTD (Bota Godwin)","holder_address":"17 Lincoln Road , Oxford, OX1 4TB","property_count":1}},{"type":"Feature","geometry":{"type":"Point","coordinates":[-1.13582,52.956435]},"properties":{"holder_names":"Man Chi Ma","holder_address":"10 Cope Close , Oxford, OX2 9AJ","property_count":1}},{"type":"Feature","geometry":{"type":"Point","coordinates":[30.786482,46.574185]},"properties":{"holder_names":"Clifford Matthews","holder_address":"51 Wilkins Road , Oxford, OX4 2HZ","property_count":1}},{"type":"Feature","geometry":{"type":"Point","coordinates":[15.970028,45.79777]},"properties":{"holder_names":"Angelina Abayateye","holder_address":"21 Swinburne Road , Oxford, OX4 4BE","property_count":1}},{"type":"Feature","geometry":{"type":"Point","coordinates":[-1.210781,51.759589]},"properties":{"holder_names":"Lee & Lindars Oxford LTD (David Lee)","holder_address":"Lee & Lindars, 3 Simon House Windmill Road, Headington,  Oxford, OX3 7BU","property_count":1}},{"type":"Feature","geometry":{"type":"Point","coordinates":[-1.318454,51.386206]},"properties":{"holder_names":"Suzanne Tetsell","holder_address":"7 Kirk Close , Oxford, OX2 8JL","property_count":1}},{"type":"Feature","geometry":{"type":"Point","coordinates":[-1.210824,51.734889]},"properties":{"holder_names":"Mark Duller","holder_address":"106 Bennett Crescent Cowley, Oxford, OX4 2UW","property_count":1}},{"type":"Feature","geometry":{"type":"Point","coordinates":[-1.260991,51.764526]},"properties":{"holder_names":"Oxford Violins Ltd","holder_address":"Oxford Violins 67 Banbury Road, Oxford, OX2 6PE","property_count":1}},{"type":"Feature","geometry":{"type":"Point","coordinates":[24.177345,54.350696]},"properties":{"holder_names":"Philipp Kukura","holder_address":"33 Norham Road , Oxford, OX2 6SQ","property_count":1}},{"type":"Feature","geometry":{"type":"Point","coordinates":[27.189363,63.579876]},"properties":{"holder_names":"Lawrence William","holder_address":"140 Kestrel Crescent , Oxford, OX4 6EB","property_count":1}},{"type":"Feature","geometry":{"type":"Point","coordinates":[-1.306508,51.74577]},"properties":{"holder_names":"Caroline Fabian","holder_address":"Highlands, Stanville Road , Oxford, OX2 9JF","property_count":1}},{"type":"Feature","geometry":{"type":"Point","coordinates":[-1.206396,51.754298]},"properties":{"holder_names":"Ross John Hitchcock","holder_address":"161 Windmill Road Headington, Oxford, OX3 7DW","property_count":1}},{"type":"Feature","geometry":{"type":"Point","coordinates":[-1.505534,51.898424]},"properties":{"holder_names":"Patrick Kavanagh","holder_address":"358 Banbury Road , Oxford, OX2 7PP","property_count":1}},{"type":"Feature","geometry":{"type":"Point","coordinates":[7.102596,50.699772]},"properties":{"holder_names":"Francis Aprea","holder_address":"41 Hawthorn Avenue , Oxford, OX3 9JQ","property_count":1}},{"type":"Feature","geometry":{"type":"Point","coordinates":[-3.18266,51.660093]},"properties":{"holder_names":"Xiaowen Huang Daley","holder_address":"24 Eastern Avenue , Oxford, OX4 4QS","property_count":1}},{"type":"Feature","geometry":{"type":"Point","coordinates":[-0.478671,52.151284]},"properties":{"holder_names":"Fiona Hutton","holder_address":"14 Cherwell Street , Oxford, OX4 1BG","property_count":1}},{"type":"Feature","geometry":{"type":"Point","coordinates":[-1.209542,51.730855]},"properties":{"holder_names":"Tarsem Lal","holder_address":"55 Phipps Road , Oxford, OX4 3HJ","property_count":1}},{"type":"Feature","geometry":{"type":"Point","coordinates":[7.102596,50.699772]},"properties":{"holder_names":"Gina Eva Macfarlane","holder_address":"41 Church Cowley Road , Oxford, OX4 3JR","property_count":1}},{"type":"Feature","geometry":{"type":"Point","coordinates":[-1.312961,51.73865]},"properties":{"holder_names":"Anthony Mullee","holder_address":"Hollyoak, Hurst Lane Cumnor, Oxford, OX2 9PR","property_count":1}},{"type":"Feature","geometry":{"type":"Point","coordinates":[-1.834693,51.573859]},"properties":{"holder_names":"Helen Wynn","holder_address":"5 Mary Price Close Headington, Oxford, OX3 0LN","property_count":1}},{"type":"Feature","geometry":{"type":"Point","coordinates":[-1.226394,51.73966]},"properties":{"holder_names":"Lucy Ginsburg","holder_address":"108 Cricket Road , Oxford, OX4 3DJ","property_count":1}},{"type":"Feature","geometry":{"type":"Point","coordinates":[-2.29415,53.782902]},"properties":{"holder_names":"LVR Consultancy Ltd (LVR Consultancy ltd LVR Consultancy Ltd)","holder_address":"65 Iffley Road , Oxford, OX4 1EF","property_count":1}},{"type":"Feature","geometry":{"type":"Point","coordinates":[-0.067858,51.472743]},"properties":{"holder_names":"Talha Ahmad","holder_address":"3 Clive Road , Oxford, OX4 3EJ","property_count":1}},{"type":"Feature","geometry":{"type":"Point","coordinates":[-1.548121,51.410989]},"properties":{"holder_names":"Roshina Khan","holder_address":"71 White Road , Oxford, OX4 2JL","property_count":1}},{"type":"Feature","geometry":{"type":"Point","coordinates":[-1.601718,51.375562]},"properties":{"holder_names":"ikram ul haq","holder_address":"64 Westbury Crescent , Oxford, OX4 3SA","property_count":1}},{"type":"Feature","geometry":{"type":"Point","coordinates":[-0.477486,52.151361]},"properties":{"holder_names":"Martin Crane","holder_address":"16 Belvedere Road , Oxford, OX4 2AZ","property_count":1}},{"type":"Feature","geometry":{"type":"Point","coordinates":[121.033583,14.590482]},"properties":{"holder_names":"Lesley Fooks; Lesley Ruth Fooks","holder_address":"141 Kingston Road , Oxford, OX2 6RP","property_count":2}},{"type":"Feature","geometry":{"type":"Point","coordinates":[3.867461,43.823602]},"properties":{"holder_names":"Cerian Roche","holder_address":"34 Oakthorpe Road , Oxford, OX2 7BE","property_count":1}},{"type":"Feature","geometry":{"type":"Point","coordinates":[-1.25149,51.736096]},"properties":{"holder_names":"Craig Curtis","holder_address":"A & C Services (Oxford) Ltd, 282A Abingdon Road, Oxford, OX1  4TE","property_count":1}},{"type":"Feature","geometry":{"type":"Point","coordinates":[30.153458,59.795655]},"properties":{"holder_names":"Elias Hallam-Williams","holder_address":"42 Lark Hill , Oxford, OX2 7DR","property_count":1}},{"type":"Feature","geometry":{"type":"Point","coordinates":[-1.339887,52.852046]},"properties":{"holder_names":"Sue Spencer-Longhurst","holder_address":"25 Abbey Road , Oxford, OX2 0AD","property_count":1}},{"type":"Feature","geometry":{"type":"Point","coordinates":[-0.355567,51.427004]},"properties":{"holder_names":"Ashok Rai","holder_address":"75 Dene Road Headington, Oxford, OX3 7EQ","property_count":1}},{"type":"Feature","geometry":{"type":"Point","coordinates":[-0.931568,51.461421]},"properties":{"holder_names":"Charles Sutton","holder_address":"1 Cummings close , Headington, Ox3 8nd","property_count":1}},{"type":"Feature","geometry":{"type":"Point","coordinates":[-0.931568,51.461421]},"properties":{"holder_names":"stuart Larkin","holder_address":"1 Essex Street , Oxford, OX4 3AW","property_count":1}},{"type":"Feature","geometry":{"type":"Point","coordinates":[-0.47846,52.151355]},"properties":{"holder_names":"James Anywar","holder_address":"15 Gaisford Road , Oxford, OX4 3LH","property_count":1}},{"type":"Feature","geometry":{"type":"Point","coordinates":[31.257651,58.523612]},"properties":{"holder_names":"Reginald Gibson","holder_address":"116 Leiden Road Headington, Oxford, OX3 8QU","property_count":1}},{"type":"Feature","geometry":{"type":"Point","coordinates":[-1.254684,51.765939]},"properties":{"holder_names":"Ana Marija Nacvalovaite","holder_address":"10 Bardwell Road , Oxford, OX2 6SW","property_count":1}},{"type":"Feature","geometry":{"type":"Point","coordinates":[0.472293,51.733465]},"properties":{"holder_names":"Helen Lawton-Smith","holder_address":"39 Stephen Road Headington, Oxford, OX3 9AY","property_count":1}},{"type":"Feature","geometry":{"type":"Point","coordinates":[-3.359376,55.949485]},"properties":{"holder_names":"Thomas John Nambiathsharril","holder_address":"16A, Foxwell Drive Headington, Oxford, OX3 9QA","property_count":1}},{"type":"Feature","geometry":{"type":"Point","coordinates":[-3.18266,51.660093]},"properties":{"holder_names":"Elena Femenia Uncilla","holder_address":"24 Robinson Road, Wootton Boars Hill, Oxford, OX1 5LE","property_count":1}},{"type":"Feature","geometry":{"type":"Point","coordinates":[-1.13582,52.956435]},"properties":{"holder_names":"Pramla Singh","holder_address":"10 Paget Road , Oxford, OX4 2TD","property_count":1}},{"type":"Feature","geometry":{"type":"Point","coordinates":[-1.19266,51.762293]},"properties":{"holder_names":"Padraic Murphy","holder_address":"322 London Road Headington, Oxford, OX3 8DN","property_count":1}},{"type":"Feature","geometry":{"type":"Point","coordinates":[121.117045,14.585663]},"properties":{"holder_names":"John Prangley","holder_address":"60 Divinity Road , Oxford, OX4 1LJ","property_count":1}},{"type":"Feature","geometry":{"type":"Point","coordinates":[-1.251435,51.759368]},"properties":{"holder_names":"Peter Stroud","holder_address":"University of Oxford, Sir William Dunn School Of Pathology  South Parks Road, Oxford, OX1 3RE","property_count":1}},{"type":"Feature","geometry":{"type":"Point","coordinates":[-1.253874,51.736685]},"properties":{"holder_names":"Simon Alexander","holder_address":"47 Sunningwell Road , Oxford, OX1 4SZ","property_count":1}},{"type":"Feature","geometry":{"type":"Point","coordinates":[-3.18266,51.660093]},"properties":{"holder_names":"kevin cruickshank","holder_address":"24 Harbord Road Oxford, North Oxford, OX2 8LJ","property_count":1}},{"type":"Feature","geometry":{"type":"Point","coordinates":[-1.402052,50.941462]},"properties":{"holder_names":"Nicola Margaret Moeran","holder_address":"58 St Bernards Road, Oxford, OX2 6EJ","property_count":1}},{"type":"Feature","geometry":{"type":"Point","coordinates":[-0.112353,51.500873]},"properties":{"holder_names":"john moran","holder_address":"27A, Downside Road Headington, Oxford, OX3 8HP","property_count":1}},{"type":"Feature","geometry":{"type":"Point","coordinates":[-1.224581,51.729731]},"properties":{"holder_names":"Ursula Chilton","holder_address":"44 Westbury Crescent , Oxford, OX4 3SA","property_count":1}},{"type":"Feature","geometry":{"type":"Point","coordinates":[-0.067858,51.472743]},"properties":{"holder_names":"Maria Keenan","holder_address":"3 Fern Hill Road , Oxford, OX4 2JN","property_count":1}},{"type":"Feature","geometry":{"type":"Point","coordinates":[-1.22877,51.748234]},"properties":{"holder_names":"Alison Williams","holder_address":"93 Divinity Road, Oxford, OX4 1LN","property_count":1}},{"type":"Feature","geometry":{"type":"Point","coordinates":[-1.276896,51.785378]},"properties":{"holder_names":"RICHARD MORGAN","holder_address":"Flat 2, Chestnut Court 54 Davenant Road, Oxford, OX2 8BY","property_count":1}},{"type":"Feature","geometry":{"type":"Point","coordinates":[141.433489,40.547494]},"properties":{"holder_names":"Claire Shrewsbury","holder_address":"29 Quarry Road Headington, Oxford, OX3 8NU","property_count":1}},{"type":"Feature","geometry":{"type":"Point","coordinates":[6.7643,51.211817]},"properties":{"holder_names":"Latif Homes Limited (Amar Latif)","holder_address":"32 Gaisford Road , Oxford, OX4 3LQ","property_count":1}},{"type":"Feature","geometry":{"type":"Point","coordinates":[0.180868,51.870642]},"properties":{"holder_names":"Eileen Pirie","holder_address":"13 Warnborough Road, Oxford, OX2 6HZ","property_count":1}},{"type":"Feature","geometry":{"type":"Point","coordinates":[-1.202794,51.747334]},"properties":{"holder_names":"Naseer Ahmed","holder_address":"118 Leiden Road Headington, Oxford, OX3 8QU","property_count":1}},{"type":"Feature","geometry":{"type":"Point","coordinates":[103.905003,52.59341]},"properties":{"holder_names":"Rosemary Belton","holder_address":"49 Ash Grove Headington, Oxford, OX3 9JN","property_count":1}},{"type":"Feature","geometry":{"type":"Point","coordinates":[-1.298601,51.751134]},"properties":{"holder_names":"Portfolio Properties Oxford (Lucy White)","holder_address":"Portfolio Properties Oxford Suite A Hinksey Court, WestWay,  Botley, Botley Oxford, OX2 9JU","property_count":2}},{"type":"Feature","geometry":{"type":"Point","coordinates":[-0.478887,52.151212]},"properties":{"holder_names":"Mohammed Muttaleb","holder_address":"12 Emperor Gardens , Oxford, OX4 7WB","property_count":1}},{"type":"Feature","geometry":{"type":"Point","coordinates":[-1.186655,54.523063]},"properties":{"holder_names":"Claire Wheeler","holder_address":"72 Chilswell Road , Oxford, OX1 4PU","property_count":1}},{"type":"Feature","geometry":{"type":"Point","coordinates":[-1.441281,52.395695]},"properties":{"holder_names":"Landlords (Athena Jack)","holder_address":"4 Salegate Lane , Oxford, OX4 2HQ","property_count":1}},{"type":"Feature","geometry":{"type":"Point","coordinates":[0.573402,51.36574]},"properties":{"holder_names":"James Dashwood","holder_address":"22 Leys Road Cumnor, Oxford, OX2 9QF","property_count":1}},{"type":"Feature","geometry":{"type":"Point","coordinates":[-3.359518,55.949868]},"properties":{"holder_names":"Senli Consultancy Ltd (LEE CHEN)","holder_address":"16B High Street, OXFORD, OX1 4AG","property_count":1}},{"type":"Feature","geometry":{"type":"Point","coordinates":[1.014634,51.937084]},"properties":{"holder_names":"Darshan Lal","holder_address":"58A Lytton Road, Oxford, OX4 3PA","property_count":1}},{"type":"Feature","geometry":{"type":"Point","coordinates":[-1.325322,51.40148]},"properties":{"holder_names":"Mook Sarah","holder_address":"85 Jack Straws Lane Headington, Oxford, OX3 0DW","property_count":1}},{"type":"Feature","geometry":{"type":"Point","coordinates":[-1.834693,51.573859]},"properties":{"holder_names":"Malcolm Aspley","holder_address":"5 Ramsay Road Headington, Oxford, OX3 8AX","property_count":1}},{"type":"Feature","geometry":{"type":"Point","coordinates":[-0.477486,52.151361]},"properties":{"holder_names":"Christian Petersen","holder_address":"16 Hernes Road , Oxford, OX2 7PU","property_count":1}},{"type":"Feature","geometry":{"type":"Point","coordinates":[-1.815598,51.562237]},"properties":{"holder_names":"Hilary Suzanne Haskell","holder_address":"23 Sunderland Avenue , Oxford, OX2 8DT","property_count":1}},{"type":"Feature","geometry":{"type":"Point","coordinates":[-0.931568,51.461421]},"properties":{"holder_names":"Mazhar Dogar; Mr Mazhar Dogar","holder_address":"1 Hillsborough Road, Oxford, OX4 3SL","property_count":2}},{"type":"Feature","geometry":{"type":"Point","coordinates":[-1.236276,51.747453]},"properties":{"holder_names":"LPM Residential Limited (Tariq Qume)","holder_address":"154 Cowley Road , Oxford, OX4 1UE","property_count":1}},{"type":"Feature","geometry":{"type":"Point","coordinates":[-0.931568,51.461421]},"properties":{"holder_names":"Toon Huah How","holder_address":"1 Burrows Close Headington, Oxford, OX3 8AN","property_count":1}},{"type":"Feature","geometry":{"type":"Point","coordinates":[23.819185,49.862409]},"properties":{"holder_names":"Jan Harris","holder_address":"46 Gladstone Road Headington, Oxford, OX3 8LJ","property_count":1}},{"type":"Feature","geometry":{"type":"Point","coordinates":[-1.815598,51.562237]},"properties":{"holder_names":"Bartholomew Ashton","holder_address":"23 Oliver Road , Oxford, OX4 2JQ","property_count":1}},{"type":"Feature","geometry":{"type":"Point","coordinates":[-0.426626,51.417531]},"properties":{"holder_names":"Suk Yee Tsang","holder_address":"9 Bannister Close , Oxford, OX4 1SH","property_count":1}},{"type":"Feature","geometry":{"type":"Point","coordinates":[-0.426626,51.417531]},"properties":{"holder_names":"Jacqui Hunt","holder_address":"9 Richmond Road , Oxford, OX1 2JJ","property_count":1}},{"type":"Feature","geometry":{"type":"Point","coordinates":[27.146994,38.436963]},"properties":{"holder_names":"Arshad Siddique","holder_address":"35 Liddell Road , Oxford, OX4 3QU","property_count":1}},{"type":"Feature","geometry":{"type":"Point","coordinates":[0.573402,51.36574]},"properties":{"holder_names":"MIzel Kinanga","holder_address":"22 Bailey Road , Oxford, OX4 3HY","property_count":1}},{"type":"Feature","geometry":{"type":"Point","coordinates":[33.442262,49.131697]},"properties":{"holder_names":"Santhosh Joseph","holder_address":"50 Mogridge Drive Littlemore, Oxford, OX4 4QN","property_count":1}},{"type":"Feature","geometry":{"type":"Point","coordinates":[-1.260742,51.753037]},"properties":{"holder_names":"Oxford Methodist Circuit","holder_address":"Wesley Memorial Methodist Church New Inn Hall Street,  Oxford, OX1 2DH","property_count":1}},{"type":"Feature","geometry":{"type":"Point","coordinates":[27.146994,38.436963]},"properties":{"holder_names":"Darren Evans","holder_address":"35 Kiln Lane Headington, Oxford, OX3 8HA","property_count":1}},{"type":"Feature","geometry":{"type":"Point","coordinates":[3.881323,43.974931]},"properties":{"holder_names":"Susan Conway","holder_address":"30 Fern Hill Road , Oxford, OX4 2JN","property_count":1}},{"type":"Feature","geometry":{"type":"Point","coordinates":[-3.020432,51.64465]},"properties":{"holder_names":"Sujith Kollamthodi","holder_address":"20 Hampden Road , Oxford, OX4 3LW","property_count":1}},{"type":"Feature","geometry":{"type":"Point","coordinates":[-1.369989,51.3964]},"properties":{"holder_names":"Sarah Holmes","holder_address":"82 The Crescent, Mandelbrote Drive Littlemore, Oxford, OX4  4XQ","property_count":1}},{"type":"Feature","geometry":{"type":"Point","coordinates":[24.177345,54.350696]},"properties":{"holder_names":"Jo Curtis","holder_address":"33 Meadow Prospect Wolvercote, Oxford, OX2 8PP","property_count":1}},{"type":"Feature","geometry":{"type":"Point","coordinates":[-0.426626,51.417531]},"properties":{"holder_names":"Erum Asgher","holder_address":"9 Rupert Road , Oxford, OX4 2QQ","property_count":1}},{"type":"Feature","geometry":{"type":"Point","coordinates":[-0.124301,51.50538]},"properties":{"holder_names":"Hilary Blair","holder_address":"98 Cherwell Drive Marston, Oxford, OX3 0NA","property_count":1}},{"type":"Feature","geometry":{"type":"Point","coordinates":[-0.478887,52.151212]},"properties":{"holder_names":"Emma Hood","holder_address":"12 Lizmans Court Silkdale Close, Oxford, OX4 2HE","property_count":1}},{"type":"Feature","geometry":{"type":"Point","coordinates":[-1.293159,51.718172]},"properties":{"holder_names":"Stuart Charles Packford","holder_address":"Christow, Bedwells Heath Boars Hill, Oxford, OX1 5JE","property_count":2}},{"type":"Feature","geometry":{"type":"Point","coordinates":[24.177345,54.350696]},"properties":{"holder_names":"MUQADAS UL-HASSAN","holder_address":"33 North Way Headington, Oxford, OX3 9ES","property_count":1}},{"type":"Feature","geometry":{"type":"Point","coordinates":[-1.320254,51.735464]},"properties":{"holder_names":"David Rist","holder_address":"Brambling House 5 Vale View, Cumnor, Oxford, OX2 5RH","property_count":1}},{"type":"Feature","geometry":{"type":"Point","coordinates":[44.005361,36.206077]},"properties":{"holder_names":"Oxford and Swindon Area Quaker Meeeting (Jacqui mansfield)","holder_address":"43 St. Giles , Oxford, OX1 3LW","property_count":1}},{"type":"Feature","geometry":{"type":"Point","coordinates":[-1.29485,51.708796]},"properties":{"holder_names":"John White","holder_address":"Willow Brook, Fox Lane Boars Hill, Oxford, OX1 5DS","property_count":1}},{"type":"Feature","geometry":{"type":"Point","coordinates":[-1.834693,51.573859]},"properties":{"holder_names":"Lorna Thomas","holder_address":"5 Maidcroft Road , Oxford, OX4 3EN","property_count":1}},{"type":"Feature","geometry":{"type":"Point","coordinates":[-1.318566,51.71295]},"properties":{"holder_names":"John Maxted","holder_address":"156 Cumnor Road Boars Hill, Oxfordq, OX1 5JR","property_count":1}},{"type":"Feature","geometry":{"type":"Point","coordinates":[0.500925,51.392265]},"properties":{"holder_names":"Nick Burch","holder_address":"70 Rewley Road , Oxford, OX1 2RQ","property_count":1}},{"type":"Feature","geometry":{"type":"Point","coordinates":[15.970028,45.79777]},"properties":{"holder_names":"Mohammed Najib","holder_address":"21 Kenilworth Avenue , Oxford, OX4 2AW","property_count":1}},{"type":"Feature","geometry":{"type":"Point","coordinates":[-0.47846,52.151355]},"properties":{"holder_names":"Safina Chaudhary","holder_address":"15 Cricket Road , Oxford, OX4 3DQ","property_count":3}},{"type":"Feature","geometry":{"type":"Point","coordinates":[-0.134351,51.571001]},"properties":{"holder_names":"Virginia Ross","holder_address":"74 Oxford Road Old Marston, Oxford, OX3 0RD","property_count":2}},{"type":"Feature","geometry":{"type":"Point","coordinates":[-5.237539,56.712067]},"properties":{"holder_names":"Georgina Rebecca Sandham","holder_address":"73 Oxford Road Cowley, Oxford, OX4 2ER","property_count":1}},{"type":"Feature","geometry":{"type":"Point","coordinates":[-0.275999,51.541678]},"properties":{"holder_names":"Craig Smith","holder_address":"30A Three Corners Road, Oxford, OX4 7UE","property_count":1}},{"type":"Feature","geometry":{"type":"Point","coordinates":[3.871821,43.840858]},"properties":{"holder_names":"olivera nikoloska","holder_address":"34 Littlemore Road , Oxford, OX4 3SU","property_count":1}},{"type":"Feature","geometry":{"type":"Point","coordinates":[3.881323,43.974931]},"properties":{"holder_names":"Sophie Hughes-Morgan","holder_address":"30 Hayfield Road , Oxford, OX2 6TT","property_count":1}},{"type":"Feature","geometry":{"type":"Point","coordinates":[26.62446,51.311352]},"properties":{"holder_names":"Vince George","holder_address":"56 East Field Close Headington, Oxford, OX3 7SH","property_count":1}},{"type":"Feature","geometry":{"type":"Point","coordinates":[6.9887,51.43493]},"properties":{"holder_names":"Ahmed Attia","holder_address":"9 Cenmenta Road , Oxford, OX3 6HB","property_count":1}},{"type":"Feature","geometry":{"type":"Point","coordinates":[-1.601718,51.375562]},"properties":{"holder_names":"John Charles Hugh Lee","holder_address":"64 Observatory Street , Oxford, OX2 6EP","property_count":1}},{"type":"Feature","geometry":{"type":"Point","coordinates":[-1.339887,52.852046]},"properties":{"holder_names":"Graham John Bruce","holder_address":"25 Broadhurst Gardens Littlemore, Oxford, OX4 4YQ","property_count":1}},{"type":"Feature","geometry":{"type":"Point","coordinates":[-3.18266,51.660093]},"properties":{"holder_names":"Howard Mulvey","holder_address":"24 Fogwell Road , Oxford, OX2 9SA","property_count":1}},{"type":"Feature","geometry":{"type":"Point","coordinates":[7.102074,50.699777]},"properties":{"holder_names":"David Burden","holder_address":"40 Binswood Avenue Headington, Oxford, OX3 8NZ","property_count":1}},{"type":"Feature","geometry":{"type":"Point","coordinates":[0.573402,51.36574]},"properties":{"holder_names":"Steve Garton","holder_address":"22 Sweetmans Road , Oxford, OX2 9BA","property_count":1}},{"type":"Feature","geometry":{"type":"Point","coordinates":[-0.426591,51.417397]},"properties":{"holder_names":"terry butler","holder_address":"8 Gordon Street , Oxford, OX1 4RJ","property_count":2}},{"type":"Feature","geometry":{"type":"Point","coordinates":[0.472293,51.733465]},"properties":{"holder_names":"paul leach","holder_address":"39 RADCLIFFE RD, OXFORD, ox4 4bx","property_count":1}},{"type":"Feature","geometry":{"type":"Point","coordinates":[-1.293916,51.742489]},"properties":{"holder_names":"Nikolai Schwabe","holder_address":"Harcourt Dene Yarnells Hill, Oxford, OX2 9BG","property_count":1}},{"type":"Feature","geometry":{"type":"Point","coordinates":[-0.426626,51.417531]},"properties":{"holder_names":"Kyran Georgiakakis","holder_address":"9 Sandford Road Littlemore, Oxford, OX4 4PU","property_count":1}},{"type":"Feature","geometry":{"type":"Point","coordinates":[-0.47846,52.151355]},"properties":{"holder_names":"Beatrice Groves","holder_address":"15 Beaumont Street , Oxford, OX1 2NA","property_count":1}},{"type":"Feature","geometry":{"type":"Point","coordinates":[-1.260954,51.774791]},"properties":{"holder_names":"Tsz Pang Lai","holder_address":"Flat 6, Radley House, 11 Marston Ferry Road, Oxford, OX2 7EA","property_count":1}},{"type":"Feature","geometry":{"type":"Point","coordinates":[141.433489,40.547494]},"properties":{"holder_names":"James Hockley","holder_address":"29 Rowland Close Wolvercote, Oxford, OX2 8PW","property_count":1}},{"type":"Feature","geometry":{"type":"Point","coordinates":[104.919677,11.558325]},"properties":{"holder_names":"Tony Trafford","holder_address":"232 Marlborough Road , Oxford, OX1 4LT","property_count":1}},{"type":"Feature","geometry":{"type":"Point","coordinates":[-1.262159,51.770818]},"properties":{"holder_names":"Augustus Jones","holder_address":"110 Banbury Road , Oxford, OX2 6JU","property_count":1}},{"type":"Feature","geometry":{"type":"Point","coordinates":[-0.477741,52.151645]},"properties":{"holder_names":"Andrew Benfield","holder_address":"18 Abberbury Road, Oxford, OX4 4ES","property_count":1}},{"type":"Feature","geometry":{"type":"Point","coordinates":[13.111386,45.665982]},"properties":{"holder_names":"Landlord (John Brooks)","holder_address":"36 Elms Drive Marston, Oxford, OX3 0NJ","property_count":1}},{"type":"Feature","geometry":{"type":"Point","coordinates":[-1.815598,51.562237]},"properties":{"holder_names":"Wing Sze Deirdre Yeung","holder_address":"23 Kimmeridge Road Cumnor, Oxford, OX2 9RF","property_count":1}},{"type":"Feature","geometry":{"type":"Point","coordinates":[-1.392745,51.40087]},"properties":{"holder_names":"Melinda Jordan","holder_address":"81 Bainton Road , Oxford, OX2 7AG","property_count":2}},{"type":"Feature","geometry":{"type":"Point","coordinates":[-0.477338,52.150429]},"properties":{"holder_names":"Sue Brown","holder_address":"2 Leckford Road , Oxford, OX2 6HY","property_count":1}},{"type":"Feature","geometry":{"type":"Point","coordinates":[-0.931568,51.461421]},"properties":{"holder_names":"Emmanuel Thanassoulis","holder_address":"1 Boults Close Marston, Oxford, OX3 0PP","property_count":1}},{"type":"Feature","geometry":{"type":"Point","coordinates":[-1.249686,51.722789]},"properties":{"holder_names":"Sarah Louise Bond","holder_address":"Nomad, Jackson Drive Kennington, Oxford, OX1 5LL","property_count":1}},{"type":"Feature","geometry":{"type":"Point","coordinates":[-0.262244,52.221286]},"properties":{"holder_names":"Dinara Black","holder_address":"45a Davenant Road, 45 Davenant Road , Oxford, OX2 8BU","property_count":1}},{"type":"Feature","geometry":{"type":"Point","coordinates":[-0.478887,52.151212]},"properties":{"holder_names":"Sigy Chandran Panicker","holder_address":"12 Delbush Avenue Headington, Oxford, OX3 8DZ","property_count":1}},{"type":"Feature","geometry":{"type":"Point","coordinates":[-0.352938,51.814955]},"properties":{"holder_names":"Rebecca Fortescue","holder_address":"6 Marlborough Court Duke Street, Oxford, OX2 0QT","property_count":1}},{"type":"Feature","geometry":{"type":"Point","coordinates":[28.22433,61.055625]},"properties":{"holder_names":"(Patrick Anthony Brownson); BROWNSTONE HOMES LIMITED (Anthony Brownson)","holder_address":"31 West Street , Oxford, OX2 0BQ","property_count":2}},{"type":"Feature","geometry":{"type":"Point","coordinates":[-3.368001,55.946073]},"properties":{"holder_names":"Rajesh SAMUEL DEVASAHAYAM","holder_address":"100 Eynsham road, Botley oxford, OX2 9BX","property_count":1}},{"type":"Feature","geometry":{"type":"Point","coordinates":[-0.477486,52.151361]},"properties":{"holder_names":"David Lawton","holder_address":"16 Winchester Road , Oxford, OX2 6NA","property_count":1}},{"type":"Feature","geometry":{"type":"Point","coordinates":[-1.301135,51.714818]},"properties":{"holder_names":"Derek Morris","holder_address":"Oakside House, Orchard Lane Boars Hill, Oxford, OX1 5JH","property_count":1}},{"type":"Feature","geometry":{"type":"Point","coordinates":[-1.267581,51.774827]},"properties":{"holder_names":"Roberta Staples","holder_address":"220 Woodstock Road , Oxford, OX2 7NH","property_count":1}},{"type":"Feature","geometry":{"type":"Point","coordinates":[1.170733,49.213836]},"properties":{"holder_names":"Neil Simons","holder_address":"27 Portland Road , Oxford, OX2 7EZ","property_count":1}},{"type":"Feature","geometry":{"type":"Point","coordinates":[0.573402,51.36574]},"properties":{"holder_names":"Debbie Swailes; Deborah Louise SWAILES; Robin Swailes","holder_address":"22 Summerhill Road , Oxford, OX2 7JY","property_count":3}},{"type":"Feature","geometry":{"type":"Point","coordinates":[-1.256571,51.75487]},"properties":{"holder_names":"Trinity College, University of Oxford (Jonathan Davies)","holder_address":"Trinity College Broad Street, Oxford, OX1 3HB","property_count":1}},{"type":"Feature","geometry":{"type":"Point","coordinates":[-3.18266,51.660093]},"properties":{"holder_names":"Sarah Hayward","holder_address":"24 Templar Road , Oxford, OX2 8LT","property_count":1}},{"type":"Feature","geometry":{"type":"Point","coordinates":[141.433489,40.547494]},"properties":{"holder_names":"Basil Wyatt Holdings Limited (David Wyatt)","holder_address":"29 Harpes Road, Oxford, OX2 7QJ","property_count":1}},{"type":"Feature","geometry":{"type":"Point","coordinates":[-1.204149,51.757455]},"properties":{"holder_names":"Corpus Christi Parish","holder_address":"88 Wharton Road Headington, Oxford, OX3 8AJ","property_count":1}},{"type":"Feature","geometry":{"type":"Point","coordinates":[-1.28888,51.742943]},"properties":{"holder_names":"Rebecca Rowland","holder_address":"Raleigh House Harcourt Hill, Oxford, OX2 9AS","property_count":1}},{"type":"Feature","geometry":{"type":"Point","coordinates":[-1.601718,51.375562]},"properties":{"holder_names":"Jubeen Ashraf","holder_address":"64 White Road , Oxford, OX4 2JL","property_count":1}},{"type":"Feature","geometry":{"type":"Point","coordinates":[-1.17488,51.793485]},"properties":{"holder_names":"Hollyrow Properties Ltd (Nick Crowley)","holder_address":"Northways, Woodperry Road Beckley, Oxford, OX3 9UZ","property_count":1}},{"type":"Feature","geometry":{"type":"Point","coordinates":[-1.236617,51.776248]},"properties":{"holder_names":"Joanna Dennison","holder_address":"Oak Lodge, 49 Church Lane Marston, Oxford, OX3 0PT","property_count":1}},{"type":"Feature","geometry":{"type":"Point","coordinates":[15.970028,45.79777]},"properties":{"holder_names":"Bertram Edwards","holder_address":"21 Beauchamp Place , Oxford, OX4 3NE","property_count":1}},{"type":"Feature","geometry":{"type":"Point","coordinates":[3.881323,43.974931]},"properties":{"holder_names":"Abu Sayed Mullick","holder_address":"30 Bailey Road , Oxford, OX4 3HY","property_count":1}},{"type":"Feature","geometry":{"type":"Point","coordinates":[-1.537529,53.588069]},"properties":{"holder_names":"Adam Swift","holder_address":"38 Florence Park Road , Oxford, OX4 3PJ","property_count":1}},{"type":"Feature","geometry":{"type":"Point","coordinates":[-0.352938,51.814955]},"properties":{"holder_names":"Kathleen Undy","holder_address":"6 Feilden Grove Headington, Oxford, OX3 0DU","property_count":1}},{"type":"Feature","geometry":{"type":"Point","coordinates":[0.500925,51.392265]},"properties":{"holder_names":"Peter Kubat","holder_address":"70 Staunton Road, Headington, Oxford, OX3 7TP","property_count":1}},{"type":"Feature","geometry":{"type":"Point","coordinates":[-1.202949,51.736604]},"properties":{"holder_names":"Rachel Brown","holder_address":"47 White Road , Oxford, OX4 2JJ","property_count":1}},{"type":"Feature","geometry":{"type":"Point","coordinates":[13.111386,45.665982]},"properties":{"holder_names":"Debendra Rana Magar","holder_address":"36 St.Omer Road , Oxford, OX4 3HB","property_count":1}},{"type":"Feature","geometry":{"type":"Point","coordinates":[-1.441281,52.395695]},"properties":{"holder_names":"William Walker","holder_address":"4 Bleache Place , Oxford, OX4 2JD","property_count":1}},{"type":"Feature","geometry":{"type":"Point","coordinates":[-0.477338,52.150429]},"properties":{"holder_names":"Ann Axberg","holder_address":"2 Piper Street Headington, Oxford, OX3 7AR","property_count":1}},{"type":"Feature","geometry":{"type":"Point","coordinates":[7.102074,50.699777]},"properties":{"holder_names":"Meihua Zhang","holder_address":"40 Hugh Allen crescent, Marston OX3 0HN Marston, Oxford,  OX3 0HN","property_count":1}},{"type":"Feature","geometry":{"type":"Point","coordinates":[0.500925,51.392265]},"properties":{"holder_names":"Pete Kubat; Peter Kubat","holder_address":"70 Staunton Road Headington, Oxford, OX3 7TP","property_count":2}},{"type":"Feature","geometry":{"type":"Point","coordinates":[15.970028,45.79777]},"properties":{"holder_names":"Alistair Baxter","holder_address":"21 Plater Drive , Oxford, OX2 6QT","property_count":1}},{"type":"Feature","geometry":{"type":"Point","coordinates":[23.736909,37.949989]},"properties":{"holder_names":"Sally Hope","holder_address":"45 Beech Croft Road , Oxford, OX2 7AY","property_count":1}},{"type":"Feature","geometry":{"type":"Point","coordinates":[-0.478887,52.151212]},"properties":{"holder_names":"Richard Sanderson","holder_address":"12 St Margaret's Road , Oxford, OX2 6RU","property_count":1}},{"type":"Feature","geometry":{"type":"Point","coordinates":[-1.834693,51.573859]},"properties":{"holder_names":"Kulbir Lehri","holder_address":"5 Edith Road, Oxford, OX1 4QB","property_count":1}},{"type":"Feature","geometry":{"type":"Point","coordinates":[-1.318454,51.386206]},"properties":{"holder_names":"Sze Kiu Yeung","holder_address":"7 York Avenue Headington, Oxford, OX3 8NS","property_count":1}},{"type":"Feature","geometry":{"type":"Point","coordinates":[-1.834693,51.573859]},"properties":{"holder_names":"Andrew Briggs","holder_address":"5 Northmoor Road , Oxford, OX2 6UW","property_count":1}},{"type":"Feature","geometry":{"type":"Point","coordinates":[-1.537529,53.588069]},"properties":{"holder_names":"Mohammed Saddiq","holder_address":"38 St Omer Road , OXFORD, OX4 3HB","property_count":1}},{"type":"Feature","geometry":{"type":"Point","coordinates":[7.102074,50.699777]},"properties":{"holder_names":"Rudy Ridwan","holder_address":"40 Wharton Road Headington, Oxford, OX3 8AJ","property_count":1}},{"type":"Feature","geometry":{"type":"Point","coordinates":[-1.236953,51.744884]},"properties":{"holder_names":"Rebecca Klaus","holder_address":"Flat 2 60 Hurst Street, Oxford, OX4 1HD","property_count":1}},{"type":"Feature","geometry":{"type":"Point","coordinates":[-1.441281,52.395695]},"properties":{"holder_names":"Nicola Johnson","holder_address":"4 Gladstone Road Headington, Oxford, OX3 8LJ","property_count":1}},{"type":"Feature","geometry":{"type":"Point","coordinates":[-1.318454,51.386206]},"properties":{"holder_names":"Alanzo Blackstock","holder_address":"7 Rolfe Place Headington, Oxford, OX3 0DS","property_count":1}},{"type":"Feature","geometry":{"type":"Point","coordinates":[-1.441281,52.395695]},"properties":{"holder_names":"Gemma Golds","holder_address":"4 Percy Street , Oxford, OX4 3AA","property_count":1}},{"type":"Feature","geometry":{"type":"Point","coordinates":[-0.478887,52.151212]},"properties":{"holder_names":"Rajeev Kumar","holder_address":"12 Broad Oak Headington, Oxford, OX3 8TS","property_count":1}},{"type":"Feature","geometry":{"type":"Point","coordinates":[-1.209583,51.760226]},"properties":{"holder_names":"daniel O'BRIEN","holder_address":"Flat 7, John Leon House 138-140 London Road, Headington,  Oxford, OX3 9ED","property_count":1}},{"type":"Feature","geometry":{"type":"Point","coordinates":[-1.225197,51.710762]},"properties":{"holder_names":"Port Meadow developments ltd (Warren Allen); Warren Allen","holder_address":"Kyalami, 48 Henley Road Sandford-on-Thames, Oxford, OX4  4YP","property_count":2}},{"type":"Feature","geometry":{"type":"Point","coordinates":[40.910009,57.779663]},"properties":{"holder_names":"Arnaud Deloffre","holder_address":"101 Rose Hill , Oxford, OX4 4HT","property_count":1}},{"type":"Feature","geometry":{"type":"Point","coordinates":[-0.479106,52.151138]},"properties":{"holder_names":"Joshua Singh","holder_address":"11 Jersey Road , Oxford, OX4 4RT","property_count":1}},{"type":"Feature","geometry":{"type":"Point","coordinates":[-1.446896,51.402113]},"properties":{"holder_names":"Roger Grant","holder_address":"78 Eynsham Road, Botley, OX2 9BX","property_count":2}},{"type":"Feature","geometry":{"type":"Point","coordinates":[-1.202373,51.735824]},"properties":{"holder_names":"Saroop Singh Gill","holder_address":"102 Normandy Crescent , Oxford, OX4 2TN","property_count":1}},{"type":"Feature","geometry":{"type":"Point","coordinates":[-0.478887,52.151212]},"properties":{"holder_names":"Andy Steers","holder_address":"12 Westbury Crescent , Oxford, OX4 3RZ","property_count":1}},{"type":"Feature","geometry":{"type":"Point","coordinates":[24.177345,54.350696]},"properties":{"holder_names":"Michael Barnes","holder_address":"33 Richmond Road , Oxford, OX1 2JJ","property_count":1}},{"type":"Feature","geometry":{"type":"Point","coordinates":[0.180868,51.870642]},"properties":{"holder_names":"Piero Bortoli","holder_address":"13 River View Sandford-on-Thames, Oxford, OX4 4YF","property_count":1}},{"type":"Feature","geometry":{"type":"Point","coordinates":[-0.944201,51.457182]},"properties":{"holder_names":"Simon Walshaw","holder_address":"59 Western Road , Oxford, OX1 4LF","property_count":1}},{"type":"Feature","geometry":{"type":"Point","coordinates":[-1.253772,51.752833]},"properties":{"holder_names":"William Lamb","holder_address":"St. Marys Church High Street, Oxford, OX1 4BJ","property_count":1}},{"type":"Feature","geometry":{"type":"Point","coordinates":[-0.477876,52.150618]},"properties":{"holder_names":"Javeed iqbal faruq","holder_address":"8 whitson place , oxford, ox4 3dd","property_count":6}},{"type":"Feature","geometry":{"type":"Point","coordinates":[-1.834693,51.573859]},"properties":{"holder_names":"Judith Evans","holder_address":"5 Oakthorpe Road , Oxford, OX2 7BD","property_count":1}},{"type":"Feature","geometry":{"type":"Point","coordinates":[-1.289009,51.710488]},"properties":{"holder_names":"Chanzai Monnoo","holder_address":"Flat 6, Lincombe Lodge Fox Lane, Boars Hill, Oxford, OX1 5DN","property_count":1}},{"type":"Feature","geometry":{"type":"Point","coordinates":[-1.289009,51.710488]},"properties":{"holder_names":"3 North Way Ltd","holder_address":"Flat 6 Lincombe Lodge, Fox Lane , Oxford, OX1 5DN","property_count":1}},{"type":"Feature","geometry":{"type":"Point","coordinates":[-1.548121,51.410989]},"properties":{"holder_names":"Nicole Rahimi","holder_address":"71 Bagley Wood Road Kennington, Oxford, OX1 5LY","property_count":1}},{"type":"Feature","geometry":{"type":"Point","coordinates":[6.7643,51.211817]},"properties":{"holder_names":"Angus Phang","holder_address":"3 Delamare Way , Oxford, OX2 9HZ","property_count":1}},{"type":"Feature","geometry":{"type":"Point","coordinates":[-0.426626,51.417531]},"properties":{"holder_names":"Mr Andy Evans","holder_address":"9 Colterne Close Headington, Oxford, OX3 0BA","property_count":1}},{"type":"Feature","geometry":{"type":"Point","coordinates":[-0.477486,52.151361]},"properties":{"holder_names":"Gabriel Stargardter","holder_address":"16 Kirk Close , Oxford, OX2 8JN","property_count":1}},{"type":"Feature","geometry":{"type":"Point","coordinates":[-1.255597,51.739544]},"properties":{"holder_names":"Laura Ridge","holder_address":"55 Lake Street, Oxford, OX1 4RR","property_count":1}},{"type":"Feature","geometry":{"type":"Point","coordinates":[-1.20009,51.758433]},"properties":{"holder_names":"QUARRY MEWS LIMITED; QUARRY MEWS LIMITED (Not applicable Not Applicable); QUARRY MEWS LIMITED (Not applicable Not applicable)","holder_address":"Beecher Acoustics Ltd, 1 Quarry High Street Headington,  Oxford, OX3 8JT","property_count":6}},{"type":"Feature","geometry":{"type":"Point","coordinates":[-1.834693,51.573859]},"properties":{"holder_names":"M I Cabrera-Jimenez","holder_address":"5 Rawson Close , Oxford, OX2 8BS","property_count":1}},{"type":"Feature","geometry":{"type":"Point","coordinates":[-1.441281,52.395695]},"properties":{"holder_names":"Melissa Antonia Oxby Bori","holder_address":"4 Stanley Road , Oxford, OX4 1QZ","property_count":1}},{"type":"Feature","geometry":{"type":"Point","coordinates":[-1.232649,51.743363]},"properties":{"holder_names":"Summaya Mobeen","holder_address":"130 Magdalen Road , Oxford, OX4 1RJ","property_count":1}},{"type":"Feature","geometry":{"type":"Point","coordinates":[-1.252949,51.757181]},"properties":{"holder_names":"Mansfield College","holder_address":"Mansfield College Mansfield Road, Oxford, OX1 3TF","property_count":1}},{"type":"Feature","geometry":{"type":"Point","coordinates":[-0.426626,51.417531]},"properties":{"holder_names":"Jennifer Ann Holdaway","holder_address":"9 Sadler Walk , Oxford, OX1 1TX","property_count":1}},{"type":"Feature","geometry":{"type":"Point","coordinates":[0.573402,51.36574]},"properties":{"holder_names":"Victoria Mumford-Smith","holder_address":"22 Woodstock Close , Oxford, OX2 8DB","property_count":1}},{"type":"Feature","geometry":{"type":"Point","coordinates":[0.472293,51.733465]},"properties":{"holder_names":"Penny Jenner","holder_address":"39 Jack Straws Lane Headington, Oxford, OX3 0DL","property_count":1}},{"type":"Feature","geometry":{"type":"Point","coordinates":[-0.931568,51.461421]},"properties":{"holder_names":"Thomas Calnan","holder_address":"1 Halliday Lane , Oxford, OX2 0FG","property_count":1}},{"type":"Feature","geometry":{"type":"Point","coordinates":[24.177345,54.350696]},"properties":{"holder_names":"daniela tramonti","holder_address":"33 Princes Street , Oxford, OX4 1DD","property_count":2}},{"type":"Feature","geometry":{"type":"Point","coordinates":[-1.834693,51.573859]},"properties":{"holder_names":"Raia Browning","holder_address":"5 Foundry House , Oxford, OX2 6AQ","property_count":1}},{"type":"Feature","geometry":{"type":"Point","coordinates":[-1.26685,51.789363]},"properties":{"holder_names":"Kiyarash Haftlangi","holder_address":"Upper Flat 109 Harefields, Oxford, OX2 8NR","property_count":1}},{"type":"Feature","geometry":{"type":"Point","coordinates":[-0.124301,51.50538]},"properties":{"holder_names":"Kelty Caston","holder_address":"98 Sunningwell Road , Oxford, OX1 4SY","property_count":1}},{"type":"Feature","geometry":{"type":"Point","coordinates":[-1.265126,51.751827]},"properties":{"holder_names":"Anca Mihalache","holder_address":"Apartment 7, Bookbinders Court St. Thomas Street, Oxford,  OX1 1HQ","property_count":1}},{"type":"Feature","geometry":{"type":"Point","coordinates":[-1.25841,51.742415]},"properties":{"holder_names":"joanna Kuszmar","holder_address":"202 Marlborough Road , Oxford, OX1 4LT","property_count":1}},{"type":"Feature","geometry":{"type":"Point","coordinates":[-0.47846,52.151355]},"properties":{"holder_names":"Erin Green","holder_address":"15 Paradise Square , Oxford, OX1 1TW","property_count":1}},{"type":"Feature","geometry":{"type":"Point","coordinates":[0.472293,51.733465]},"properties":{"holder_names":"Uzi Gileadi","holder_address":"39 Coverley Road Headington, Oxford, OX3 7EY","property_count":1}},{"type":"Feature","geometry":{"type":"Point","coordinates":[-1.537529,53.588069]},"properties":{"holder_names":"Mohammed Saddiq","holder_address":"38 St Omer Road , Oxford, OX4 1AH","property_count":2}},{"type":"Feature","geometry":{"type":"Point","coordinates":[-0.477338,52.150429]},"properties":{"holder_names":"Maria Teresa Szauer","holder_address":"2 Grimbly Place , Oxford, OX2 7LT","property_count":1}},{"type":"Feature","geometry":{"type":"Point","coordinates":[-0.47846,52.151355]},"properties":{"holder_names":"Mohammed Sadiq Ghulam","holder_address":"15 Stansfeld Place Headington, Oxford, OX3 8QH","property_count":1}},{"type":"Feature","geometry":{"type":"Point","coordinates":[-1.243099,51.706546]},"properties":{"holder_names":"ann dogar","holder_address":"204 The Avenue Kennington, Oxford, OX1 5RN","property_count":2}},{"type":"Feature","geometry":{"type":"Point","coordinates":[-1.222292,51.709295]},"properties":{"holder_names":"Stephen Tooke","holder_address":"97 Henley Road Sandford-on-Thames, Oxford, OX4 4YW","property_count":1}},{"type":"Feature","geometry":{"type":"Point","coordinates":[-1.222292,51.709295]},"properties":{"holder_names":"Stephen Tooke","holder_address":"97 HENLEY ROAD , OXFORD, OX4 4YW","property_count":1}},{"type":"Feature","geometry":{"type":"Point","coordinates":[0.573402,51.36574]},"properties":{"holder_names":"Reshma Ramracheya","holder_address":"22 Ridgeway Road Headington, Oxford, OX3 8DR","property_count":1}},{"type":"Feature","geometry":{"type":"Point","coordinates":[40.910009,57.779663]},"properties":{"holder_names":"Yiping Chen","holder_address":"101 Stone Meadow , Oxford, OX2 6TD","property_count":1}},{"type":"Feature","geometry":{"type":"Point","coordinates":[-1.194625,51.739425]},"properties":{"holder_names":"(H John Humphris)","holder_address":"Humphris Ltd, 33A Pony Road, Cowley, Oxford, OX4 2RD","property_count":1}},{"type":"Feature","geometry":{"type":"Point","coordinates":[-0.931568,51.461421]},"properties":{"holder_names":"ATHANASIOS PAPAPOSTOLOU","holder_address":"1 Lincoln Road , Oxford, OX1 4TB","property_count":1}},{"type":"Feature","geometry":{"type":"Point","coordinates":[-1.390755,51.824266]},"properties":{"holder_names":"Kazim Karabulut","holder_address":"Flat 9, The Parade 68, Main Road Long Hanborough , Witney,  OX2 98BD","property_count":1}},{"type":"Feature","geometry":{"type":"Point","coordinates":[-0.460144,51.472561]},"properties":{"holder_names":"John Lynch","holder_address":"24A, Bagley Wood Road Kennington, Oxford, OX1 5LY","property_count":2}},{"type":"Feature","geometry":{"type":"Point","coordinates":[130.073768,42.540267]},"properties":{"holder_names":"Jacqueline Anne Mansfield","holder_address":"91 Ferry Road , Oxford, OX3 0EX","property_count":1}},{"type":"Feature","geometry":{"type":"Point","coordinates":[-1.441281,52.395695]},"properties":{"holder_names":"Christian Badenhop","holder_address":"4 Thorncliffe Road , Oxford, OX2 7BB","property_count":1}},{"type":"Feature","geometry":{"type":"Point","coordinates":[-1.236924,51.750218]},"properties":{"holder_names":"Charity of Thomas Dawson","holder_address":"St. Clements Family Centre Cross Street, Oxford, OX4 1DA","property_count":1}},{"type":"Feature","geometry":{"type":"Point","coordinates":[23.819185,49.862409]},"properties":{"holder_names":"Nikash Ltd","holder_address":"46 Chestnut Avenue Headington, Oxford, OX3 9JH","property_count":1}},{"type":"Feature","geometry":{"type":"Point","coordinates":[28.22433,61.055625]},"properties":{"holder_names":"Aldrick Sutton","holder_address":"31 Langley Close Headington, Oxford, OX3 7DB","property_count":1}},{"type":"Feature","geometry":{"type":"Point","coordinates":[-1.278501,51.794449]},"properties":{"holder_names":"Teresa Leong","holder_address":"Flat 1 61 Linkside Avenue, Oxford, OX2 8JE","property_count":2}},{"type":"Feature","geometry":{"type":"Point","coordinates":[-1.318454,51.386206]},"properties":{"holder_names":"Saeed Taghavi","holder_address":"7 OXFORD ROAD FARMOOR, Oxford, OX2 9NN","property_count":1}},{"type":"Feature","geometry":{"type":"Point","coordinates":[-0.911485,53.383984]},"properties":{"holder_names":"Kuldip Kumar","holder_address":"68 Wilkins Road, Oxford, OX4 2JB","property_count":2}},{"type":"Feature","geometry":{"type":"Point","coordinates":[-1.339887,52.852046]},"properties":{"holder_names":"Hilary Lovette","holder_address":"25 Jersey Road , Oxford, OX4 4RT","property_count":1}},{"type":"Feature","geometry":{"type":"Point","coordinates":[-1.793851,53.631809]},"properties":{"holder_names":"Mary Xu","holder_address":"199 Botley Road, Oxford, OX2 0HG","property_count":1}},{"type":"Feature","geometry":{"type":"Point","coordinates":[-1.318454,51.386206]},"properties":{"holder_names":"Magdalena Krzysztofik","holder_address":"7 Marjoram Close , Oxford, OX4 6QQ","property_count":1}},{"type":"Feature","geometry":{"type":"Point","coordinates":[-1.234218,51.737114]},"properties":{"holder_names":"John Quirke","holder_address":"344 Iffley Road , Oxford, OX4 4AU","property_count":1}},{"type":"Feature","geometry":{"type":"Point","coordinates":[-1.294777,51.783146]},"properties":{"holder_names":"John Broughton","holder_address":"55 Webbs Close Wolvercote, Oxford, OX2 8PX","property_count":1}},{"type":"Feature","geometry":{"type":"Point","coordinates":[-1.392745,51.40087]},"properties":{"holder_names":"Nadine Marshall","holder_address":"81 Woodstock Road , Oxford, OX2 6HL","property_count":1}},{"type":"Feature","geometry":{"type":"Point","coordinates":[-1.339887,52.852046]},"properties":{"holder_names":"Cantay Estates Limited","holder_address":"25, St. Thomas Mews St. Thomas Street, Oxford, OX1 1JA","property_count":1}},{"type":"Feature","geometry":{"type":"Point","coordinates":[-3.18266,51.660093]},"properties":{"holder_names":"Vincent Romanelli","holder_address":"24 Binswood Avenue Headington, Oxford, OX3 8NZ","property_count":1}},{"type":"Feature","geometry":{"type":"Point","coordinates":[-0.352938,51.814955]},"properties":{"holder_names":"David Crowfoot","holder_address":"6 Stansfield Close Headington, Oxford, OX3 8TH","property_count":1}},{"type":"Feature","geometry":{"type":"Point","coordinates":[-0.426591,51.417397]},"properties":{"holder_names":"calvin litchfield","holder_address":"8 Harberton Mead, Oxford, OX3 0DB","property_count":1}},{"type":"Feature","geometry":{"type":"Point","coordinates":[-1.210845,51.763636]},"properties":{"holder_names":"Convent of the Sacred Heart of Jesus (Jennifer Bear)","holder_address":"The Priory, 85 Old High Street Headington, Oxford, OX3 9HT","property_count":1}},{"type":"Feature","geometry":{"type":"Point","coordinates":[-1.13582,52.956435]},"properties":{"holder_names":"Katharine Susan Clayden","holder_address":"10 Henley Street , Oxford, OX4 1ER","property_count":1}},{"type":"Feature","geometry":{"type":"Point","coordinates":[103.905003,52.59341]},"properties":{"holder_names":"Sarah Styles","holder_address":"49 Croft Road Marston, Oxford, OX3 0JZ","property_count":1}},{"type":"Feature","geometry":{"type":"Point","coordinates":[-0.47846,52.151355]},"properties":{"holder_names":"John Frank Salmon","holder_address":"15 Davenant Road , Oxford, OX2 8BT","property_count":1}},{"type":"Feature","geometry":{"type":"Point","coordinates":[-1.254754,51.765913]},"properties":{"holder_names":"Tim Nicholson","holder_address":"8 Benson Place , Oxford, OX2 6QH","property_count":1}},{"type":"Feature","geometry":{"type":"Point","coordinates":[-0.477338,52.150429]},"properties":{"holder_names":"Shivan Sivakumar","holder_address":"2 Florence Court Norton close, Oxford, OX3 7BQ","property_count":1}},{"type":"Feature","geometry":{"type":"Point","coordinates":[3.871821,43.840858]},"properties":{"holder_names":"Sebastiano Giorgio","holder_address":"34 Glanville Road , Oxford, OX4 2DD","property_count":1}},{"type":"Feature","geometry":{"type":"Point","coordinates":[3.871821,43.840858]},"properties":{"holder_names":"Sebastiano Giorgio","holder_address":"34 GLANVILLE ROAD, COWLEY, OX4 2DD","property_count":1}},{"type":"Feature","geometry":{"type":"Point","coordinates":[-0.477486,52.151361]},"properties":{"holder_names":"Varsity Design LTD (Howard Marshall)","holder_address":"16 James Wolfe Road , Oxford, OX4 2PY","property_count":1}},{"type":"Feature","geometry":{"type":"Point","coordinates":[-1.548121,51.410989]},"properties":{"holder_names":"Shirley Simmons","holder_address":"71 Eynsham Road Botley, Oxford, OX2 9BU","property_count":1}},{"type":"Feature","geometry":{"type":"Point","coordinates":[-1.254651,51.765955]},"properties":{"holder_names":"Paola Belloni Dixon","holder_address":"11 Murray Court , Oxford, OX2 6LQ","property_count":1}},{"type":"Feature","geometry":{"type":"Point","coordinates":[-1.537529,53.588069]},"properties":{"holder_names":"Kay Wang","holder_address":"38 Cavendish Road , Oxford, OX2 7TW","property_count":1}},{"type":"Feature","geometry":{"type":"Point","coordinates":[-1.13582,52.956435]},"properties":{"holder_names":"Michelle Chew","holder_address":"10 Florence Park Road , Oxford, OX4 3PQ","property_count":1}},{"type":"Feature","geometry":{"type":"Point","coordinates":[26.62446,51.311352]},"properties":{"holder_names":"Roland Fuggle","holder_address":"56 Yarnells Hill , Oxford, OX2 9BE","property_count":1}},{"type":"Feature","geometry":{"type":"Point","coordinates":[-0.47846,52.151355]},"properties":{"holder_names":"Alan Bloodworth","holder_address":"15 Mortimer Drive Marston, Oxford, OX3 0RT","property_count":1}},{"type":"Feature","geometry":{"type":"Point","coordinates":[44.749294,48.794839]},"properties":{"holder_names":"S Hersom","holder_address":"37 Hurst Rise Road, Oxford, OX2 9HE","property_count":1}},{"type":"Feature","geometry":{"type":"Point","coordinates":[-3.368001,55.946073]},"properties":{"holder_names":"Kirsty Burns","holder_address":"100 Bullingdon Road , Oxford, OX4 1QN","property_count":1}},{"type":"Feature","geometry":{"type":"Point","coordinates":[-1.369989,51.3964]},"properties":{"holder_names":"Reena Marr","holder_address":"82 Fern Hill Road , Oxford, OX4 2JP","property_count":1}},{"type":"Feature","geometry":{"type":"Point","coordinates":[-1.21153,51.760286]},"properties":{"holder_names":"Chin-Chiang Ma","holder_address":"101 London Road, Headington , Oxford, OX3 9AE","property_count":1}},{"type":"Feature","geometry":{"type":"Point","coordinates":[-1.401812,51.400843]},"properties":{"holder_names":"John Oliver Nealon; Susanne Greenwood","holder_address":"80 Old Road Headington, Oxford, OX3 7LP","property_count":2}},{"type":"Feature","geometry":{"type":"Point","coordinates":[103.905003,52.59341]},"properties":{"holder_names":"Liesl Osman","holder_address":"49 Southdale Road , Oxford, OX2 7SE","property_count":1}},{"type":"Feature","geometry":{"type":"Point","coordinates":[-1.261113,51.767856]},"properties":{"holder_names":"Paola Belloni","holder_address":"Flat 11 Murray Court 80 Banbury Road, Oxford, ox2 6lq","property_count":1}},{"type":"Feature","geometry":{"type":"Point","coordinates":[3.871821,43.840858]},"properties":{"holder_names":"Yelena Aust","holder_address":"34 Harbord Road , Oxford, OX2 8LJ","property_count":2}},{"type":"Feature","geometry":{"type":"Point","coordinates":[-0.067858,51.472743]},"properties":{"holder_names":"Lizelle Sander-Danby","holder_address":"3 Staunton Road Headington, Oxford, OX3 7TJ","property_count":1}},{"type":"Feature","geometry":{"type":"Point","coordinates":[15.970028,45.79777]},"properties":{"holder_names":"Linda Greenwood","holder_address":"21 Yarnells Hill , Oxford, OX2 9BD","property_count":1}},{"type":"Feature","geometry":{"type":"Point","coordinates":[-0.931568,51.461421]},"properties":{"holder_names":"Patrick Heritage","holder_address":"1 Headington, Oxford, OX3 7EF","property_count":1}},{"type":"Feature","geometry":{"type":"Point","coordinates":[0.573402,51.36574]},"properties":{"holder_names":"Hugo Alejandro Mireles-Chavez","holder_address":"22 Essex Street , Oxford, OX4 3AW","property_count":1}},{"type":"Feature","geometry":{"type":"Point","coordinates":[-1.834693,51.573859]},"properties":{"holder_names":"Gregory Lampert","holder_address":"5 Beauchamp Lane , Oxford, OX4 3LF","property_count":2}},{"type":"Feature","geometry":{"type":"Point","coordinates":[-0.47846,52.151355]},"properties":{"holder_names":"Martina Britta Kaupp-Roberts","holder_address":"15 Scholar Mews Marston Ferry Road, Oxford, OX2 7GY","property_count":1}},{"type":"Feature","geometry":{"type":"Point","coordinates":[-1.318454,51.386206]},"properties":{"holder_names":"Paul Cherry","holder_address":"7 Rosamund Road Wolvercote, Oxford, OX2 8NU","property_count":1}},{"type":"Feature","geometry":{"type":"Point","coordinates":[-1.255627,51.726437]},"properties":{"holder_names":"Dr Paul Milford Ernest Temporal","holder_address":"Egrove Cottage, Kennington Road Kennington, Oxford, OX1  5NX","property_count":1}},{"type":"Feature","geometry":{"type":"Point","coordinates":[-1.235175,51.739083]},"properties":{"holder_names":"Enfields Lettings Residential (Imran Hussain)","holder_address":"291a Iffley Road , Oxford, ox4 4aq","property_count":1}},{"type":"Feature","geometry":{"type":"Point","coordinates":[-1.834693,51.573859]},"properties":{"holder_names":"Ian Osborne","holder_address":"5 Burgan Close , Oxford, OX4 3QR","property_count":1}},{"type":"Feature","geometry":{"type":"Point","coordinates":[-1.601718,51.375562]},"properties":{"holder_names":"Andy Jillings","holder_address":"64 Kiln Lane Headington, Oxford, OX3 8EY","property_count":1}},{"type":"Feature","geometry":{"type":"Point","coordinates":[-1.254723,51.765929]},"properties":{"holder_names":"Andres Reyes","holder_address":"9 Thackley End , Oxford, OX2 6LB","property_count":1}},{"type":"Feature","geometry":{"type":"Point","coordinates":[-0.640755,51.731905]},"properties":{"holder_names":"SAFAK MUDERRISGIL MUDERRISGIL","holder_address":"48 Blenheim Drive , Oxford, OX2 8DQ","property_count":1}},{"type":"Feature","geometry":{"type":"Point","coordinates":[-0.931568,51.461421]},"properties":{"holder_names":"Kenneth Bickers","holder_address":"1 Rothafield Road , Oxford, OX2 8JJ","property_count":1}},{"type":"Feature","geometry":{"type":"Point","coordinates":[-0.47846,52.151355]},"properties":{"holder_names":"Judith Gardner","holder_address":"15 Vicarage Close , Oxford, OX4 4PL","property_count":1}},{"type":"Feature","geometry":{"type":"Point","coordinates":[-3.18266,51.660093]},"properties":{"holder_names":"Kalpna Amin","holder_address":"24 Kennedy Close , Oxford, OX4 2UH","property_count":1}},{"type":"Feature","geometry":{"type":"Point","coordinates":[-1.237595,51.773118]},"properties":{"holder_names":"gina carver","holder_address":"willow barn oxford road, oxford, ox3 0pq","property_count":4}},{"type":"Feature","geometry":{"type":"Point","coordinates":[-1.301104,51.402198]},"properties":{"holder_names":"Christopher Mantel","holder_address":"87 Bainton Road , Oxford, ox2 7ag","property_count":1}},{"type":"Feature","geometry":{"type":"Point","coordinates":[44.005361,36.206077]},"properties":{"holder_names":"David Edwards","holder_address":"43 Cumnor Hill , Oxford, OX2 9EY","property_count":1}},{"type":"Feature","geometry":{"type":"Point","coordinates":[-1.306963,51.745647]},"properties":{"holder_names":"Christopher Ballard","holder_address":"Tyeswood Stanville Road, Oxford, OX2 9JF","property_count":1}},{"type":"Feature","geometry":{"type":"Point","coordinates":[-1.238418,51.748397]},"properties":{"holder_names":"RMA Properties Ltd (Ashley Charles Bolton)","holder_address":"R M A Properties Ltd, 101A Cowley Road, Oxford, OX4 1HU","property_count":1}},{"type":"Feature","geometry":{"type":"Point","coordinates":[-1.13582,52.956435]},"properties":{"holder_names":"Zainab Sarwar","holder_address":"10 Divinity Road , Oxford, OX4 1LJ","property_count":1}},{"type":"Feature","geometry":{"type":"Point","coordinates":[15.970028,45.79777]},"properties":{"holder_names":"Karen Walker","holder_address":"21 Polstead Road , Oxford, OX2 6TW","property_count":1}},{"type":"Feature","geometry":{"type":"Point","coordinates":[-1.270647,51.750181]},"properties":{"holder_names":"WH Munsey Ltd (Tony Munsey)","holder_address":"The Old Workshop, Osney Mill Mill Street, Oxford, OX2 0AN","property_count":1}},{"type":"Feature","geometry":{"type":"Point","coordinates":[-0.47783,52.151799]},"properties":{"holder_names":"Maria Anubi","holder_address":"19 Quarry Road Headington, Oxford, OX3 8NT","property_count":1}},{"type":"Feature","geometry":{"type":"Point","coordinates":[-0.477338,52.150429]},"properties":{"holder_names":"Oxfordshire Mind","holder_address":"2 Kings Meadow Osney Mead, oxford, OX2 0DP","property_count":1}},{"type":"Feature","geometry":{"type":"Point","coordinates":[-1.201752,51.744322]},"properties":{"holder_names":"Lawson Christopher Brunt","holder_address":"329 Hollow Way Headington, Oxford, OX3 7JE","property_count":1}},{"type":"Feature","geometry":{"type":"Point","coordinates":[-0.479106,52.151138]},"properties":{"holder_names":"Jeannine Bramwell","holder_address":"11 The Paddox The Paddox, Oxford, OX2 7PN","property_count":1}},{"type":"Feature","geometry":{"type":"Point","coordinates":[-1.815598,51.562237]},"properties":{"holder_names":"Gurdial Sanghera","holder_address":"23 Five Mile Drive , Oxford, OX2 8HT","property_count":1}},{"type":"Feature","geometry":{"type":"Point","coordinates":[-1.210024,51.392803]},"properties":{"holder_names":"Paul Butler","holder_address":"92 Church Way Iffley, Oxford, OX4 4EF","property_count":1}},{"type":"Feature","geometry":{"type":"Point","coordinates":[3.871821,43.840858]},"properties":{"holder_names":"Nurfilza Ahmat","holder_address":"34 Rose Hill , Oxford, OX4 4HS","property_count":1}},{"type":"Feature","geometry":{"type":"Point","coordinates":[44.005361,36.206077]},"properties":{"holder_names":"Westgate Oxford Ltd (Jenny Chen)","holder_address":"43 Arthray Road , Oxford, OX2 9AD","property_count":1}},{"type":"Feature","geometry":{"type":"Point","coordinates":[-1.834693,51.573859]},"properties":{"holder_names":"Selvakumaran Mayavan","holder_address":"5 Gouldland Gardens Headington, Oxford, OX3 9DQ","property_count":1}},{"type":"Feature","geometry":{"type":"Point","coordinates":[-0.478887,52.151212]},"properties":{"holder_names":"Tina Leonard","holder_address":"12 Southdale Road , Oxford, OX2 7SD","property_count":1}},{"type":"Feature","geometry":{"type":"Point","coordinates":[15.970028,45.79777]},"properties":{"holder_names":"Candida March","holder_address":"21 Cornwallis Road , Oxford, OX4 3NP","property_count":1}},{"type":"Feature","geometry":{"type":"Point","coordinates":[-1.13582,52.956435]},"properties":{"holder_names":"Patricia Hudson","holder_address":"10 Bedford Street , Oxford, OX4 1SU","property_count":1}},{"type":"Feature","geometry":{"type":"Point","coordinates":[-1.441281,52.395695]},"properties":{"holder_names":"Walaa Al-Noori","holder_address":"4 Cunliffe Close , Oxford, OX2 7BL","property_count":1}},{"type":"Feature","geometry":{"type":"Point","coordinates":[-1.834693,51.573859]},"properties":{"holder_names":"YOUK PROPERTY SOLUTIONS LTD (MARJAN salimian)","holder_address":"5 Boyce Crescent Headington, Oxford, OX3 9GT","property_count":1}},{"type":"Feature","geometry":{"type":"Point","coordinates":[-0.931568,51.461421]},"properties":{"holder_names":"Jonathan Morris; Ulrike Tillmann","holder_address":"1 Ferry Pool Road , Oxford, OX2 7DT","property_count":2}},{"type":"Feature","geometry":{"type":"Point","coordinates":[-0.478671,52.151284]},"properties":{"holder_names":"Robert Xhani","holder_address":"14 Blay Close , Oxford, OX4 6BQ","property_count":1}},{"type":"Feature","geometry":{"type":"Point","coordinates":[-1.2976,51.781348]},"properties":{"holder_names":"Rebecca Shuttleworth","holder_address":"222 Godstow Road Wolvercote, Oxford, OX2 8PH","property_count":1}},{"type":"Feature","geometry":{"type":"Point","coordinates":[-1.13582,52.956435]},"properties":{"holder_names":"Joe Cleary","holder_address":"10 Bursill Close Headington, Oxford, OX3 8EW","property_count":1}},{"type":"Feature","geometry":{"type":"Point","coordinates":[-1.236645,51.776471]},"properties":{"holder_names":"Erin Townsend","holder_address":"Cedar Cottage, 45 Church Lane, Oxford, OX3 0PT","property_count":1}},{"type":"Feature","geometry":{"type":"Point","coordinates":[0.472293,51.733465]},"properties":{"holder_names":"Sian Lewis","holder_address":"39, North Hinksey Village North Hinksey Village, Oxford, OX2  0NA","property_count":1}},{"type":"Feature","geometry":{"type":"Point","coordinates":[-1.288352,51.711639]},"properties":{"holder_names":"Mrs Jennifer Green","holder_address":"Lincombe House Lincombe Lane, Boars Hill, OX1 5DU","property_count":1}},{"type":"Feature","geometry":{"type":"Point","coordinates":[-0.47846,52.151355]},"properties":{"holder_names":"Paul Armstrong","holder_address":"15 Hadow Road, Oxford, OX3 0JW","property_count":1}},{"type":"Feature","geometry":{"type":"Point","coordinates":[-1.834693,51.573859]},"properties":{"holder_names":"Srinivas Gada","holder_address":"5 Abberbury Avenue , Oxford, OX4 4EU","property_count":1}},{"type":"Feature","geometry":{"type":"Point","coordinates":[0.180868,51.870642]},"properties":{"holder_names":"Bridget Maier","holder_address":"13 Polstead Road , Oxford, OX2 6TW","property_count":1}},{"type":"Feature","geometry":{"type":"Point","coordinates":[-1.22612,51.766249]},"properties":{"holder_names":"John Millen Estates Ltd (Sara Hartman)","holder_address":"Flat 2, Eden Flats 30 Bowness Avenue, Headington, Oxford,  OX3 0AJ","property_count":1}},{"type":"Feature","geometry":{"type":"Point","coordinates":[-0.640755,51.731905]},"properties":{"holder_names":"Paul John Sheffield","holder_address":"48 Leckford Road , Oxford, OX2 6HY","property_count":1}},{"type":"Feature","geometry":{"type":"Point","coordinates":[0.180868,51.870642]},"properties":{"holder_names":"Eileen Pirie","holder_address":"13 Warnborough Road , Oxford, OX2 6HZ","property_count":1}},{"type":"Feature","geometry":{"type":"Point","coordinates":[-1.204978,51.753077]},"properties":{"holder_names":"Cathleen Blackburn","holder_address":"96 Old Road, Headington, OX3 8SX","property_count":1}},{"type":"Feature","geometry":{"type":"Point","coordinates":[-0.479106,52.151138]},"properties":{"holder_names":"Monica Cipriano","holder_address":"Flat 1, 11-13 Fairfax Road, Oxford, OX4 2QG","property_count":1}},{"type":"Feature","geometry":{"type":"Point","coordinates":[-0.426626,51.417531]},"properties":{"holder_names":"KA CHUN CHAN","holder_address":"9 Browns Close , Oxford, OX2 9DB","property_count":1}},{"type":"Feature","geometry":{"type":"Point","coordinates":[-0.426626,51.417531]},"properties":{"holder_names":"Tatjana Sauka-Spengler","holder_address":"9 The Paddox , Oxford, OX2 7PN","property_count":1}},{"type":"Feature","geometry":{"type":"Point","coordinates":[-0.477338,52.150429]},"properties":{"holder_names":"Ying Cui","holder_address":"2 The Willows Headington, Oxford, OX3 9FE","property_count":1}},{"type":"Feature","geometry":{"type":"Point","coordinates":[-1.446896,51.402113]},"properties":{"holder_names":"doke ostle","holder_address":"78 Southmoor Road , Oxford, OX2 6RB","property_count":1}},{"type":"Feature","geometry":{"type":"Point","coordinates":[-1.289359,51.740939]},"properties":{"holder_names":"Barry Caisbrook","holder_address":"The Fold Harcourt Hill, Oxford, OX2 9AS","property_count":1}},{"type":"Feature","geometry":{"type":"Point","coordinates":[-1.277918,51.785831]},"properties":{"holder_names":"Joseph Willoughby","holder_address":"370 Woodstock Road , Oxford, OX2 8AE","property_count":1}},{"type":"Feature","geometry":{"type":"Point","coordinates":[24.177345,54.350696]},"properties":{"holder_names":"Keith Taylor","holder_address":"33 Terrett Avenue Headington, Oxford, OX3 8FE","property_count":1}},{"type":"Feature","geometry":{"type":"Point","coordinates":[-1.228673,51.729106]},"properties":{"holder_names":"Susanne Bleisch","holder_address":"88 Courtland Road , Oxford, OX4 4JB","property_count":1}},{"type":"Feature","geometry":{"type":"Point","coordinates":[-1.582392,53.672753]},"properties":{"holder_names":"16 Cromwell Close Ltd (Bernie Halsey)","holder_address":"16C, Cromwell Close Marston, Oxford, OX3 0RW","property_count":1}},{"type":"Feature","geometry":{"type":"Point","coordinates":[6.7643,51.211817]},"properties":{"holder_names":"Roba Khundkar","holder_address":"3 Murdoch Place , Oxford, OX2 9SR","property_count":1}},{"type":"Feature","geometry":{"type":"Point","coordinates":[0.124314,52.225231]},"properties":{"holder_names":"Faisal Aziz","holder_address":"109A, Jack Straws Lane Headington, Oxford, OX3 0DW","property_count":2}},{"type":"Feature","geometry":{"type":"Point","coordinates":[-0.477741,52.151645]},"properties":{"holder_names":"Janet Willis","holder_address":"18 Duke Street , Oxford, OX2 0HX","property_count":1}},{"type":"Feature","geometry":{"type":"Point","coordinates":[-0.477338,52.150429]},"properties":{"holder_names":"Qi Huang","holder_address":"2 Wyndham Way , Oxford, OX2 8DF","property_count":1}},{"type":"Feature","geometry":{"type":"Point","coordinates":[6.7643,51.211817]},"properties":{"holder_names":"Mohammed Saeed","holder_address":"32 Liddell Road , Oxford, OX4 3QU","property_count":1}},{"type":"Feature","geometry":{"type":"Point","coordinates":[-1.204516,51.765611]},"properties":{"holder_names":"Joanna Couldrick","holder_address":"Far View 1A, Barton Lane Headington, Oxford, OX3 9JS","property_count":1}},{"type":"Feature","geometry":{"type":"Point","coordinates":[-5.237539,56.712067]},"properties":{"holder_names":"Mara Violato","holder_address":"73 Lime Walk Headington, Oxford, OX3 7AD","property_count":1}},{"type":"Feature","geometry":{"type":"Point","coordinates":[-1.260146,51.76546]},"properties":{"holder_names":"Olga Peros","holder_address":"Cotswold Lodge Hotel, 66A Banbury Road, Oxford, OX2 6JP","property_count":3}},{"type":"Feature","geometry":{"type":"Point","coordinates":[27.146994,38.436963]},"properties":{"holder_names":"Ulrike Roesler","holder_address":"35 Templar Road , Oxford, OX2 8LS","property_count":1}},{"type":"Feature","geometry":{"type":"Point","coordinates":[-1.318566,51.71295]},"properties":{"holder_names":"John Maxted","holder_address":"156 Cumnor Road Boars Hill, Oxford, OX1 5JR","property_count":1}},{"type":"Feature","geometry":{"type":"Point","coordinates":[-1.233755,51.763509]},"properties":{"holder_names":"Robert Dixon","holder_address":"44 Lynn Close Marston, Oxford, OX3 0JH","property_count":1}},{"type":"Feature","geometry":{"type":"Point","coordinates":[-1.392745,51.40087]},"properties":{"holder_names":"Ejaz Khan","holder_address":"81 Horspath Road , Oxford, OX4 2QP","property_count":2}},{"type":"Feature","geometry":{"type":"Point","coordinates":[125.616506,7.072482]},"properties":{"holder_names":"Kathryn Moore","holder_address":"28 Cornwallis Road , Oxford, OX4 3NP","property_count":1}},{"type":"Feature","geometry":{"type":"Point","coordinates":[-1.227042,51.733468]},"properties":{"holder_names":"Lucie Mayer","holder_address":"96 Campbell Road , Oxford, OX4 3NU","property_count":1}},{"type":"Feature","geometry":{"type":"Point","coordinates":[0.472293,51.733465]},"properties":{"holder_names":"John Chegwyn","holder_address":"39 Woodstock Road , Oxford, OX2 8DB","property_count":1}},{"type":"Feature","geometry":{"type":"Point","coordinates":[68.339014,43.283425]},"properties":{"holder_names":"Nigel Vaz","holder_address":"61 Mark Road Headington, Oxford, OX3 8PB","property_count":1}},{"type":"Feature","geometry":{"type":"Point","coordinates":[23.819185,49.862409]},"properties":{"holder_names":"THE PAROCHIAL CHURCH COUNCIL OF THE PARISH OF  HEADINGTON QUARRY","holder_address":"46 Quarry Road Headington, Oxford, OX3 8NU","property_count":1}},{"type":"Feature","geometry":{"type":"Point","coordinates":[-0.067858,51.472743]},"properties":{"holder_names":"Linda Milburn","holder_address":"3 Chestnut Court, Goodey Close Littlemore, Oxford, OX4 3TG","property_count":1}},{"type":"Feature","geometry":{"type":"Point","coordinates":[-0.478887,52.151212]},"properties":{"holder_names":"Melanie Armstrong","holder_address":"12 Harold Hicks Place , Oxford, OX4 3DS","property_count":1}},{"type":"Feature","geometry":{"type":"Point","coordinates":[-1.232162,51.743609]},"properties":{"holder_names":"Sterling Lettings and Management ltd (Abdul Shakoor)","holder_address":"138 Magdalen rd Oxford, Oxford, OX4 1RJ","property_count":1}},{"type":"Feature","geometry":{"type":"Point","coordinates":[-1.259735,51.759101]},"properties":{"holder_names":"Kidlington Property Management Ltd (john Salter)","holder_address":"Wenn Townsend 30 St. Giles, Oxford, OX1 3LE","property_count":1}},{"type":"Feature","geometry":{"type":"Point","coordinates":[44.005361,36.206077]},"properties":{"holder_names":"MArk Adkins","holder_address":"43 Kennington Road Kennington, Oxford, OX1 5PB","property_count":1}},{"type":"Feature","geometry":{"type":"Point","coordinates":[-1.208938,51.721651]},"properties":{"holder_names":"Vilma Collaku","holder_address":"114 Kestrel Crescent , Oxford, OX4 6EA","property_count":1}},{"type":"Feature","geometry":{"type":"Point","coordinates":[-1.560836,52.385565]},"properties":{"holder_names":"Christopher Waite","holder_address":"2 Goff Street , Oxford, OX2 8FW","property_count":1}},{"type":"Feature","geometry":{"type":"Point","coordinates":[-1.834693,51.573859]},"properties":{"holder_names":"Gregory Sutch","holder_address":"5 Thackeray Close , Oxford, OX2 9GZ","property_count":1}},{"type":"Feature","geometry":{"type":"Point","coordinates":[1.170733,49.213836]},"properties":{"holder_names":"khurshid ahmed","holder_address":"27 The Littleway , Leicester, OX4 3EG","property_count":1}},{"type":"Feature","geometry":{"type":"Point","coordinates":[-1.280977,51.788965]},"properties":{"holder_names":"Rosemary Harris","holder_address":"396 Woodstock Road Wolvercote, Oxford, OX2 8JW","property_count":1}},{"type":"Feature","geometry":{"type":"Point","coordinates":[0.472293,51.733465]},"properties":{"holder_names":"Wilfred Leung","holder_address":"39 Sunderland Avenue , Oxford, OX2 8DT","property_count":1}},{"type":"Feature","geometry":{"type":"Point","coordinates":[-1.318454,51.386206]},"properties":{"holder_names":"Sarah Brunsdon","holder_address":"7 Boults Lane Marston, Oxford, OX3 0PW","property_count":1}},{"type":"Feature","geometry":{"type":"Point","coordinates":[-1.256803,51.752769]},"properties":{"holder_names":"Michael Norman Feller","holder_address":"M Feller & Son, 46-48 The Market, Oxford, OX1 3DX","property_count":1}},{"type":"Feature","geometry":{"type":"Point","coordinates":[-0.478887,52.151212]},"properties":{"holder_names":"Ying Jin","holder_address":"12 Upland Park Rd , Oxford, OX2 7RU","property_count":1}},{"type":"Feature","geometry":{"type":"Point","coordinates":[-0.477338,52.150429]},"properties":{"holder_names":"Peter Haxworth","holder_address":"2 Tattersalls Islip Road, Oxford, OX2 7LY","property_count":1}},{"type":"Feature","geometry":{"type":"Point","coordinates":[-1.264549,51.777484]},"properties":{"holder_names":"Carter Jonas LLP","holder_address":"Carter Jonas, Mayfield House 256 Banbury Road, Oxford, OX2  7DE","property_count":1}},{"type":"Feature","geometry":{"type":"Point","coordinates":[-1.409797,50.915735]},"properties":{"holder_names":"vyvyan salmon","holder_address":"68 Church Way Iffley, Oxford, OX4 4EF","property_count":1}},{"type":"Feature","geometry":{"type":"Point","coordinates":[1.170733,49.213836]},"properties":{"holder_names":"Emily Rudgard","holder_address":"27 Charlbury Road , Oxford, OX2 6UU","property_count":1}},{"type":"Feature","geometry":{"type":"Point","coordinates":[-3.18266,51.660093]},"properties":{"holder_names":"Abdul Shorkar","holder_address":"24 Reliance Way , Oxford, OX4 2FU","property_count":1}},{"type":"Feature","geometry":{"type":"Point","coordinates":[51.80169,55.651549]},"properties":{"holder_names":"Drita Lika","holder_address":"28 Kestrel Crescent , Oxford, OX4 6DY","property_count":1}},{"type":"Feature","geometry":{"type":"Point","coordinates":[-1.339887,52.852046]},"properties":{"holder_names":"Renata Cardeal Martins","holder_address":"25 Rivermead Road , Oxford, OX4 4UD","property_count":1}},{"type":"Feature","geometry":{"type":"Point","coordinates":[-1.270063,51.789995]},"properties":{"holder_names":"Plamen Petroff","holder_address":"Lovelace House, Lovelace End 2A Lovelace Road, Oxford, OX2  8LP","property_count":1}},{"type":"Feature","geometry":{"type":"Point","coordinates":[0.180868,51.870642]},"properties":{"holder_names":"Spiers Specialist Carpentry Ltd","holder_address":"13 Wyndham Way , Oxford, OX2 8DF","property_count":1}},{"type":"Feature","geometry":{"type":"Point","coordinates":[-3.18266,51.660093]},"properties":{"holder_names":"Margaret Rosemary Willis","holder_address":"24 Lawn Upton Close , Oxford, OX4 4QF","property_count":1}},{"type":"Feature","geometry":{"type":"Point","coordinates":[-1.203931,51.739444]},"properties":{"holder_names":"Catharine Allen","holder_address":"Flat 1 11 Rupert Road, Oxford, OX4 2QQ","property_count":1}},{"type":"Feature","geometry":{"type":"Point","coordinates":[-1.237135,51.749988]},"properties":{"holder_names":"Charity of Thomas Dawson","holder_address":"Cross Street Cross Street,, Oxford, OX4 1DA","property_count":1}},{"type":"Feature","geometry":{"type":"Point","coordinates":[-1.548121,51.410989]},"properties":{"holder_names":"P.Peros Property Management Ltd","holder_address":"71 North Hinksey Lane , Oxford, OX4 0LU","property_count":1}},{"type":"Feature","geometry":{"type":"Point","coordinates":[-0.148013,51.350688]},"properties":{"holder_names":"Liz Hodgkinson","holder_address":"88D Banbury Road, Oxford, OX2 6JT","property_count":1}},{"type":"Feature","geometry":{"type":"Point","coordinates":[-0.477486,52.151361]},"properties":{"holder_names":"Rosalind Crook","holder_address":"16 Reliance Way , Oxford, OX4 2FU","property_count":1}},{"type":"Feature","geometry":{"type":"Point","coordinates":[103.905003,52.59341]},"properties":{"holder_names":"Erica Kendall","holder_address":"49 Marlborough Road , Oxford, OX1 4LW","property_count":1}},{"type":"Feature","geometry":{"type":"Point","coordinates":[-0.47846,52.151355]},"properties":{"holder_names":"Elisabeth Clarke","holder_address":"15 Poplar Road , Oxford, OX2 9LA","property_count":1}},{"type":"Feature","geometry":{"type":"Point","coordinates":[-1.186655,54.523063]},"properties":{"holder_names":"Sian Allen","holder_address":"72 Stapleton Road Headington, Oxford, OX3 7LU","property_count":1}},{"type":"Feature","geometry":{"type":"Point","coordinates":[-1.236749,51.728513]},"properties":{"holder_names":"The Tate Family Trust","holder_address":"Brownberry 107 Church Way, Iffley, Oxford, OX4 4EG","property_count":1}},{"type":"Feature","geometry":{"type":"Point","coordinates":[-0.931568,51.461421]},"properties":{"holder_names":"Yanjun Zhang","holder_address":"1 Wood Avens Way Headington, Oxford, OX3 9GA","property_count":1}},{"type":"Feature","geometry":{"type":"Point","coordinates":[0.580373,50.856816]},"properties":{"holder_names":"James William Frederick McNicoll","holder_address":"13A Linkside Avenue, Oxford, OX2 8HY","property_count":1}},{"type":"Feature","geometry":{"type":"Point","coordinates":[44.750717,48.797059]},"properties":{"holder_names":"Ya-Min Tian","holder_address":"26 Kirk Close , Oxford, OX2 8JN","property_count":1}},{"type":"Feature","geometry":{"type":"Point","coordinates":[13.111386,45.665982]},"properties":{"holder_names":"Not applicable (Olivia Thompson)","holder_address":"36 Chester Street , Oxford, OX4 1SN","property_count":1}},{"type":"Feature","geometry":{"type":"Point","coordinates":[-1.178898,51.794376]},"properties":{"holder_names":"John Leader","holder_address":"Hemvia, Woodperry Road Beckley, Oxford, OX3 9UY","property_count":1}},{"type":"Feature","geometry":{"type":"Point","coordinates":[-0.477615,52.151507]},"properties":{"holder_names":"Mohammed Khan","holder_address":"17 Belvedere Road , Oxford, OX4 2AZ","property_count":3}},{"type":"Feature","geometry":{"type":"Point","coordinates":[-1.230699,51.74424]},"properties":{"holder_names":"Haroon Akhtar","holder_address":"154 Magdalen Road, Oxfordshire, Ox4 1rl","property_count":1}},{"type":"Feature","geometry":{"type":"Point","coordinates":[-3.020432,51.64465]},"properties":{"holder_names":"Kate Rudman","holder_address":"20 Rock Farm Lane, Oxford, OX4 4YL","property_count":1}},{"type":"Feature","geometry":{"type":"Point","coordinates":[1.814295,50.932598]},"properties":{"holder_names":"Jahangir Akhtar","holder_address":"62 Dene Road Headington, Oxford, OX3 6EE","property_count":4}},{"type":"Feature","geometry":{"type":"Point","coordinates":[-1.537529,53.588069]},"properties":{"holder_names":"Joseph Helsby","holder_address":"38 Bullingdon Road , Oxford, OX4 1QJ","property_count":1}},{"type":"Feature","geometry":{"type":"Point","coordinates":[-1.537529,53.588069]},"properties":{"holder_names":"Mohammed Saddiq","holder_address":"38 St Omer Road , Oxford, OX3 8EQ","property_count":1}},{"type":"Feature","geometry":{"type":"Point","coordinates":[-1.224815,51.719774]},"properties":{"holder_names":"Gillian Gelder","holder_address":"The Old Coach House Lanham Way, Oxford, OX4 4QG","property_count":1}},{"type":"Feature","geometry":{"type":"Point","coordinates":[-1.446896,51.402113]},"properties":{"holder_names":"Christine Hill","holder_address":"78 Sunningwell Road , Oxford, OX1 4SX","property_count":1}},{"type":"Feature","geometry":{"type":"Point","coordinates":[-1.224465,51.763086]},"properties":{"holder_names":"Jutley Properties Ltd","holder_address":"97 Staunton Road Headington, Oxford, OX3 7TR","property_count":1}},{"type":"Feature","geometry":{"type":"Point","coordinates":[-1.310603,51.743117]},"properties":{"holder_names":"Mark Lawrence","holder_address":"Flat 6 Eaton Court 86 Cumnor Hill, Oxford, ox2 9HU","property_count":1}},{"type":"Feature","geometry":{"type":"Point","coordinates":[-1.330744,51.727077]},"properties":{"holder_names":"Nadeem Khan","holder_address":"Rock Dene, Faringdon Road Cumnor, Oxford, OX2 9QZ","property_count":1}},{"type":"Feature","geometry":{"type":"Point","coordinates":[-1.186928,51.755979]},"properties":{"holder_names":"Jozef Metelka","holder_address":"Bon Accord, Kiln Lane Headington, Oxford, OX3 8HQ","property_count":1}},{"type":"Feature","geometry":{"type":"Point","coordinates":[-3.020432,51.64465]},"properties":{"holder_names":"GEE & WYATT PROPERTIES LIMITED (Billy Ahmed)","holder_address":"20 Barrett Street , Oxford, OX2 0AT","property_count":1}},{"type":"Feature","geometry":{"type":"Point","coordinates":[-0.931568,51.461421]},"properties":{"holder_names":"Safinah Mariyam Bibi Hussain","holder_address":"Flat 1, 1 Quarry Road Headington, Oxford, OX3 8NT","property_count":1}},{"type":"Feature","geometry":{"type":"Point","coordinates":[-1.834693,51.573859]},"properties":{"holder_names":"Graham Hoult","holder_address":"5 Elms Drive Marston, Oxford, OX3 0NN","property_count":1}},{"type":"Feature","geometry":{"type":"Point","coordinates":[-3.177781,51.440925]},"properties":{"holder_names":"Derek Andrews","holder_address":"34A, William Street Marston, Oxford, OX3 0ER","property_count":1}},{"type":"Feature","geometry":{"type":"Point","coordinates":[-0.477615,52.151507]},"properties":{"holder_names":"David Colbeck","holder_address":"17 London Place , Oxford, OX4 1BD","property_count":1}},{"type":"Feature","geometry":{"type":"Point","coordinates":[-1.834693,51.573859]},"properties":{"holder_names":"Michael Barrett","holder_address":"5 Lenthall Road , Oxford, OX4 4UX","property_count":1}},{"type":"Feature","geometry":{"type":"Point","coordinates":[-1.230699,51.74424]},"properties":{"holder_names":"Kamran Ahmed; Mr Imran Ahmed","holder_address":"154 Magdalen Road, Oxford, OX4 1RL","property_count":2}},{"type":"Feature","geometry":{"type":"Point","coordinates":[-1.186928,51.755979]},"properties":{"holder_names":"Edward Goble","holder_address":"Greatstones, Kiln Lane Headington, Oxford, OX3 8HQ","property_count":1}},{"type":"Feature","geometry":{"type":"Point","coordinates":[-3.10227,51.017659]},"properties":{"holder_names":"Raymond Blackler","holder_address":"5A, Calcot Close Headington, Oxford, OX3 8PX","property_count":2}},{"type":"Feature","geometry":{"type":"Point","coordinates":[-1.201502,51.762489]},"properties":{"holder_names":"Janakbala Patel","holder_address":"273 London Road , Oxford, OX3 9EH","property_count":1}},{"type":"Feature","geometry":{"type":"Point","coordinates":[-1.537529,53.588069]},"properties":{"holder_names":"Mohamed Himaz","holder_address":"38 Crotch Crescent Marston, Oxford, OX3 0JJ","property_count":1}},{"type":"Feature","geometry":{"type":"Point","coordinates":[-1.226623,51.75451]},"properties":{"holder_names":"Neptune-One Property Investment Ltd (Lijuan Wang)","holder_address":"The Firs, Headington Hill Headington, Oxford, OX3 0BT","property_count":1}},{"type":"Feature","geometry":{"type":"Point","coordinates":[-0.352938,51.814955]},"properties":{"holder_names":"Peter Ellis","holder_address":"6 Osler Road Headington, Oxford, OX3 9BJ","property_count":2}},{"type":"Feature","geometry":{"type":"Point","coordinates":[1.331269,51.125312]},"properties":{"holder_names":"H C Landers","holder_address":"196 Iffley Road , Oxford, OX4 1SD","property_count":1}},{"type":"Feature","geometry":{"type":"Point","coordinates":[6.7643,51.211817]},"properties":{"holder_names":"Noorjahan Khan","holder_address":"32 Garsington Road Cowley, oxford, ox4 2lg","property_count":1}},{"type":"Feature","geometry":{"type":"Point","coordinates":[-3.18266,51.660093]},"properties":{"holder_names":"Terence Phipps","holder_address":"24 Masons Road Headington, Oxford, OX3 8QJ","property_count":1}},{"type":"Feature","geometry":{"type":"Point","coordinates":[-1.898855,52.477145]},"properties":{"holder_names":"Sri Subramaniam","holder_address":"12A Middle Way, Oxford, OX2 7LH","property_count":1}},{"type":"Feature","geometry":{"type":"Point","coordinates":[-0.47783,52.151799]},"properties":{"holder_names":"Berenice Anderson","holder_address":"19 Thorncliffe Road , Oxford, OX2 7BA","property_count":1}},{"type":"Feature","geometry":{"type":"Point","coordinates":[-1.219433,51.73425]},"properties":{"holder_names":"Mohammed Ali Rashid","holder_address":"44 Clive Road , Oxford, OX4 3EL","property_count":1}},{"type":"Feature","geometry":{"type":"Point","coordinates":[-1.283921,51.745767]},"properties":{"holder_names":"Antoinette Pirie","holder_address":"The Ford North Hinksey Lane, Oxford, OX2 0LZ","property_count":1}},{"type":"Feature","geometry":{"type":"Point","coordinates":[-0.022796,51.541375]},"properties":{"holder_names":"Terry Butler","holder_address":"10A Gordon Street, Oxford, OX1 4RJ","property_count":1}},{"type":"Feature","geometry":{"type":"Point","coordinates":[-0.352938,51.814955]},"properties":{"holder_names":"Mina Tian Buse","holder_address":"6 Demesne Furze Headington, Oxford, OX3 7XD","property_count":1}},{"type":"Feature","geometry":{"type":"Point","coordinates":[-3.020432,51.64465]},"properties":{"holder_names":"gee and wyatt properties ltd. (Billy Ahmed)","holder_address":"20 Barrett Street, Oxford, OX2 0AT","property_count":1}},{"type":"Feature","geometry":{"type":"Point","coordinates":[-0.477338,52.150429]},"properties":{"holder_names":"Paul Tong","holder_address":"2 David Nicholls Close Littlemore, Oxford, OX4 4QX","property_count":1}},{"type":"Feature","geometry":{"type":"Point","coordinates":[103.905003,52.59341]},"properties":{"holder_names":"Erica Kendall","holder_address":"49 Marlborough Road , Oxford, ox1 4lw","property_count":1}},{"type":"Feature","geometry":{"type":"Point","coordinates":[-0.477338,52.150429]},"properties":{"holder_names":"Andrew Wood","holder_address":"2 Wood Avens Way Headington, Oxford, OX3 9GA","property_count":1}},{"type":"Feature","geometry":{"type":"Point","coordinates":[-1.217453,51.762058]},"properties":{"holder_names":"WMJ property limited (Wenfeng Zhang)","holder_address":"2A, Latimer Road Headington, Oxford, OX3 7PF","property_count":1}},{"type":"Feature","geometry":{"type":"Point","coordinates":[-1.13582,52.956435]},"properties":{"holder_names":"Mr Mohammad Jamil Faruq; mohammad jamil faruq","holder_address":"10 Ridgefield Road , Oxford, OX4 3BT","property_count":2}},{"type":"Feature","geometry":{"type":"Point","coordinates":[-1.227884,51.757347]},"properties":{"holder_names":"David Hugh Gye","holder_address":"Pullens Gate, Pullens Lane Headington, Oxford, OX3 0BX","property_count":1}},{"type":"Feature","geometry":{"type":"Point","coordinates":[-1.601718,51.375562]},"properties":{"holder_names":"Uma Bhattacharyya","holder_address":"64 Cranham Street , Oxford, OX2 6DD","property_count":1}},{"type":"Feature","geometry":{"type":"Point","coordinates":[15.970028,45.79777]},"properties":{"holder_names":"Philip Doubtfire","holder_address":"21 Western Road , Oxford, OX1 4LF","property_count":1}},{"type":"Feature","geometry":{"type":"Point","coordinates":[-1.196835,51.717231]},"properties":{"holder_names":"Nozir Ahmed","holder_address":"Unit 2 Dunnock Way, Oxford, OX4 7EX","property_count":1}},{"type":"Feature","geometry":{"type":"Point","coordinates":[-0.477876,52.150618]},"properties":{"holder_names":"Javeed iqbal faruq; Mr Javeed Iqbal Faruq","holder_address":"8 Whitson Place , Oxford, OX4 3DD","property_count":2}},{"type":"Feature","geometry":{"type":"Point","coordinates":[-0.479106,52.151138]},"properties":{"holder_names":"Richard Pain","holder_address":"11 Hosker Close Headington, Oxford, OX3 8EN","property_count":1}},{"type":"Feature","geometry":{"type":"Point","coordinates":[-0.478887,52.151212]},"properties":{"holder_names":"Mohammad Amir Faruq; Mr Mohammad Amir Faruq","holder_address":"12 Whitson Place , Oxford, OX4 3DD","property_count":2}},{"type":"Feature","geometry":{"type":"Point","coordinates":[0.573402,51.36574]},"properties":{"holder_names":"James Gardner","holder_address":"22 Walton Street , Oxford, OX1 2HQ","property_count":1}},{"type":"Feature","geometry":{"type":"Point","coordinates":[40.910009,57.779663]},"properties":{"holder_names":"Fergus Robert Cameron Watt","holder_address":"101 Bainton Road , Oxford, OX2 7AG","property_count":1}},{"type":"Feature","geometry":{"type":"Point","coordinates":[3.871821,43.840858]},"properties":{"holder_names":"Stephanie North","holder_address":"34 Woodstock Close , Oxford, OX2 8DB","property_count":1}},{"type":"Feature","geometry":{"type":"Point","coordinates":[-1.834693,51.573859]},"properties":{"holder_names":"Harold Roffey","holder_address":"5 Mileway Gardens Headington, Oxford, OX3 7XH","property_count":1}},{"type":"Feature","geometry":{"type":"Point","coordinates":[-1.269998,51.761523]},"properties":{"holder_names":"David Taggart","holder_address":"44 Furnace House Walton Well Road, Oxford, OX2 6GF","property_count":1}},{"type":"Feature","geometry":{"type":"Point","coordinates":[-0.067858,51.472743]},"properties":{"holder_names":"Matthew Harris","holder_address":"3 Combe Road , Oxford, OX2 6BL","property_count":2}},{"type":"Feature","geometry":{"type":"Point","coordinates":[-1.264136,51.776244]},"properties":{"holder_names":"Finders Keepers (Gabriella M'rabet)","holder_address":"226 Banbury Road , oxford, ox2 7by","property_count":1}},{"type":"Feature","geometry":{"type":"Point","coordinates":[-1.39436,52.692346]},"properties":{"holder_names":"Nesha Patel","holder_address":"6 Hawkswell Gardens , Oxford, OX2 7EX","property_count":1}},{"type":"Feature","geometry":{"type":"Point","coordinates":[-1.089924,50.801477]},"properties":{"holder_names":"JCP Estate Agents (Evie Brown)","holder_address":"113A Walton Street, Oxford, OX2 6AJ","property_count":1}},{"type":"Feature","geometry":{"type":"Point","coordinates":[-0.679788,51.481023]},"properties":{"holder_names":"Varinder Sahota","holder_address":"52 Wilkins Road , Oxford, OX4 2HZ","property_count":1}},{"type":"Feature","geometry":{"type":"Point","coordinates":[-1.318454,51.386206]},"properties":{"holder_names":"Sarah Brunsdon","holder_address":"7 Boults Lane Old Marston, Oxford, OX3 0PW","property_count":1}},{"type":"Feature","geometry":{"type":"Point","coordinates":[-0.479106,52.151138]},"properties":{"holder_names":"MARY FIELD","holder_address":"11 Crescent Road , Oxford, OX4 2NZ","property_count":1}},{"type":"Feature","geometry":{"type":"Point","coordinates":[-1.232994,51.743316]},"properties":{"holder_names":"sterling lettings and management ltd (Abdul Shakoor)","holder_address":"138B Magdalen Road, Oxford, OX4 1RJ","property_count":1}},{"type":"Feature","geometry":{"type":"Point","coordinates":[-1.402052,50.941462]},"properties":{"holder_names":"Caroline Mason","holder_address":"58 Church Way Iffley, Oxford, OX4 4EF","property_count":2}},{"type":"Feature","geometry":{"type":"Point","coordinates":[-0.477486,52.151361]},"properties":{"holder_names":"Christopher Bayne","holder_address":"16 Victor Street , Oxford, OX2 6BT","property_count":1}},{"type":"Feature","geometry":{"type":"Point","coordinates":[-1.241862,51.750138]},"properties":{"holder_names":"Diamond Estates and homes (Lewis McMahon)","holder_address":"93 St. Clements Street, Oxford, OX4 1AR","property_count":1}},{"type":"Feature","geometry":{"type":"Point","coordinates":[103.905003,52.59341]},"properties":{"holder_names":"Marilyn Ching","holder_address":"49 Islip Road , Oxford, OX2 7SP","property_count":1}},{"type":"Feature","geometry":{"type":"Point","coordinates":[7.102596,50.699772]},"properties":{"holder_names":"Hutton Parker (Hutton Parker)","holder_address":"41 St clements , Oxford, OX4 1Ag","property_count":1}},{"type":"Feature","geometry":{"type":"Point","coordinates":[-0.352938,51.814955]},"properties":{"holder_names":"Judith Nie","holder_address":"6 Mary Price Close Headington, Oxford, OX3 0LN","property_count":1}},{"type":"Feature","geometry":{"type":"Point","coordinates":[3.871821,43.840858]},"properties":{"holder_names":"Ruth Porter","holder_address":"34 Hayes Close Marston, Oxford, OX3 0DZ","property_count":1}},{"type":"Feature","geometry":{"type":"Point","coordinates":[0.573402,51.36574]},"properties":{"holder_names":"Theo Chalmers","holder_address":"22 Leckford Road , Oxford, OX2 6HX","property_count":2}},{"type":"Feature","geometry":{"type":"Point","coordinates":[-0.426626,51.417531]},"properties":{"holder_names":"Manjula Rajan","holder_address":"9 Wentworth Road , Oxford, OX2 7TQ","property_count":2}},{"type":"Feature","geometry":{"type":"Point","coordinates":[0.500925,51.392265]},"properties":{"holder_names":"Dan Su","holder_address":"70 Kestrel Crescent , Oxford, OX4 6DZ","property_count":1}},{"type":"Feature","geometry":{"type":"Point","coordinates":[0.180868,51.870642]},"properties":{"holder_names":"Anthony Dain","holder_address":"13 Hunsdon Road , Oxford, OX4 4JE","property_count":1}},{"type":"Feature","geometry":{"type":"Point","coordinates":[-0.479106,52.151138]},"properties":{"holder_names":"Gina Pires","holder_address":"11 Laburnum Road , Oxford, OX2 9EL","property_count":1}},{"type":"Feature","geometry":{"type":"Point","coordinates":[-3.18266,51.660093]},"properties":{"holder_names":"Howard Mulvey","holder_address":"24 Fogwell Rd , Oxford, OX2 9SA","property_count":1}},{"type":"Feature","geometry":{"type":"Point","coordinates":[-0.47846,52.151355]},"properties":{"holder_names":"Susan Penelope Amey","holder_address":"15 Walton Street , Oxford, OX1 2HG","property_count":1}},{"type":"Feature","geometry":{"type":"Point","coordinates":[3.881323,43.974931]},"properties":{"holder_names":"craig haller","holder_address":"30 Derwent Avenue Headington, Oxford, OX3 0AP","property_count":1}},{"type":"Feature","geometry":{"type":"Point","coordinates":[-1.20915,51.762871]},"properties":{"holder_names":"craig haller","holder_address":"Bury Knowle Stables, North Place Headington, Oxford, OX3  9HY","property_count":1}},{"type":"Feature","geometry":{"type":"Point","coordinates":[30.153458,59.795655]},"properties":{"holder_names":"Iveta Gregova","holder_address":"42 Mark Road , Oxford, OX3 8PA","property_count":1}},{"type":"Feature","geometry":{"type":"Point","coordinates":[-1.211871,51.738599]},"properties":{"holder_names":"Philip Spence","holder_address":"110 Crescent Road , Oxford, OX4 2PD","property_count":1}},{"type":"Feature","geometry":{"type":"Point","coordinates":[-0.477338,52.150429]},"properties":{"holder_names":"Georgina Bloomfield","holder_address":"2 Marlborough Court Duke Street, Oxford, OX2 0QT","property_count":1}},{"type":"Feature","geometry":{"type":"Point","coordinates":[-1.265832,51.759711]},"properties":{"holder_names":"NOPSR LTD","holder_address":"nops 47 walton Street, oxford, OX2 6AD","property_count":2}},{"type":"Feature","geometry":{"type":"Point","coordinates":[-1.261024,51.77448]},"properties":{"holder_names":"Tsz Pang Lai","holder_address":"Flat 6, Radley House 11 Marston Ferry Road, Oxford, OX2 7EA","property_count":1}},{"type":"Feature","geometry":{"type":"Point","coordinates":[-1.441281,52.395695]},"properties":{"holder_names":"Richard Hudson","holder_address":"4 Vale View Cumnor, Oxford, OX2 9SS","property_count":2}},{"type":"Feature","geometry":{"type":"Point","coordinates":[-0.986256,51.434458]},"properties":{"holder_names":"Ali Azam","holder_address":"105 Fern Hill Road , Oxford, OX4 2JR","property_count":1}},{"type":"Feature","geometry":{"type":"Point","coordinates":[-1.231757,51.763955]},"properties":{"holder_names":"Penny Jenner","holder_address":"Sunningdale House, 39 Jack Straws Lane Headington, Oxford,  OX3 0DL","property_count":1}},{"type":"Feature","geometry":{"type":"Point","coordinates":[-1.260482,51.725615]},"properties":{"holder_names":"JHP OXFORD LIMITED","holder_address":"Finsbury House New Street, Chipping Norton, OX1 5BS","property_count":1}},{"type":"Feature","geometry":{"type":"Point","coordinates":[-1.26625,51.779941]},"properties":{"holder_names":"Blackridge Estates Ltd (Carey-Ann Stavrou)","holder_address":"Banquets House 285A Banbury Road, Oxford, OX2 7JF","property_count":1}},{"type":"Feature","geometry":{"type":"Point","coordinates":[-1.234228,51.743253]},"properties":{"holder_names":"Rita Pattullo","holder_address":"137 Hurst Street , Oxford, OX4 1HE","property_count":1}},{"type":"Feature","geometry":{"type":"Point","coordinates":[6.7643,51.211817]},"properties":{"holder_names":"Ali Hamza Azam","holder_address":"3 Fletcher Road , Oxford, OX4 2UE","property_count":1}},{"type":"Feature","geometry":{"type":"Point","coordinates":[24.177345,54.350696]},"properties":{"holder_names":"daniela tramonti","holder_address":"33 princes street, oxford, OX4 1DD","property_count":1}},{"type":"Feature","geometry":{"type":"Point","coordinates":[-0.679788,51.481023]},"properties":{"holder_names":"Eryl Besse","holder_address":"52 St. John Street , Oxford, OX1 2LQ","property_count":1}},{"type":"Feature","geometry":{"type":"Point","coordinates":[-0.479106,52.151138]},"properties":{"holder_names":"Wing Yue Leung","holder_address":"11 Churchill Place , Oxford, OX2 8AW","property_count":1}},{"type":"Feature","geometry":{"type":"Point","coordinates":[-1.266022,51.780231]},"properties":{"holder_names":"Blackridge Oxford Limited","holder_address":"Blackridge Oxford Limited, Banquets House, 285A Banbury  Road, Oxford, OX2 7JF","property_count":1}},{"type":"Feature","geometry":{"type":"Point","coordinates":[6.7643,51.211817]},"properties":{"holder_names":"Avril Lethbridge","holder_address":"32 Thorncliffe Road , Oxford, OX2 7BB","property_count":1}},{"type":"Feature","geometry":{"type":"Point","coordinates":[-1.137477,51.400192]},"properties":{"holder_names":"Henry George Gallagher","holder_address":"95 Bullingdon Road , Oxford, OX4 1QL","property_count":1}},{"type":"Feature","geometry":{"type":"Point","coordinates":[-1.834693,51.573859]},"properties":{"holder_names":"Ian Watson","holder_address":"5 Wychwood Lane Risinghurst, Oxford, OX3 8HG","property_count":1}},{"type":"Feature","geometry":{"type":"Point","coordinates":[-1.834693,51.573859]},"properties":{"holder_names":"Stephanie Masterson","holder_address":"5 Peacock ROAD , Oxford, OX3 0DQ","property_count":1}},{"type":"Feature","geometry":{"type":"Point","coordinates":[-1.267299,51.772408]},"properties":{"holder_names":"Andrew Webb","holder_address":"223 Woodstock Road , Oxford, OX2 7AD","property_count":1}},{"type":"Feature","geometry":{"type":"Point","coordinates":[-1.212773,51.759491]},"properties":{"holder_names":"Bryan Quarterman","holder_address":"Suite 200 94 London Road, Headington, OX3 9FN","property_count":1}},{"type":"Feature","geometry":{"type":"Point","coordinates":[121.117045,14.585663]},"properties":{"holder_names":"Rebecca Klaus","holder_address":"Flat 2, 60 Hurst Street , Oxford, OX4 1HD","property_count":2}},{"type":"Feature","geometry":{"type":"Point","coordinates":[-1.209042,51.735985]},"properties":{"holder_names":"Roman Catholic Archdiocese of Birmingham (Parish Priest)","holder_address":"Church of Our Lady Help of Christians, 59 Hollow Way Cowley,  Oxford, OX4 2ND","property_count":1}},{"type":"Feature","geometry":{"type":"Point","coordinates":[-0.477615,52.151507]},"properties":{"holder_names":"Ronald Deepwell","holder_address":"17 Stephen Road Headington, Oxford, OX3 9AY","property_count":1}},{"type":"Feature","geometry":{"type":"Point","coordinates":[-1.186655,54.523063]},"properties":{"holder_names":"Margaret Katritzky","holder_address":"72 Rewley Road , Oxford, OX1 2RQ","property_count":1}},{"type":"Feature","geometry":{"type":"Point","coordinates":[6.7643,51.211817]},"properties":{"holder_names":"Shinder Pal Singh","holder_address":"3 Cotswold Crescent , Oxford, OX3 0SG","property_count":1}},{"type":"Feature","geometry":{"type":"Point","coordinates":[-1.263037,51.763484]},"properties":{"holder_names":"St Antony's College; St Antony's College (Matthew Morgan)","holder_address":"St. Antony's College 62 Woodstock Road, Oxford, OX2 6JF","property_count":2}},{"type":"Feature","geometry":{"type":"Point","coordinates":[26.62446,51.311352]},"properties":{"holder_names":"Lorna Smith","holder_address":"56 Crescent Road , Oxford, ox4 2pb","property_count":1}},{"type":"Feature","geometry":{"type":"Point","coordinates":[-0.679788,51.481023]},"properties":{"holder_names":"Kenneth Leonard Jeffs","holder_address":"52 Collinwood Road Risinghurst, Oxford, OX3 8HL","property_count":1}},{"type":"Feature","geometry":{"type":"Point","coordinates":[-1.13582,52.956435]},"properties":{"holder_names":"Hannah Polly Key Davies","holder_address":"10 Vicarage Close , Oxford, OX4 4PL","property_count":1}},{"type":"Feature","geometry":{"type":"Point","coordinates":[141.433489,40.547494]},"properties":{"holder_names":"Hilary Elizabeth Pearson","holder_address":"29 Anne Greenwood Close, Oxford, OX4 4DN","property_count":1}},{"type":"Feature","geometry":{"type":"Point","coordinates":[6.7643,51.211817]},"properties":{"holder_names":"Judith May","holder_address":"3 Upland Park Road , Oxford, OX2 7RU","property_count":1}},{"type":"Feature","geometry":{"type":"Point","coordinates":[51.80169,55.651549]},"properties":{"holder_names":"Claire Townsend","holder_address":"28 Cumnor Hill , Oxford, OX2 9HA","property_count":1}},{"type":"Feature","geometry":{"type":"Point","coordinates":[-1.834693,51.573859]},"properties":{"holder_names":"Andrew Wroe","holder_address":"5 Lamarsh Road , Oxford, OX2 0LD","property_count":1}},{"type":"Feature","geometry":{"type":"Point","coordinates":[31.257651,58.523612]},"properties":{"holder_names":"MARK SHERRY","holder_address":"116 Old Road , Headington, OX3 8SX","property_count":1}},{"type":"Feature","geometry":{"type":"Point","coordinates":[3.871821,43.840858]},"properties":{"holder_names":"Rupert Sheppard","holder_address":"34 Balliol Court Rutherway, Oxford, OX2 6QZ","property_count":1}},{"type":"Feature","geometry":{"type":"Point","coordinates":[0.573402,51.36574]},"properties":{"holder_names":"Richard Hodby","holder_address":"22 Squitchey Lane , Oxford, OX2 7LB","property_count":1}},{"type":"Feature","geometry":{"type":"Point","coordinates":[-1.268406,51.774892]},"properties":{"holder_names":"Tim Stevenson","holder_address":"263 Woodstock Road , oxford, OX2 7AE","property_count":1}},{"type":"Feature","geometry":{"type":"Point","coordinates":[-1.13582,52.956435]},"properties":{"holder_names":"David Upjohn","holder_address":"10 Ferry Road , Oxford, OX3 0ET","property_count":1}},{"type":"Feature","geometry":{"type":"Point","coordinates":[-1.190151,51.774439]},"properties":{"holder_names":"Paul Smith","holder_address":"Greenacre Bayswater road, Oxford, OX3 9RZ","property_count":1}},{"type":"Feature","geometry":{"type":"Point","coordinates":[7.102074,50.699777]},"properties":{"holder_names":"Kathryn Kavanagh","holder_address":"40 Leander Way , Oxford, OX1 4XR","property_count":1}},{"type":"Feature","geometry":{"type":"Point","coordinates":[-1.305362,51.745551]},"properties":{"holder_names":"Joy Watson","holder_address":"Plemont Stanville Road, Oxford, OX2 6UE","property_count":1}},{"type":"Feature","geometry":{"type":"Point","coordinates":[-0.477338,52.150429]},"properties":{"holder_names":"Gary Clayton","holder_address":"2 Burra Close , Sandford-on-Thames, OX4 4YE","property_count":1}},{"type":"Feature","geometry":{"type":"Point","coordinates":[-1.318454,51.386206]},"properties":{"holder_names":"Amy Monach","holder_address":"7 Victoria Road , Oxford, OX2 7QF","property_count":1}},{"type":"Feature","geometry":{"type":"Point","coordinates":[-1.261856,51.764635]},"properties":{"holder_names":"Stephen Clarke","holder_address":"11A Lakeside,, Oxford, OX2 8JF","property_count":1}},{"type":"Feature","geometry":{"type":"Point","coordinates":[-1.225895,51.75013]},"properties":{"holder_names":"Daniel Adlam","holder_address":"144 Morrell Avenue , Oxford, OX4 1LZ","property_count":1}},{"type":"Feature","geometry":{"type":"Point","coordinates":[-1.318566,51.71295]},"properties":{"holder_names":"John Maxted","holder_address":"156 Cumnor Road Boars Hill , oxford, OX1 5JR","property_count":1}},{"type":"Feature","geometry":{"type":"Point","coordinates":[0.573402,51.36574]},"properties":{"holder_names":"Alexander Ritter","holder_address":"22 Rewley Road , Oxford, OX1 2RD","property_count":1}},{"type":"Feature","geometry":{"type":"Point","coordinates":[-0.477486,52.151361]},"properties":{"holder_names":"Jasbir Rahel","holder_address":"16 Jeune Street , Oxford, OX4 1BN","property_count":1}},{"type":"Feature","geometry":{"type":"Point","coordinates":[-0.478671,52.151284]},"properties":{"holder_names":"Michael Hornby","holder_address":"14 Stansfield Close , Headington, OX3 8TH","property_count":1}},{"type":"Feature","geometry":{"type":"Point","coordinates":[-1.226739,51.733187]},"properties":{"holder_names":"John Coyle","holder_address":"109 Campbell Road Cowley, Oxford, OX4 3NX","property_count":1}},{"type":"Feature","geometry":{"type":"Point","coordinates":[-0.47783,52.151799]},"properties":{"holder_names":"Michael Bowen","holder_address":"19 Eden Drive , Headington, OX3 0AB","property_count":1}},{"type":"Feature","geometry":{"type":"Point","coordinates":[-0.477486,52.151361]},"properties":{"holder_names":"Rupert Sheppard","holder_address":"16 Balliol Court Rutherway, Oxford, OX2 6QZ","property_count":1}},{"type":"Feature","geometry":{"type":"Point","coordinates":[-0.478671,52.151284]},"properties":{"holder_names":"Bharat Sahota","holder_address":"14 Nuffield Road , Oxford, OX3 8RE","property_count":1}},{"type":"Feature","geometry":{"type":"Point","coordinates":[-0.640755,51.731905]},"properties":{"holder_names":"Warren Allen","holder_address":"48 Henley Road Sandford-on-Thames, Oxford, OX4 4YP","property_count":1}},{"type":"Feature","geometry":{"type":"Point","coordinates":[-2.857289,55.894043]},"properties":{"holder_names":"Cara Bourdillon","holder_address":"63 Kingston Road , Oxford, OX2 6RJ","property_count":1}},{"type":"Feature","geometry":{"type":"Point","coordinates":[-1.307939,51.741685]},"properties":{"holder_names":"Shapour Sabbaghi-Sarabi","holder_address":"Garal 10 Barn Close, Oxford, OX2 9JP","property_count":1}},{"type":"Feature","geometry":{"type":"Point","coordinates":[-1.268817,51.761815]},"properties":{"holder_names":"Lucy Group Ltd (Lucy Group Ltd)","holder_address":"Lucy Group Walton Well Road, Oxford, OX2 6EE","property_count":1}},{"type":"Feature","geometry":{"type":"Point","coordinates":[-0.067858,51.472743]},"properties":{"holder_names":"Masood Ahmed","holder_address":"3 Cleveland Drive , Oxford, OX4 3HA","property_count":3}},{"type":"Feature","geometry":{"type":"Point","coordinates":[28.22433,61.055625]},"properties":{"holder_names":"ZILI CHEN","holder_address":"31 Hamilton Rd , OXFORD, OX2 7PY","property_count":1}},{"type":"Feature","geometry":{"type":"Point","coordinates":[-1.22238,51.729244]},"properties":{"holder_names":"Martha Smith","holder_address":"76 Westbury Crescent , OXFORD, OX4 3SA","property_count":1}},{"type":"Feature","geometry":{"type":"Point","coordinates":[139.536566,36.246112]},"properties":{"holder_names":"Penny Farrar","holder_address":"57 Bedford Street , Oxford, OX4 1SU","property_count":1}},{"type":"Feature","geometry":{"type":"Point","coordinates":[-1.339887,52.852046]},"properties":{"holder_names":"William Bannister-Parker","holder_address":"25 Lathbury Road , Oxford, OX2 7AT","property_count":1}},{"type":"Feature","geometry":{"type":"Point","coordinates":[1.331198,51.125262]},"properties":{"holder_names":"Woodstock Road Baptist Church (Jenny Reid)","holder_address":"198 Woodstock Road , Oxford, OX2 7NQ","property_count":1}},{"type":"Feature","geometry":{"type":"Point","coordinates":[15.970028,45.79777]},"properties":{"holder_names":"Alistair Baxter","holder_address":"21 Plater Drive, OXFORD, OX2 6QT","property_count":1}},{"type":"Feature","geometry":{"type":"Point","coordinates":[23.736909,37.949989]},"properties":{"holder_names":"Martina O Sullivan","holder_address":"45 Coniston Avenue Headington, Oxford, OX3 0AW","property_count":1}},{"type":"Feature","geometry":{"type":"Point","coordinates":[-1.13582,52.956435]},"properties":{"holder_names":"Jordan Flynn; Kane Flynn dhanjal","holder_address":"10 Long Ground , Oxford, OX4 7WS","property_count":2}},{"type":"Feature","geometry":{"type":"Point","coordinates":[-1.202121,51.74635]},"properties":{"holder_names":"Anamul Hoque","holder_address":"148 Leiden Road Headington, Oxford, OX3 8QU","property_count":2}},{"type":"Feature","geometry":{"type":"Point","coordinates":[-1.236388,51.747338]},"properties":{"holder_names":"LPM RESIDENTIAL LTD (Tariq Qume); OX1 RESIDENTIAL 15 LTD (Tariq Khuja)","holder_address":"154C Cowley Road, Oxford, OX4 1UE","property_count":8}},{"type":"Feature","geometry":{"type":"Point","coordinates":[-1.137477,51.400192]},"properties":{"holder_names":"Mohamed Mohideen Quwailid","holder_address":"95 Herschel Crescent , Oxford, OX4 3TT","property_count":1}},{"type":"Feature","geometry":{"type":"Point","coordinates":[-1.210024,51.392803]},"properties":{"holder_names":"Hannah ireson","holder_address":"92 Kennington Road, , Oxford, Ox1 5pe","property_count":1}},{"type":"Feature","geometry":{"type":"Point","coordinates":[-0.352938,51.814955]},"properties":{"holder_names":"Farooq Ghulam","holder_address":"6 Staunton Road, Oxford, OX3 7TW","property_count":1}},{"type":"Feature","geometry":{"type":"Point","coordinates":[23.677552,54.104436]},"properties":{"holder_names":"Alistair Cameron","holder_address":"134 Kingston Road, Oxford, OX2 6RW","property_count":1}},{"type":"Feature","geometry":{"type":"Point","coordinates":[-1.265159,51.767397]},"properties":{"holder_names":"Rohini Sampath","holder_address":"Flat 24, Hartley Court Woodstock Road, Oxford, OX2 7PF","property_count":1}},{"type":"Feature","geometry":{"type":"Point","coordinates":[-1.202614,51.718638]},"properties":{"holder_names":"BHANDARI PROPERTIES LIMITED (Avinash Bhandari)","holder_address":"44 Pegasus Road , Oxford, OX4 6DW","property_count":1}},{"type":"Feature","geometry":{"type":"Point","coordinates":[-1.221148,51.73672]},"properties":{"holder_names":"Pedro Bartolome Rios Mestre","holder_address":"Flat 8, Hendred House Hendred Street, Oxford, OX4 2ED","property_count":1}},{"type":"Feature","geometry":{"type":"Point","coordinates":[30.786482,46.574185]},"properties":{"holder_names":"Ching Wan Lam Lam","holder_address":"51 Meadow Close Farmoor, Oxford, OX2 9PA","property_count":1}},{"type":"Feature","geometry":{"type":"Point","coordinates":[-1.441281,52.395695]},"properties":{"holder_names":"Seena Fazel","holder_address":"4 Squitchey Lane , Oxford, OX2 7LB","property_count":1}},{"type":"Feature","geometry":{"type":"Point","coordinates":[-1.656842,53.817814]},"properties":{"holder_names":"Jonathan Braich","holder_address":"265 Abingdon Road , Oxford, OX1 4TJ","property_count":1}},{"type":"Feature","geometry":{"type":"Point","coordinates":[-1.233962,51.73778]},"properties":{"holder_names":"jennie lill","holder_address":"321 Iffley Road , Oxford, OX4 4DP","property_count":1}},{"type":"Feature","geometry":{"type":"Point","coordinates":[-1.254754,51.765913]},"properties":{"holder_names":"LIVEINOXFORD LTD (Steven Harris)","holder_address":"8 Charlbury Road , Oxford, OX2 6UT","property_count":3}},{"type":"Feature","geometry":{"type":"Point","coordinates":[-1.310603,51.743117]},"properties":{"holder_names":"M.S. LAWRENCE LIMITED (M S Lawrence Limited); M.S. LAWRENCE LIMITED (M S Lawrence Ltd)","holder_address":"Flat 6, Eaton Court 86 Cumnor Hill, Oxford, OX2 9HU","property_count":2}},{"type":"Feature","geometry":{"type":"Point","coordinates":[-1.13582,52.956435]},"properties":{"holder_names":"James Turner","holder_address":"10 Hill View Road , Oxford, OX2 0BZ","property_count":1}},{"type":"Feature","geometry":{"type":"Point","coordinates":[0.180868,51.870642]},"properties":{"holder_names":"Ghafoor Khan","holder_address":"13 Swinburne Road , Oxford, OX4 4BE","property_count":1}},{"type":"Feature","geometry":{"type":"Point","coordinates":[-1.325322,51.40148]},"properties":{"holder_names":"Christopher Dodd","holder_address":"85 Foundry House Walton Well Road, Oxford, OX2 6AQ","property_count":1}},{"type":"Feature","geometry":{"type":"Point","coordinates":[-1.218531,51.786203]},"properties":{"holder_names":"Martin David Brown","holder_address":"G J Brown & Sons, Sescut Farm Woodeaton, Oxford, OX3 9TW","property_count":1}},{"type":"Feature","geometry":{"type":"Point","coordinates":[-1.259811,51.784689]},"properties":{"holder_names":"Rupert Jones-Parry","holder_address":"Flat 3, Meadow View Water Eaton Road, Oxford, OX2 7QS","property_count":1}},{"type":"Feature","geometry":{"type":"Point","coordinates":[-1.318454,51.386206]},"properties":{"holder_names":"Stephen Coleman","holder_address":"7 Stone Quarry Lane , Oxford, OX4 4HE","property_count":1}},{"type":"Feature","geometry":{"type":"Point","coordinates":[-1.191738,51.719221]},"properties":{"holder_names":"renata lanzoni","holder_address":"151 Field Avenue , Oxford, OX4 6PD","property_count":1}},{"type":"Feature","geometry":{"type":"Point","coordinates":[-1.196771,51.724407]},"properties":{"holder_names":"Tabitha Ngoigo","holder_address":"146 Balfour Road , Oxford, OX4 6BT","property_count":1}},{"type":"Feature","geometry":{"type":"Point","coordinates":[-1.236832,51.732605]},"properties":{"holder_names":"Christine Joy Shefford","holder_address":"429 Meadow Lane , Oxford, ox4 4ed","property_count":1}},{"type":"Feature","geometry":{"type":"Point","coordinates":[-1.200983,51.725534]},"properties":{"holder_names":"Mirved Dani","holder_address":"110 Sandy Lane , Oxford, OX4 6AS","property_count":1}},{"type":"Feature","geometry":{"type":"Point","coordinates":[-1.212966,51.759767]},"properties":{"holder_names":"Man Sin Chan","holder_address":"Flat 2, Kingsway House 77A-81A London Road, Headington,  Oxford, OX3 9AA","property_count":1}},{"type":"Feature","geometry":{"type":"Point","coordinates":[44.005361,36.206077]},"properties":{"holder_names":"Andrew Gunn","holder_address":"43 Davenant Road , Oxford, OX2 8BU","property_count":2}},{"type":"Feature","geometry":{"type":"Point","coordinates":[-1.257244,51.750734]},"properties":{"holder_names":"The Frewen Club (Anthony Munsey)","holder_address":"The Frewen Club 98 St. Aldates, Oxford, OX1 1BT","property_count":1}},{"type":"Feature","geometry":{"type":"Point","coordinates":[-1.568537,51.404951]},"properties":{"holder_names":"Tang Chao","holder_address":"69 North Way Headington, Oxford, OX3 9ES","property_count":1}},{"type":"Feature","geometry":{"type":"Point","coordinates":[-0.640755,51.731905]},"properties":{"holder_names":"Felisa Deas; Sofia Deas","holder_address":"48 Harpes Road , Oxford, OX2 7QL","property_count":3}},{"type":"Feature","geometry":{"type":"Point","coordinates":[-0.477338,52.150429]},"properties":{"holder_names":"PANORAMA OXFORD LTD (Hossein Moghaddam)","holder_address":"2 Linkside Avenue , Oxford, OX2 8HY","property_count":1}},{"type":"Feature","geometry":{"type":"Point","coordinates":[-1.240138,51.735483]},"properties":{"holder_names":"Mary Dawn DeBriae","holder_address":"300 Meadow Lane , Oxford, OX4 4BL","property_count":1}},{"type":"Feature","geometry":{"type":"Point","coordinates":[-1.325322,51.40148]},"properties":{"holder_names":"Mohammad Fayzan Qureshi","holder_address":"85 Cricket Road , Oxford, OX4 3DL","property_count":1}},{"type":"Feature","geometry":{"type":"Point","coordinates":[130.073768,42.540267]},"properties":{"holder_names":"Mirjana Misina-Kneafsey","holder_address":"91 Divinity Road , Oxford, OX4 1LN","property_count":1}},{"type":"Feature","geometry":{"type":"Point","coordinates":[-1.214968,51.716303]},"properties":{"holder_names":"Chesterton Yeates (Lily Yeates); chesterton yeates (Victoria Cummins)","holder_address":"Chesterton Yeates, John Eccles House Robert Robinson  Avenue, Oxford, OX4 4GP","property_count":4}},{"type":"Feature","geometry":{"type":"Point","coordinates":[103.905003,52.59341]},"properties":{"holder_names":"Marukh Shaheen Mahmood","holder_address":"49 Nowell Road , Oxford, OX4 4TB","property_count":1}},{"type":"Feature","geometry":{"type":"Point","coordinates":[0.500925,51.392265]},"properties":{"holder_names":"Alan Gibbons","holder_address":"70 Annesley Road , Oxford, OX4 4JQ","property_count":1}},{"type":"Feature","geometry":{"type":"Point","coordinates":[-0.477741,52.151645]},"properties":{"holder_names":"Dorina Klejmendi","holder_address":"18 Gorse Leas Headington, Oxford, OX3 9DJ","property_count":1}},{"type":"Feature","geometry":{"type":"Point","coordinates":[-0.478671,52.151284]},"properties":{"holder_names":"paul holland","holder_address":"14 Horspath Road , Oxford, OX4 2QS","property_count":1}},{"type":"Feature","geometry":{"type":"Point","coordinates":[-1.339887,52.852046]},"properties":{"holder_names":"Kasim Nawaz","holder_address":"25 William Street Marston, Oxford, OX3 0ES","property_count":1}},{"type":"Feature","geometry":{"type":"Point","coordinates":[13.111386,45.665982]},"properties":{"holder_names":"CHALBOURNE LTD (Christopher Furness)","holder_address":"36 Staunton Road Headington, Oxford, OX3 7TW","property_count":1}},{"type":"Feature","geometry":{"type":"Point","coordinates":[7.102074,50.699777]},"properties":{"holder_names":"Paul Siret-Godfrey","holder_address":"40 Cranmer Road , Oxford, OX4 2QF","property_count":1}},{"type":"Feature","geometry":{"type":"Point","coordinates":[-0.640755,51.731905]},"properties":{"holder_names":"Michael Kerr-Harnott","holder_address":"48 Templar Road , Oxford, OX2 8LU","property_count":7}},{"type":"Feature","geometry":{"type":"Point","coordinates":[-0.006817,51.698224]},"properties":{"holder_names":"WALLS HAVE FEELINGS LTD (walls have feelings limit walls have  feelings limit)","holder_address":"96B Bullingdon Road, Oxford, OX4 1QL","property_count":1}},{"type":"Feature","geometry":{"type":"Point","coordinates":[-1.235501,51.739089]},"properties":{"holder_names":"Milka Pavlovic","holder_address":"292 Iffley Road , Oxford, OX4 4AE","property_count":1}},{"type":"Feature","geometry":{"type":"Point","coordinates":[-2.000224,51.347748]},"properties":{"holder_names":"HUTTON PARKER BUILDING SERVICES LIMITED (Hutton Parker)","holder_address":"61A St. Clements Street, Oxford, OX4 1AH","property_count":1}},{"type":"Feature","geometry":{"type":"Point","coordinates":[-1.263569,51.762463]},"properties":{"holder_names":"Bethany Sanders","holder_address":"Flat 8 69 Woodstock Road, Oxford, OX2 6EY","property_count":1}},{"type":"Feature","geometry":{"type":"Point","coordinates":[-1.264617,51.777523]},"properties":{"holder_names":"PENNY & SINCLAIR LIMITED (Cindy Petts)","holder_address":"Penny & Sinclair Ltd, Mayfield House 256 Banbury Road,  Oxford, OX2 7DE","property_count":2}},{"type":"Feature","geometry":{"type":"Point","coordinates":[-1.244223,51.710537]},"properties":{"holder_names":"patrick ward","holder_address":"108 The Avenue Kennington, Oxford, OX1 5RJ","property_count":1}},{"type":"Feature","geometry":{"type":"Point","coordinates":[-0.47783,52.151799]},"properties":{"holder_names":"Dandan Qin","holder_address":"19 Mark Road Headington, Oxford, OX3 8PB","property_count":1}},{"type":"Feature","geometry":{"type":"Point","coordinates":[-1.441281,52.395695]},"properties":{"holder_names":"Mengran Fan","holder_address":"4 Mc Lean Drive Headington, Oxford, OX3 9GW","property_count":1}},{"type":"Feature","geometry":{"type":"Point","coordinates":[0.180868,51.870642]},"properties":{"holder_names":"Mercy Ugwu","holder_address":"13 Parsons Place , Oxford, OX4 1NL","property_count":1}},{"type":"Feature","geometry":{"type":"Point","coordinates":[-0.426591,51.417397]},"properties":{"holder_names":"James Watts","holder_address":"8 Starwort Path , Oxford, OX4 6RN","property_count":1}},{"type":"Feature","geometry":{"type":"Point","coordinates":[-1.318454,51.386206]},"properties":{"holder_names":"Ian Van Every","holder_address":"7 Bardwell Road , Oxford, OX2 6SU","property_count":1}},{"type":"Feature","geometry":{"type":"Point","coordinates":[-0.352938,51.814955]},"properties":{"holder_names":"RAJI LTD (Ali Khan); Shah J Khan","holder_address":"6 Havelock Road , Oxford, OX4 3EP","property_count":2}},{"type":"Feature","geometry":{"type":"Point","coordinates":[-1.267111,51.771372]},"properties":{"holder_names":"Paul Sheffield","holder_address":"203 Woodstock Road , Oxford, OX2 7AB","property_count":1}},{"type":"Feature","geometry":{"type":"Point","coordinates":[-1.216939,51.763725]},"properties":{"holder_names":"Mika (Mika Nagai)","holder_address":"12 Grunsell Close Headington, Oxford, OX3 9QQ","property_count":1}},{"type":"Feature","geometry":{"type":"Point","coordinates":[0.180868,51.870642]},"properties":{"holder_names":"sukhwinder Dhirej","holder_address":"13 Knolles Road , Oxford, OX4 3HT","property_count":1}},{"type":"Feature","geometry":{"type":"Point","coordinates":[-1.446896,51.402113]},"properties":{"holder_names":"Salman Saburdinzoda","holder_address":"78 Crotch Crescent Marston, Oxford, OX3 0JN","property_count":1}},{"type":"Feature","geometry":{"type":"Point","coordinates":[-0.477741,52.151645]},"properties":{"holder_names":"Nicola Pearson","holder_address":"18 Acacia Avenue , Oxford, OX4 7GY","property_count":1}},{"type":"Feature","geometry":{"type":"Point","coordinates":[-0.47846,52.151355]},"properties":{"holder_names":"Ricardo Jr Buenaventura","holder_address":"15 Bracegirdle Road Headington, Oxford, OX3 8RJ","property_count":1}},{"type":"Feature","geometry":{"type":"Point","coordinates":[7.102074,50.699777]},"properties":{"holder_names":"Maryam Faradoon","holder_address":"40 Clive Road , Oxford, OX4 3EL","property_count":1}},{"type":"Feature","geometry":{"type":"Point","coordinates":[-0.478887,52.151212]},"properties":{"holder_names":"Yanhua Ma","holder_address":"12 Edgeway Road Marston, Oxford, OX3 0HE","property_count":1}},{"type":"Feature","geometry":{"type":"Point","coordinates":[-0.106403,51.599065]},"properties":{"holder_names":"Noel McCabe","holder_address":"79 New High Street Headington, Oxford, OX3 7AL","property_count":1}},{"type":"Feature","geometry":{"type":"Point","coordinates":[-1.537529,53.588069]},"properties":{"holder_names":"Lucinda Isaac","holder_address":"38 Hugh Allen Crescent Marston, Oxford, OX3 0HN","property_count":1}},{"type":"Feature","geometry":{"type":"Point","coordinates":[-1.276145,51.783832]},"properties":{"holder_names":"John Exley; Mrs Gladys Exley","holder_address":"357 Woodstock Road , Oxford, OX2 8AA","property_count":2}},{"type":"Feature","geometry":{"type":"Point","coordinates":[1.072641,51.297469]},"properties":{"holder_names":"Martin Skyrme","holder_address":"19A, Quarry Hollow Headington, Oxford, OX3 8JR","property_count":1}},{"type":"Feature","geometry":{"type":"Point","coordinates":[-0.352938,51.814955]},"properties":{"holder_names":"Alexandria Harper","holder_address":"6 Cuddesdon Way , Oxford, OX4 6SU","property_count":1}},{"type":"Feature","geometry":{"type":"Point","coordinates":[30.786482,46.574185]},"properties":{"holder_names":"Dharmendra Panchal","holder_address":"51 Grays Road Headington, Oxford, OX3 7PZ","property_count":2}},{"type":"Feature","geometry":{"type":"Point","coordinates":[-1.257298,51.749171]},"properties":{"holder_names":"The Newman Trust (Juliane Kerkhecker)","holder_address":"Catholic Chaplaincy, Rose Place St. Aldates, Oxford, OX1 1RD","property_count":2}},{"type":"Feature","geometry":{"type":"Point","coordinates":[-1.815598,51.562237]},"properties":{"holder_names":"Janet Tugwell","holder_address":"23 Arlington Drive Marston, Oxford, OX3 0SJ","property_count":1}},{"type":"Feature","geometry":{"type":"Point","coordinates":[0.856938,52.484023]},"properties":{"holder_names":"Erica Ison","holder_address":"84 Hayfield Road , Oxford, OX2 6TU","property_count":1}},{"type":"Feature","geometry":{"type":"Point","coordinates":[-1.271695,51.77151]},"properties":{"holder_names":"Service Hotels Ltd","holder_address":"86 Frenchay Road , Oxford, OX2 6TF","property_count":1}},{"type":"Feature","geometry":{"type":"Point","coordinates":[-0.352938,51.814955]},"properties":{"holder_names":"Sacide Derya Ozkul Kusoglu","holder_address":"6 Calender Place , Oxford, OX2 8FS","property_count":1}},{"type":"Feature","geometry":{"type":"Point","coordinates":[-1.196667,51.76757]},"properties":{"holder_names":"Vladimir Levitchev","holder_address":"Flat 3, Hillside Court Alden Crescent, Headington, Oxford,  OX3 9NR","property_count":1}},{"type":"Feature","geometry":{"type":"Point","coordinates":[-2.327388,51.37977]},"properties":{"holder_names":"Robert Mardle","holder_address":"1E Abbey Road, Oxford, OX2 0AD","property_count":1}},{"type":"Feature","geometry":{"type":"Point","coordinates":[-0.478671,52.151284]},"properties":{"holder_names":"warren stokes","holder_address":"14 Rectory Road , Oxford, OX4 1BU","property_count":1}},{"type":"Feature","geometry":{"type":"Point","coordinates":[15.970028,45.79777]},"properties":{"holder_names":"Claire Armstrong","holder_address":"21 The Beeches Headington, Oxford, OX3 9JY","property_count":1}},{"type":"Feature","geometry":{"type":"Point","coordinates":[-3.116438,55.951829]},"properties":{"holder_names":"Lilita Grinberga","holder_address":"30B, The Studios Henley Street, Oxford, OX4 1ES","property_count":1}},{"type":"Feature","geometry":{"type":"Point","coordinates":[-0.426626,51.417531]},"properties":{"holder_names":"claire balderama","holder_address":"9 Stainfield Road Headington, Oxford, OX3 9DH","property_count":1}},{"type":"Feature","geometry":{"type":"Point","coordinates":[1.170733,49.213836]},"properties":{"holder_names":"Yuko Matsunaga","holder_address":"27 Cavell Road , Oxford, OX4 4AS","property_count":1}},{"type":"Feature","geometry":{"type":"Point","coordinates":[-0.477741,52.151645]},"properties":{"holder_names":"STEP AHEAD HOMES LTD (Angie Morgan)","holder_address":"18 The Garth , Oxford, OX2 9AL","property_count":1}},{"type":"Feature","geometry":{"type":"Point","coordinates":[1.170733,49.213836]},"properties":{"holder_names":"Anna Akhumyan","holder_address":"27 Bishop Kirk Place , Oxford, OX2 7HJ","property_count":1}},{"type":"Feature","geometry":{"type":"Point","coordinates":[-1.23658,51.740341]},"properties":{"holder_names":"Tiffany Evans","holder_address":"264 Iffley Road , Oxford, OX4 1SE","property_count":1}},{"type":"Feature","geometry":{"type":"Point","coordinates":[0.180868,51.870642]},"properties":{"holder_names":"Marinela Shehaj","holder_address":"13 Park Way Marston, Oxford, OX3 0QH","property_count":1}},{"type":"Feature","geometry":{"type":"Point","coordinates":[-0.477338,52.150429]},"properties":{"holder_names":"Vinod Motiani","holder_address":"2 Foxwell Drive Headington, Oxford, OX3 9QA","property_count":1}},{"type":"Feature","geometry":{"type":"Point","coordinates":[-0.426591,51.417397]},"properties":{"holder_names":"Manashi Bhattacharjee","holder_address":"Flat A, 8 Horwood Close Headington, Oxford, OX3 7RF","property_count":1}},{"type":"Feature","geometry":{"type":"Point","coordinates":[-0.478887,52.151212]},"properties":{"holder_names":"Jabad Uddin","holder_address":"12 Little Brewery Street , Oxford, OX4 1BJ","property_count":4}},{"type":"Feature","geometry":{"type":"Point","coordinates":[-1.239588,51.750238]},"properties":{"holder_names":"ENHANCE PROPERTY INVESTMENT COMPANY LIMITED (Anthony  Simmonds)","holder_address":"Angel Court 81 St Clements, Oxford, OX4 1AW","property_count":1}},{"type":"Feature","geometry":{"type":"Point","coordinates":[-79.027688,-8.116178]},"properties":{"holder_names":"Aftab Ghaffar","holder_address":"1A, Marshall Road Cowley, Oxford, OX4 2NP","property_count":1}},{"type":"Feature","geometry":{"type":"Point","coordinates":[7.102074,50.699777]},"properties":{"holder_names":"Zehanah Izmeth","holder_address":"40 Latimer Road Headington, Oxford, OX3 7PF","property_count":1}},{"type":"Feature","geometry":{"type":"Point","coordinates":[-0.640755,51.731905]},"properties":{"holder_names":"George Espoir","holder_address":"48 Cranley Road Headington, Oxford, OX3 8BW","property_count":1}},{"type":"Feature","geometry":{"type":"Point","coordinates":[-4.14332,50.416683]},"properties":{"holder_names":"EAST LAND PROPERTY DEVELOPMENT LTD (Fazel Abid Karim)","holder_address":"278 Cowley Road, Oxford, OX4 1UR","property_count":1}},{"type":"Feature","geometry":{"type":"Point","coordinates":[-1.187071,51.767281]},"properties":{"holder_names":"Mr Hasanen Ali Hasoun Al-Taiar","holder_address":"Amberley House, Bayswater Farm Road Headington, Oxford,  OX3 8BX","property_count":1}},{"type":"Feature","geometry":{"type":"Point","coordinates":[-1.441281,52.395695]},"properties":{"holder_names":"Shu Hon Christopher Luk","holder_address":"4 Douglas Downes Close Headington, Oxford, OX3 8FS","property_count":1}},{"type":"Feature","geometry":{"type":"Point","coordinates":[0.180868,51.870642]},"properties":{"holder_names":"Shirui Chai","holder_address":"13 Norah Way Headington, Oxford, OX3 9GS","property_count":1}},{"type":"Feature","geometry":{"type":"Point","coordinates":[141.433489,40.547494]},"properties":{"holder_names":"Sabina Raja","holder_address":"29 Eden Drive Headington, Oxford, OX3 0AD","property_count":1}},{"type":"Feature","geometry":{"type":"Point","coordinates":[7.102596,50.699772]},"properties":{"holder_names":"Craig Simmons","holder_address":"41 Magdalen Road , Oxford, OX4 1RB","property_count":1}},{"type":"Feature","geometry":{"type":"Point","coordinates":[3.881323,43.974931]},"properties":{"holder_names":"Zoe Evelyn","holder_address":"30 Woodstock Close , Oxford, OX2 8DB","property_count":1}},{"type":"Feature","geometry":{"type":"Point","coordinates":[-1.268164,51.774553]},"properties":{"holder_names":"Elizabeth Ely Ford","holder_address":"259 Woodstock Road , Oxford, OX2 7AE","property_count":1}},{"type":"Feature","geometry":{"type":"Point","coordinates":[-0.477486,52.151361]},"properties":{"holder_names":"Basel Abu-Jamous","holder_address":"16 Headley Way Headington, Oxford, OX3 0LT","property_count":1}},{"type":"Feature","geometry":{"type":"Point","coordinates":[-1.264363,51.773977]},"properties":{"holder_names":"Sally Cubbin","holder_address":"Flat 14, Diamond Court 153 Banbury Road, Oxford, OX2 7AA","property_count":1}},{"type":"Feature","geometry":{"type":"Point","coordinates":[6.7643,51.211817]},"properties":{"holder_names":"Ian McKean","holder_address":"32 Abberbury Road , Oxford, OX4 4ES","property_count":5}},{"type":"Feature","geometry":{"type":"Point","coordinates":[-0.674906,51.482575]},"properties":{"holder_names":"Mehir Amin","holder_address":"54 Swinburne Road , Oxford, OX4 4BG","property_count":1}},{"type":"Feature","geometry":{"type":"Point","coordinates":[-0.477338,52.150429]},"properties":{"holder_names":"Madeline Price","holder_address":"2 Hayward Road , Oxford, OX2 8LW","property_count":1}},{"type":"Feature","geometry":{"type":"Point","coordinates":[1.330006,51.124645]},"properties":{"holder_names":"Josephine Ann Ferguson","holder_address":"227 Poplar Grove Kennington, Oxford, OX1 5QT","property_count":1}},{"type":"Feature","geometry":{"type":"Point","coordinates":[30.153458,59.795655]},"properties":{"holder_names":"Rachael Hasaj","holder_address":"42 Dene Road Headington, Oxford, OX3 7EE","property_count":1}},{"type":"Feature","geometry":{"type":"Point","coordinates":[-0.477741,52.151645]},"properties":{"holder_names":"Him Nath Kandel","holder_address":"18 Lockheart Crescent , Oxford, OX4 3RN","property_count":1}},{"type":"Feature","geometry":{"type":"Point","coordinates":[-1.191948,51.76409]},"properties":{"holder_names":"Isaac Kalungi","holder_address":"116 Waynflete Road Headington, Oxford, OX3 8BN","property_count":1}},{"type":"Feature","geometry":{"type":"Point","coordinates":[-1.29024,51.784183]},"properties":{"holder_names":"A.SINGH LTD (Singh Lalpurwal)","holder_address":"The Post Box, 82 Godstow Road Wolvercote, Oxford, OX2 8NY","property_count":1}},{"type":"Feature","geometry":{"type":"Point","coordinates":[-0.130899,51.496377]},"properties":{"holder_names":"Milos kresojevic","holder_address":"Flat 4, 2A Lincoln Road, Oxford, OX1 4TB","property_count":1}},{"type":"Feature","geometry":{"type":"Point","coordinates":[-0.067858,51.472743]},"properties":{"holder_names":"Michael Joubert","holder_address":"3 Mill Lane Marston, Oxford, OX3 0PY","property_count":2}},{"type":"Feature","geometry":{"type":"Point","coordinates":[23.819185,49.862409]},"properties":{"holder_names":"Jean Norris","holder_address":"46 Marsh Road , Oxford, OX4 2HH","property_count":1}},{"type":"Feature","geometry":{"type":"Point","coordinates":[7.102596,50.699772]},"properties":{"holder_names":"Fang Wu","holder_address":"41 Plater Drive , Oxford, OX2 6QU","property_count":1}},{"type":"Feature","geometry":{"type":"Point","coordinates":[121.117045,14.585663]},"properties":{"holder_names":"Richard Tennant-Eyles","holder_address":"60 Rosamund Road Wolvercote, Oxford, OX2 8NX","property_count":2}},{"type":"Feature","geometry":{"type":"Point","coordinates":[0.573402,51.36574]},"properties":{"holder_names":"Sri Subramaniam","holder_address":"22 Stratfield Road , Oxford, OX2 7BQ","property_count":1}},{"type":"Feature","geometry":{"type":"Point","coordinates":[-0.944201,51.457182]},"properties":{"holder_names":"Ijaz Hussain","holder_address":"59 Napier Road , Oxford, OX4 3HZ","property_count":1}},{"type":"Feature","geometry":{"type":"Point","coordinates":[103.905003,52.59341]},"properties":{"holder_names":"Fabrizio Margaroli","holder_address":"49 Lakeside , Oxford, OX2 8JQ","property_count":1}},{"type":"Feature","geometry":{"type":"Point","coordinates":[-0.426626,51.417531]},"properties":{"holder_names":"Vanessa French-Mainprize","holder_address":"9 Kennington Road Kennington, Oxford, OX1 5NZ","property_count":1}},{"type":"Feature","geometry":{"type":"Point","coordinates":[-3.489218,51.651974]},"properties":{"holder_names":"Judith Cuddiford","holder_address":"67A, Godstow Road Wolvercote, Oxford, OX2 8PE","property_count":1}},{"type":"Feature","geometry":{"type":"Point","coordinates":[-0.478887,52.151212]},"properties":{"holder_names":"Ann-Marie Doherty","holder_address":"12 Nunnery Close , Oxford, OX4 6EG","property_count":1}},{"type":"Feature","geometry":{"type":"Point","coordinates":[0.180868,51.870642]},"properties":{"holder_names":"Arthur McDonagh","holder_address":"13 Edgecombe Road Headington, Oxford, OX3 9HA","property_count":1}},{"type":"Feature","geometry":{"type":"Point","coordinates":[-1.815598,51.562237]},"properties":{"holder_names":"Romara Delmonte","holder_address":"23 Wytham Street , Oxford, OX1 4SU","property_count":1}},{"type":"Feature","geometry":{"type":"Point","coordinates":[-0.931568,51.461421]},"properties":{"holder_names":"Jacqueline Holderness","holder_address":"1 Scholar Place , Oxford, OX2 9RD","property_count":1}},{"type":"Feature","geometry":{"type":"Point","coordinates":[-1.186209,51.751906]},"properties":{"holder_names":"Natasha Tucker","holder_address":"The Rise, Old Road Shotover Hill, Headington, Oxford, OX3 8TA","property_count":1}},{"type":"Feature","geometry":{"type":"Point","coordinates":[-3.18266,51.660093]},"properties":{"holder_names":"Mark Vincent Colonnese","holder_address":"24 Western Road , Oxford, OX1 4LG","property_count":1}},{"type":"Feature","geometry":{"type":"Point","coordinates":[-1.238441,51.735973]},"properties":{"holder_names":"Ilir Rama","holder_address":"86 Freelands Road , Oxford, OX4 4BT","property_count":1}},{"type":"Feature","geometry":{"type":"Point","coordinates":[-1.261915,51.747031]},"properties":{"holder_names":"Philippe Rocca-Serra","holder_address":"Flat 11, Rivercourt 1 Trinity Street, Oxford, OX1 1TQ","property_count":1}},{"type":"Feature","geometry":{"type":"Point","coordinates":[-0.463405,51.472516]},"properties":{"holder_names":"Jinbo Hou","holder_address":"331 Banbury Road , Oxford, OX2 7PL","property_count":1}},{"type":"Feature","geometry":{"type":"Point","coordinates":[-1.252882,51.738589]},"properties":{"holder_names":"Kam Sau Yung","holder_address":"220 Abingdon Road , Oxford, OX1 4SP","property_count":1}},{"type":"Feature","geometry":{"type":"Point","coordinates":[-1.441281,52.395695]},"properties":{"holder_names":"Sabira Yameen LPA","holder_address":"4 Mileway Gardens Headington, Oxford, OX3 7XH","property_count":1}},{"type":"Feature","geometry":{"type":"Point","coordinates":[15.970028,45.79777]},"properties":{"holder_names":"Madelaina Eftekhari","holder_address":"21 Hobson Road , Oxford, OX2 7JX","property_count":1}},{"type":"Feature","geometry":{"type":"Point","coordinates":[0.573402,51.36574]},"properties":{"holder_names":"Zafran Sultan","holder_address":"22 Rymers Lane , Oxford, OX4 3LA","property_count":2}},{"type":"Feature","geometry":{"type":"Point","coordinates":[1.814295,50.932598]},"properties":{"holder_names":"Michael Clear","holder_address":"62 St. Bernards Road , Oxford, OX2 6EJ","property_count":1}},{"type":"Feature","geometry":{"type":"Point","coordinates":[1.170733,49.213836]},"properties":{"holder_names":"Philomen Probert","holder_address":"27 Bridge Street , Oxford, OX2 0BA","property_count":1}},{"type":"Feature","geometry":{"type":"Point","coordinates":[-0.47846,52.151355]},"properties":{"holder_names":"Edward Bernard","holder_address":"15 Linkside Avenue , Oxford, OX2 8HY","property_count":1}},{"type":"Feature","geometry":{"type":"Point","coordinates":[-1.307837,51.752476]},"properties":{"holder_names":"ASTANA REAL ESTATE LTD (Sarah Salim)","holder_address":"55 Fogwell Road , Oxford, OX2 9SD","property_count":1}},{"type":"Feature","geometry":{"type":"Point","coordinates":[-5.236143,56.712861]},"properties":{"holder_names":"Xiao Hui Eng","holder_address":"66 Venneit Close , Oxford, OX1 1HY","property_count":1}},{"type":"Feature","geometry":{"type":"Point","coordinates":[-0.426591,51.417397]},"properties":{"holder_names":"Siim Pauklin","holder_address":"8 St. Christophers Place , Oxford, OX4 2HS","property_count":1}},{"type":"Feature","geometry":{"type":"Point","coordinates":[60.048602,54.938642]},"properties":{"holder_names":"abid hussain","holder_address":"164 Fern Hill Road , Oxford, OX4 2JR","property_count":1}},{"type":"Feature","geometry":{"type":"Point","coordinates":[-1.137477,51.400192]},"properties":{"holder_names":"OXFORD ORTHODONTICS LIMITED (Mohamed Sadaf Khan)","holder_address":"95 London Road Headington, Oxford, OX3 9AE","property_count":1}},{"type":"Feature","geometry":{"type":"Point","coordinates":[-1.301104,51.402198]},"properties":{"holder_names":"Ying Liu","holder_address":"87 Courtland Road , Oxford, OX4 4HZ","property_count":1}},{"type":"Feature","geometry":{"type":"Point","coordinates":[-1.227838,51.750182]},"properties":{"holder_names":"Aeron Buchanan","holder_address":"181 Morrell Avenue , Oxford, OX4 1NG","property_count":1}},{"type":"Feature","geometry":{"type":"Point","coordinates":[-0.477615,52.151507]},"properties":{"holder_names":"Graham Jeffers","holder_address":"17 Redwood Close , Oxford, OX4 7US","property_count":1}},{"type":"Feature","geometry":{"type":"Point","coordinates":[-1.228978,51.735221]},"properties":{"holder_names":"Mavis Hackett","holder_address":"199 Campbell Road , Oxford, OX4 3NS","property_count":5}},{"type":"Feature","geometry":{"type":"Point","coordinates":[-1.211144,51.814424]},"properties":{"holder_names":"Lesley Long","holder_address":"Tythefield Noke, Oxford, OX3 9TU","property_count":1}},{"type":"Feature","geometry":{"type":"Point","coordinates":[-0.478887,52.151212]},"properties":{"holder_names":"EXTRA PROPERTIES & LETTINGS LTD (Seeni Riyaldeen)","holder_address":"12 St ebbes\u00a0street, Oxford, Ox1 1pt","property_count":1}},{"type":"Feature","geometry":{"type":"Point","coordinates":[-1.39436,52.692346]},"properties":{"holder_names":"OXFORD LEISURE LIMITED (Oxford Leisure)","holder_address":"6-9 Hythe Bridge Street, oxford, ox1 2ew","property_count":1}},{"type":"Feature","geometry":{"type":"Point","coordinates":[7.102596,50.699772]},"properties":{"holder_names":"Hutton Parker Property Management","holder_address":"41 St Clements, Oxford, OX4 1AG","property_count":1}},{"type":"Feature","geometry":{"type":"Point","coordinates":[68.339014,43.283425]},"properties":{"holder_names":"Hutton Parker Property Management Limited; Hutton Parker Property Management Ltd; Mr Paul McMackin","holder_address":"61 St Clements, Oxford, OX4 1AG","property_count":12}},{"type":"Feature","geometry":{"type":"Point","coordinates":[-1.23105,51.744055]},"properties":{"holder_names":"Mr Fasal Raza","holder_address":"150 Magdalen Road, Oxford, OX4 1RE","property_count":1}},{"type":"Feature","geometry":{"type":"Point","coordinates":[-0.47846,52.151355]},"properties":{"holder_names":"Mrs Amanda Elizabeth Drake-Brockman","holder_address":"15 Westbury Crescent, Oxford, Oxfordshire, OX4 3RZ","property_count":1}},{"type":"Feature","geometry":{"type":"Point","coordinates":[-1.392745,51.40087]},"properties":{"holder_names":"Mr Barnaby Mills","holder_address":"81 James Street, Oxford, Oxfordshire, OX4 1EX","property_count":5}},{"type":"Feature","geometry":{"type":"Point","coordinates":[-0.09249,51.511973]},"properties":{"holder_names":"Doctor Vivien Kay Sieber","holder_address":"66 Staunton Road , Oxford, OX3 7TP","property_count":1}},{"type":"Feature","geometry":{"type":"Point","coordinates":[0.573402,51.36574]},"properties":{"holder_names":"Ms Vivienne Moaven","holder_address":"22 Staunton Road , Headington , Oxford , OX3 7TW","property_count":1}},{"type":"Feature","geometry":{"type":"Point","coordinates":[-1.244137,51.750406]},"properties":{"holder_names":"Mr Mark Crampton Smith","holder_address":"College & County Ltd, 9-10 St. Clements Street, OX4 1AB","property_count":1}},{"type":"Feature","geometry":{"type":"Point","coordinates":[-0.477486,52.151361]},"properties":{"holder_names":"Mr David Ian Lawton","holder_address":"16 Winchester Road , Oxford , OX2 6NA","property_count":1}},{"type":"Feature","geometry":{"type":"Point","coordinates":[-1.269052,51.761862]},"properties":{"holder_names":"Lucy Group Ltd; Mrs Lucy Group Ltd","holder_address":"Eagle Works, Walton Well Road, Oxford, OX2 6EE","property_count":104}},{"type":"Feature","geometry":{"type":"Point","coordinates":[-1.401812,51.400843]},"properties":{"holder_names":"Dr Susanne Greenwood; Mr Thomas George Nealon","holder_address":"80 Old Road, Headington, Oxford, Oxfordshire, OX3 7LP","property_count":3}},{"type":"Feature","geometry":{"type":"Point","coordinates":[1.170733,49.213836]},"properties":{"holder_names":"Finders Keepers; Finders Keepers Shared Letting; Finders Keepers Shared Lettings","holder_address":"27 St Clements, Oxford, OX4 1AB","property_count":14}},{"type":"Feature","geometry":{"type":"Point","coordinates":[-1.269052,51.761862]},"properties":{"holder_names":"Lucy Group Ltd","holder_address":"Eagle Works , Walton Well Road , Oxford, OX2 6EE","property_count":1}},{"type":"Feature","geometry":{"type":"Point","coordinates":[6.7643,51.211817]},"properties":{"holder_names":"Mr Brian Warn","holder_address":"32 St. Leonards Road, Headington, Oxford, OX3 8AB","property_count":2}},{"type":"Feature","geometry":{"type":"Point","coordinates":[-1.321185,51.738856]},"properties":{"holder_names":"Mr Ronald Roy Watts","holder_address":"Bornholme Cottage, Chawley Lane, Cumnor, Oxford, OX2 9PX","property_count":6}},{"type":"Feature","geometry":{"type":"Point","coordinates":[-1.339887,52.852046]},"properties":{"holder_names":"Mr Andrew Paul Bishop","holder_address":"25 Marlborough Court, Duke Street, Oxford, OX2 0QT","property_count":1}},{"type":"Feature","geometry":{"type":"Point","coordinates":[33.442262,49.131697]},"properties":{"holder_names":"Mr Michael Cockman","holder_address":"50 St. Pauls Crescent, Oxford, OX2 9AG","property_count":1}},{"type":"Feature","geometry":{"type":"Point","coordinates":[-0.477338,52.150429]},"properties":{"holder_names":"Prof Peter Bryant","holder_address":"2 Bladon Close, Oxford, OX2 8AD","property_count":1}},{"type":"Feature","geometry":{"type":"Point","coordinates":[-0.352938,51.814955]},"properties":{"holder_names":"Ms Sarah Way","holder_address":"6 Lark Hill, Oxford, OX2 7DR","property_count":3}},{"type":"Feature","geometry":{"type":"Point","coordinates":[0.126263,51.470961]},"properties":{"holder_names":"Prof Alan Grafen","holder_address":"53 Woodstock Road, Oxford , OX2 6HQ","property_count":1}},{"type":"Feature","geometry":{"type":"Point","coordinates":[-1.270528,51.756427]},"properties":{"holder_names":"Mrs Annette White","holder_address":"76 Rewley Road, Oxford , OX1 2RQ","property_count":1}},{"type":"Feature","geometry":{"type":"Point","coordinates":[6.7643,51.211817]},"properties":{"holder_names":"Mrs Sophia Naveed","holder_address":"32 Hollow Way, Cowley, Oxford, Oxfordshire , OX4 2NQ","property_count":2}},{"type":"Feature","geometry":{"type":"Point","coordinates":[1.170733,49.213836]},"properties":{"holder_names":"Finders Keepers Shared Letting","holder_address":"27 St Clements St, Oxford, OX4 1AB","property_count":2}},{"type":"Feature","geometry":{"type":"Point","coordinates":[-1.293159,51.718172]},"properties":{"holder_names":"Mr Stuart Packford","holder_address":"Christow , Bedwells Heath, Boars Hill, Oxford , OX1 5JE","property_count":1}},{"type":"Feature","geometry":{"type":"Point","coordinates":[24.177345,54.350696]},"properties":{"holder_names":"Mr Robert Roy Sturgess","holder_address":"33 Cumnor Hill, Oxford, Oxon, OX2 9EY","property_count":1}},{"type":"Feature","geometry":{"type":"Point","coordinates":[30.153458,59.795655]},"properties":{"holder_names":"Mrs Margot Keen","holder_address":"42 Merrival Square, Oxford, OX2 6QX","property_count":1}},{"type":"Feature","geometry":{"type":"Point","coordinates":[28.002882,-26.093302]},"properties":{"holder_names":"Mrs Wan Tan","holder_address":"102 Ferry Road, Oxford, OX3 0EX","property_count":1}},{"type":"Feature","geometry":{"type":"Point","coordinates":[-0.477486,52.151361]},"properties":{"holder_names":"Mr Christopher Bayne","holder_address":"16 Victor Street, Oxford, OX2 6BT","property_count":1}},{"type":"Feature","geometry":{"type":"Point","coordinates":[-1.26446,51.776231]},"properties":{"holder_names":"Mr Richard Hunt","holder_address":"195 Banbury Road, Oxford, Oxfordshire, OX2 7AR","property_count":3}},{"type":"Feature","geometry":{"type":"Point","coordinates":[1.170733,49.213836]},"properties":{"holder_names":"Finders Keepers Shared Letting","holder_address":"27 St Clements Street, Oxford, OX4 1AB","property_count":6}},{"type":"Feature","geometry":{"type":"Point","coordinates":[-1.277435,51.718329]},"properties":{"holder_names":"Mr Alexander Grell","holder_address":"Foxcombe End, Foxcombe Lane, Boars Hill, Oxford, OX1 5DH","property_count":2}},{"type":"Feature","geometry":{"type":"Point","coordinates":[-1.251973,51.733615]},"properties":{"holder_names":"Mr Benjamin Christopher","holder_address":"102 Wytham Street, Oxford, Oxfordshire, OX1 4TW","property_count":2}},{"type":"Feature","geometry":{"type":"Point","coordinates":[-0.352938,51.814955]},"properties":{"holder_names":"Mr Stefano Formis","holder_address":"6 Brookside, Headington, OX3 7PJ","property_count":1}},{"type":"Feature","geometry":{"type":"Point","coordinates":[-1.274977,51.783739]},"properties":{"holder_names":"Mrs Sandra Crampton Smith","holder_address":"340 Woodstock Road, Oxford , OX2 7NS","property_count":2}},{"type":"Feature","geometry":{"type":"Point","coordinates":[-1.274977,51.783739]},"properties":{"holder_names":"Mrs Sandra Crampton Smith","holder_address":"340 Woodstock Road, Oxford, OX2 7NS","property_count":3}},{"type":"Feature","geometry":{"type":"Point","coordinates":[-1.227884,51.757347]},"properties":{"holder_names":"Mrs Jane Owen","holder_address":"Pullens Gate, Pullens Lane, Oxford , OX3 0BX","property_count":1}},{"type":"Feature","geometry":{"type":"Point","coordinates":[-1.232149,51.728622]},"properties":{"holder_names":"Mr Richard Murray","holder_address":"Hill House, Abberbury Avenue, Oxford, OX4 4EU","property_count":3}},{"type":"Feature","geometry":{"type":"Point","coordinates":[-1.321185,51.738856]},"properties":{"holder_names":"Mr Ronald Roy Watts","holder_address":"Bornholme Cottage , Chawley Lane , Cumnor , Oxford, OX2 9PX","property_count":3}},{"type":"Feature","geometry":{"type":"Point","coordinates":[-1.815598,51.562237]},"properties":{"holder_names":"Mr Masood Khan","holder_address":"23 Bullingdon Road, Oxford, OX4 1QH","property_count":4}},{"type":"Feature","geometry":{"type":"Point","coordinates":[-1.250079,51.720994]},"properties":{"holder_names":"Mr Paul Parslow","holder_address":"167 Bagley Close, Kenington, Oxford , OX1 5LU","property_count":1}},{"type":"Feature","geometry":{"type":"Point","coordinates":[-1.293159,51.718172]},"properties":{"holder_names":"Mr Stuart Packford","holder_address":"Christow, Bedwells Heath, Boars Hill, Oxford , OX1 5JE","property_count":1}},{"type":"Feature","geometry":{"type":"Point","coordinates":[-0.479106,52.151138]},"properties":{"holder_names":"Ms Tania Price","holder_address":"11 West View, Iffley, Oxford, OX4 4EX","property_count":1}},{"type":"Feature","geometry":{"type":"Point","coordinates":[-5.237539,56.712067]},"properties":{"holder_names":"Mrs Sarah Gadsden","holder_address":"73 Bainton Road, Oxford, OX2 7AG","property_count":1}},{"type":"Feature","geometry":{"type":"Point","coordinates":[-0.674906,51.482575]},"properties":{"holder_names":"Mr Nicholas John Warry","holder_address":"54 St Clements , Oxford, OX4 1AG","property_count":1}},{"type":"Feature","geometry":{"type":"Point","coordinates":[-1.537529,53.588069]},"properties":{"holder_names":"Mr Miles Chetwynd- Stapylton","holder_address":"38 Minster Road, Oxford, OX4 1LY","property_count":1}},{"type":"Feature","geometry":{"type":"Point","coordinates":[-5.237539,56.712067]},"properties":{"holder_names":"Ms Sarah Gadsden","holder_address":"73 Bainton Road , Oxford , OX2 7AG","property_count":1}},{"type":"Feature","geometry":{"type":"Point","coordinates":[24.177345,54.350696]},"properties":{"holder_names":"Mr Robert Roy Sturgess","holder_address":"33 Cumnor Hill, Oxford, OX2 9EY","property_count":2}},{"type":"Feature","geometry":{"type":"Point","coordinates":[-0.352938,51.814955]},"properties":{"holder_names":"Mr Christopher Lavy","holder_address":"6 Brindley Close, Oxford , OX2 6XN","property_count":1}},{"type":"Feature","geometry":{"type":"Point","coordinates":[-1.815598,51.562237]},"properties":{"holder_names":"Mr Masood Khan","holder_address":"23 Bullingdon Road , Cowley, Oxford, OX4 1QH","property_count":1}},{"type":"Feature","geometry":{"type":"Point","coordinates":[3.881323,43.974931]},"properties":{"holder_names":"Mrs Sarah Beryl Melisande Bell","holder_address":"30 Union Street , Oxford , OX4 1JP","property_count":1}},{"type":"Feature","geometry":{"type":"Point","coordinates":[-1.254723,51.765929]},"properties":{"holder_names":"Mrs Ramnique Lall","holder_address":"9 Rawlinson Road , Oxford , Oxfordshire , OX2 6UE","property_count":1}},{"type":"Feature","geometry":{"type":"Point","coordinates":[0.180868,51.870642]},"properties":{"holder_names":"Mr Stephen Jennings","holder_address":"13 Horwood Close , Headington , Oxford , OX3 7RF","property_count":1}},{"type":"Feature","geometry":{"type":"Point","coordinates":[-1.211144,51.814424]},"properties":{"holder_names":"Mr Peter Long","holder_address":"Tythefield, Noke, Oxon , OX3 9TU","property_count":1}},{"type":"Feature","geometry":{"type":"Point","coordinates":[-0.352938,51.814955]},"properties":{"holder_names":"Mr Philip James Williams","holder_address":"6 Brambling Way, Oxford, Oxfordshire, OX4 6EQ","property_count":1}},{"type":"Feature","geometry":{"type":"Point","coordinates":[-1.254723,51.765929]},"properties":{"holder_names":"Mrs Ramnique Lall","holder_address":"9 Rawlinson Road, Oxford, Oxfordshire, OX2 6UE","property_count":4}},{"type":"Feature","geometry":{"type":"Point","coordinates":[7.102596,50.699772]},"properties":{"holder_names":"Miss Constantina Isidoros","holder_address":"41 Cardigan Street, Oxford, Oxfordshire, OX2 6BS","property_count":1}},{"type":"Feature","geometry":{"type":"Point","coordinates":[-0.679788,51.481023]},"properties":{"holder_names":"Mr Richard James Way","holder_address":"52 Elizabeth Jennings Way, Oxford, Oxfordshire, OX2 7BN","property_count":2}},{"type":"Feature","geometry":{"type":"Point","coordinates":[-0.477615,52.151507]},"properties":{"holder_names":"Mrs Claire Angela Cogswell Lewis","holder_address":"17 Quarry Road, Headington, Oxford, OX3 8NT","property_count":1}},{"type":"Feature","geometry":{"type":"Point","coordinates":[-1.339887,52.852046]},"properties":{"holder_names":"Mr Ian Robertson","holder_address":"25 Glebelands, Headington, OX3 7EN","property_count":1}},{"type":"Feature","geometry":{"type":"Point","coordinates":[-1.269052,51.761862]},"properties":{"holder_names":"Lucy Group Ltd","holder_address":"Eagle Works , Walton Well Road, Oxford, OX2 6EE","property_count":3}},{"type":"Feature","geometry":{"type":"Point","coordinates":[-1.26446,51.776231]},"properties":{"holder_names":"Mr Richard Hunt","holder_address":"195 Banbury Road, Oxford, OX2 7AR","property_count":3}},{"type":"Feature","geometry":{"type":"Point","coordinates":[-1.293159,51.718172]},"properties":{"holder_names":"Mr Stuart Packford","holder_address":"Christow, Bedwells Heath, Boars Hill, Oxford, OX1 5JE","property_count":1}},{"type":"Feature","geometry":{"type":"Point","coordinates":[-0.674906,51.482575]},"properties":{"holder_names":"Mr Nicholas John Warry","holder_address":"54 St Clements Street, Oxford, OX4 1AG","property_count":1}},{"type":"Feature","geometry":{"type":"Point","coordinates":[-1.271557,51.791607]},"properties":{"holder_names":"Dr Yousaf Amir Malik","holder_address":"534 Banbury Road, Oxford, Oxfordshire, OX2 8EG","property_count":2}},{"type":"Feature","geometry":{"type":"Point","coordinates":[-1.13582,52.956435]},"properties":{"holder_names":"Mr Zhi Xin Li","holder_address":"10 McCabe Place, Oxford, Oxfordshire, OX3 0LQ","property_count":1}},{"type":"Feature","geometry":{"type":"Point","coordinates":[24.177345,54.350696]},"properties":{"holder_names":"Mr Robert Roy Sturgess","holder_address":"33 Cumnor Hill , Oxford , OX2 9EY","property_count":2}},{"type":"Feature","geometry":{"type":"Point","coordinates":[45.684899,35.323716]},"properties":{"holder_names":"Mrs Kalawati (Kay) Hare","holder_address":"103 Cumnor Hill, Oxford, OX2 9JR","property_count":3}},{"type":"Feature","geometry":{"type":"Point","coordinates":[-1.229205,51.762048]},"properties":{"holder_names":"Mr Mubashir Ahmed","holder_address":"The Haveli, Harberton Mead, Oxford, OX3 0DB","property_count":1}},{"type":"Feature","geometry":{"type":"Point","coordinates":[-1.401812,51.400843]},"properties":{"holder_names":"Mr Simon Martin Dawson-Haigh","holder_address":"80 Cumnor Hill, Oxford, OX2 9HU","property_count":1}},{"type":"Feature","geometry":{"type":"Point","coordinates":[-1.301344,51.715826]},"properties":{"holder_names":"Mrs Frances Moy Hawxwell","holder_address":"Farleigh, Orchard Lane, Boars Hill, Oxford, OX2 7QG","property_count":1}},{"type":"Feature","geometry":{"type":"Point","coordinates":[-1.318454,51.386206]},"properties":{"holder_names":"Mr Jeff Bethray","holder_address":"7 Tackley Place , Oxford, OX2 6RR","property_count":1}},{"type":"Feature","geometry":{"type":"Point","coordinates":[-0.944201,51.457182]},"properties":{"holder_names":"Ms Fatima Alcantara","holder_address":"59 Bedford Street, Oxford, Oxfordshire, OX4 1SU","property_count":1}},{"type":"Feature","geometry":{"type":"Point","coordinates":[-3.18266,51.660093]},"properties":{"holder_names":"Mr Abdul Shorkar","holder_address":"24 Reliance Way, Oxford, OX4 2FU, Oxfordshire, OX4 2FU","property_count":1}},{"type":"Feature","geometry":{"type":"Point","coordinates":[-0.944201,51.457182]},"properties":{"holder_names":"Mr Simon Walshaw","holder_address":"59 Western Road , Oxford , OX1 4LF","property_count":2}},{"type":"Feature","geometry":{"type":"Point","coordinates":[13.111386,45.665982]},"properties":{"holder_names":"Mr Alan Webb","holder_address":"36 Fairacres Road, Iffley Fields , Oxford, OX4 1TF","property_count":1}},{"type":"Feature","geometry":{"type":"Point","coordinates":[-1.223762,51.762194]},"properties":{"holder_names":"Mr Saeed Akhtar","holder_address":"133 Headley Way, Oxford, Oxfordshire, OX3 7SS","property_count":6}},{"type":"Feature","geometry":{"type":"Point","coordinates":[-0.426626,51.417531]},"properties":{"holder_names":"Mr Mark James Bell","holder_address":"9 Burdell Avenue , Sandhills, Oxford, OX3 8EE","property_count":1}},{"type":"Feature","geometry":{"type":"Point","coordinates":[-3.18266,51.660093]},"properties":{"holder_names":"Mr Raymond James Bell","holder_address":"24 Latimer Road , Headington , Oxford, OX3 7PF","property_count":2}},{"type":"Feature","geometry":{"type":"Point","coordinates":[-3.18266,51.660093]},"properties":{"holder_names":"Mr Raymond James Bell","holder_address":"24 Latimer Road, Oxford, Oxfordshire, OX3 7PF","property_count":1}},{"type":"Feature","geometry":{"type":"Point","coordinates":[-1.269132,51.761972]},"properties":{"holder_names":"Lucy Group Ltd","holder_address":"Walton Well Road, Oxford, OX2 6EE","property_count":6}},{"type":"Feature","geometry":{"type":"Point","coordinates":[-1.268855,51.761812]},"properties":{"holder_names":"Lucy Group Ltd","holder_address":"Eagle Works, Walon Well Road, Oxford, OX2 6EE","property_count":1}},{"type":"Feature","geometry":{"type":"Point","coordinates":[-1.264247,51.723515]},"properties":{"holder_names":"Dr Mark Hinnells; Oak Tree Holdings Ltd","holder_address":"Iona, Badger Lane, Oxford, OX1 5BL","property_count":3}},{"type":"Feature","geometry":{"type":"Point","coordinates":[-3.18266,51.660093]},"properties":{"holder_names":"Mrs Nima Mason","holder_address":"24 York Road, Oxford, Oxfordshire, OX3 8NW","property_count":2}},{"type":"Feature","geometry":{"type":"Point","coordinates":[-3.18266,51.660093]},"properties":{"holder_names":"Mrs Nima Mason","holder_address":"24 York Road, Headington, Oxford, OX3 8NW","property_count":2}},{"type":"Feature","geometry":{"type":"Point","coordinates":[-0.352938,51.814955]},"properties":{"holder_names":"Dr Stefano Formis","holder_address":"6 Brookside , Headington , Oxford, OX3 7PJ","property_count":1}},{"type":"Feature","geometry":{"type":"Point","coordinates":[-0.477486,52.151361]},"properties":{"holder_names":"Mr John Amantrading","holder_address":"16 Vandiemans Lane , Oxford, OX4 3QD","property_count":1}},{"type":"Feature","geometry":{"type":"Point","coordinates":[-1.270528,51.756427]},"properties":{"holder_names":"Mrs Annette White","holder_address":"76 Rewley Road, Oxford, Oxfordshire, OX1 2RQ","property_count":1}},{"type":"Feature","geometry":{"type":"Point","coordinates":[44.005361,36.206077]},"properties":{"holder_names":"Ms Jane Alexander","holder_address":"43 Dene Road , Headington, Oxford, OX3 7EF","property_count":1}},{"type":"Feature","geometry":{"type":"Point","coordinates":[-0.426591,51.417397]},"properties":{"holder_names":"Mr David Kingsland","holder_address":"8 Fairlie Road, Oxford, Oxfordshire, OX4 3SW","property_count":1}},{"type":"Feature","geometry":{"type":"Point","coordinates":[-1.401812,51.400843]},"properties":{"holder_names":"Dr Susanne Greenwood","holder_address":"80 Old Road , Headington , Oxford, OX3 7LP","property_count":1}},{"type":"Feature","geometry":{"type":"Point","coordinates":[-3.18266,51.660093]},"properties":{"holder_names":"Mr Afsaruddin Hasib","holder_address":"24 Aldrich Road, Oxford, Oxfordshire, OX2 7SU","property_count":1}},{"type":"Feature","geometry":{"type":"Point","coordinates":[-0.47783,52.151799]},"properties":{"holder_names":"Mr Colin Francis Gay; Mr Colin Gay","holder_address":"19 Upland Park Road, Oxford, Oxfordshire, OX2 7RU","property_count":3}},{"type":"Feature","geometry":{"type":"Point","coordinates":[-1.229205,51.762048]},"properties":{"holder_names":"Mr Mubashir Ahmed","holder_address":"The Haveli , 10B Harberton Mead , Oxford, OX3 0DB","property_count":1}},{"type":"Feature","geometry":{"type":"Point","coordinates":[125.616506,7.072482]},"properties":{"holder_names":"Ms Sheila Kathleen Lloyd Lyons","holder_address":"28 Crescent Road, Oxford, Oxfordshire, OX4 2PB","property_count":1}},{"type":"Feature","geometry":{"type":"Point","coordinates":[-0.352938,51.814955]},"properties":{"holder_names":"Mr Stefano Formis","holder_address":"6 Brookside , Headington , Oxford , OX3 7PJ","property_count":1}},{"type":"Feature","geometry":{"type":"Point","coordinates":[-1.271557,51.791607]},"properties":{"holder_names":"Dr Yousaf Amir Malik","holder_address":"534 Banbury Road , Oxford , OX2 8EG","property_count":1}},{"type":"Feature","geometry":{"type":"Point","coordinates":[6.7643,51.211817]},"properties":{"holder_names":"Mr Shinder Pal Singh","holder_address":"3 Cotswold Crescent, Marston, Oxford, OX3 0SG","property_count":2}},{"type":"Feature","geometry":{"type":"Point","coordinates":[-3.18266,51.660093]},"properties":{"holder_names":"Mr Raymond James Bell","holder_address":"24 Latimer Road , Headington , Oxford , OX3 7PF","property_count":2}},{"type":"Feature","geometry":{"type":"Point","coordinates":[-72.29001,43.700839]},"properties":{"holder_names":"Dr Radu Mihai","holder_address":"204 Iffley Road, Oxford, Oxfordshire, OX4 1SD","property_count":1}},{"type":"Feature","geometry":{"type":"Point","coordinates":[-1.318454,51.386206]},"properties":{"holder_names":"Mr Jeffrey Ernest Bethray","holder_address":"7 Tackley Place, Oxford, Oxfordshire, OX2 6RR","property_count":1}},{"type":"Feature","geometry":{"type":"Point","coordinates":[-1.548121,51.410989]},"properties":{"holder_names":"Mrs Zahra Akkerhuys; Mrs Zahra Trudi Akkerhuys","holder_address":"71 Percy Street, Oxford, Oxfordshire, OX4 3AD","property_count":3}},{"type":"Feature","geometry":{"type":"Point","coordinates":[-1.26453,51.758552]},"properties":{"holder_names":"Ms Mandy Cherry","holder_address":"Oxford University Press, Great Clarendon Street, Oxford, OX2 6DP","property_count":1}},{"type":"Feature","geometry":{"type":"Point","coordinates":[-1.26666,51.780742]},"properties":{"holder_names":"Mr Thomas Bright","holder_address":"Cranbrook House, 287 - 291 Banbury Road, Oxford, Oxfordshire, OX2 7JQ","property_count":1}},{"type":"Feature","geometry":{"type":"Point","coordinates":[-1.269899,51.761659]},"properties":{"holder_names":"Prof David Paul Taggart","holder_address":"Flat 44 Furnace House , Walton Well Road, Oxford, OX2 6GF","property_count":1}},{"type":"Feature","geometry":{"type":"Point","coordinates":[-1.218678,51.736735]},"properties":{"holder_names":"Mr Shesnath Lal","holder_address":"3A Littlehay Road, Cowley, Oxford, OX4 3EG","property_count":2}},{"type":"Feature","geometry":{"type":"Point","coordinates":[-0.477338,52.150429]},"properties":{"holder_names":"Mrs Sarah Frances Franklin","holder_address":"2 Crown Street , Oxford, OX4 1QG","property_count":1}},{"type":"Feature","geometry":{"type":"Point","coordinates":[-0.426626,51.417531]},"properties":{"holder_names":"College And County Ltd; The Manager","holder_address":"9-10 St. Clements Street, Oxford, OX4 1AB","property_count":2}},{"type":"Feature","geometry":{"type":"Point","coordinates":[-1.267161,51.771672]},"properties":{"holder_names":"Mr Tom Crampton Smith","holder_address":"209 Woodstock Road, Oxford, Oxfordshire, OX2 7AB","property_count":1}},{"type":"Feature","geometry":{"type":"Point","coordinates":[0.180868,51.870642]},"properties":{"holder_names":"Mr Peter Sidgwick","holder_address":"13 Stratford St, Oxford , OX4 1SP","property_count":1}},{"type":"Feature","geometry":{"type":"Point","coordinates":[33.442262,49.131697]},"properties":{"holder_names":"Mr Michael Cockman","holder_address":"50 St Paul's Crescent, Oxford, OX2 9AG","property_count":1}},{"type":"Feature","geometry":{"type":"Point","coordinates":[-1.252647,51.731303]},"properties":{"holder_names":"Mrs Beryl Pearce","holder_address":"Oxford, Oxfordshire, OX1 4TN","property_count":1}},{"type":"Feature","geometry":{"type":"Point","coordinates":[-1.834693,51.573859]},"properties":{"holder_names":"Mr Roderick Duncan Carnegie","holder_address":"5 Longworth Road, Oxford, Oxfordshire, OX2 6RA","property_count":1}},{"type":"Feature","geometry":{"type":"Point","coordinates":[-1.268817,51.761815]},"properties":{"holder_names":"Lucy Group Ltd","holder_address":"Lucy Group Ltd, Walton Well Road, Oxford, OX2 6EE","property_count":1}},{"type":"Feature","geometry":{"type":"Point","coordinates":[-1.441281,52.395695]},"properties":{"holder_names":"Dr Sung Hee Kim Earm; Dr Sung Hee Kim- Earm","holder_address":"4 Dover Close , Oxford , OX2 9FN","property_count":2}},{"type":"Feature","geometry":{"type":"Point","coordinates":[-1.216126,51.76563]},"properties":{"holder_names":"Mr Julian Lawton Smith","holder_address":"Ebor Dunstan Road, Old Headington, Oxford, OX3 9BY","property_count":1}},{"type":"Feature","geometry":{"type":"Point","coordinates":[103.905003,52.59341]},"properties":{"holder_names":"Mr Ralph Dennison","holder_address":"49 Church Lane, Old Marston, Oxford, Oxfordshire, OX3 0PT","property_count":1}},{"type":"Feature","geometry":{"type":"Point","coordinates":[-1.339887,52.852046]},"properties":{"holder_names":"Mr Geoffrey Robin Jackson","holder_address":"25 St Leonard's Road, Oxford, Oxfordshire, OX3 8AD","property_count":1}},{"type":"Feature","geometry":{"type":"Point","coordinates":[-0.479106,52.151138]},"properties":{"holder_names":"Mr Gregory Patrick Lorne Thomas","holder_address":"11 Fitzherbert Close, Iffley, Oxford, OX4 4EN","property_count":1}},{"type":"Feature","geometry":{"type":"Point","coordinates":[6.7643,51.211817]},"properties":{"holder_names":"Mr Shinder Pal Singh","holder_address":"3 Cotswold Crescent , Marston , Oxford, OX3 0SG","property_count":2}},{"type":"Feature","geometry":{"type":"Point","coordinates":[-1.226767,51.750279]},"properties":{"holder_names":"Mr Peter Edward Rooke","holder_address":"197 Morrell Avenue, Oxford, OX4 1NF","property_count":1}},{"type":"Feature","geometry":{"type":"Point","coordinates":[-0.931568,51.461421]},"properties":{"holder_names":"Penny And Sinclair Ltd","holder_address":"1-4 The Plain, Oxford, OX4 1AS","property_count":2}},{"type":"Feature","geometry":{"type":"Point","coordinates":[-0.679788,51.481023]},"properties":{"holder_names":"Mr Richard James Way","holder_address":"52 Elizabeth Jennings Way, Oxford,, OX2 7BN","property_count":2}},{"type":"Feature","geometry":{"type":"Point","coordinates":[15.970028,45.79777]},"properties":{"holder_names":"Mrs Irina Chembartseva","holder_address":"21 Bears Hedge, Oxford, OX4 4JJ","property_count":2}},{"type":"Feature","geometry":{"type":"Point","coordinates":[-1.252098,51.752577]},"properties":{"holder_names":"University College Oxford","holder_address":"The Master Of Fellows, University College , High Street, Oxford, OX1 4BH","property_count":1}},{"type":"Feature","geometry":{"type":"Point","coordinates":[-1.229205,51.762048]},"properties":{"holder_names":"Mr Mubashir Ahmed","holder_address":"The Haveli , Harberton Mead, Oxford, OX3 0DB","property_count":1}},{"type":"Feature","geometry":{"type":"Point","coordinates":[-1.318454,51.386206]},"properties":{"holder_names":"Mrs Judy Anne Crompton","holder_address":"7 Princes Street, Oxford, Oxfordshire, OX4 1DD","property_count":1}},{"type":"Feature","geometry":{"type":"Point","coordinates":[-1.313658,51.742931]},"properties":{"holder_names":"Mr Marcus Robert Ronayne Ramirez","holder_address":"All Seasons, 16A Hids Copse Road, Oxford, OX2 9JJ","property_count":2}},{"type":"Feature","geometry":{"type":"Point","coordinates":[-0.426626,51.417531]},"properties":{"holder_names":"Mr Sukhdev Singh","holder_address":"9 Ambleside Drive, Headington, Oxford, OX3 0AG","property_count":1}},{"type":"Feature","geometry":{"type":"Point","coordinates":[-1.256584,51.746058]},"properties":{"holder_names":"Mr Orde Levinson","holder_address":"Flat 6, Caudwells Castle, 5 Folly Bridge, OXFORD, OX1 4LB","property_count":1}},{"type":"Feature","geometry":{"type":"Point","coordinates":[-1.441281,52.395695]},"properties":{"holder_names":"Mr Mark Armitage","holder_address":"4 Feilden Grove, Oxford, Oxfordshire, OX3 0DU","property_count":1}},{"type":"Feature","geometry":{"type":"Point","coordinates":[-1.229205,51.762048]},"properties":{"holder_names":"Mr Mubashir Ahmed","holder_address":"The Haveli , 10B Harberton Mead, Oxford , OX3 0DB","property_count":1}},{"type":"Feature","geometry":{"type":"Point","coordinates":[-0.478671,52.151284]},"properties":{"holder_names":"Miss Annabel Jane Louise Heywood","holder_address":"14 Trinity Street, Oxford, Oxfordshire, OX1 1TN","property_count":2}},{"type":"Feature","geometry":{"type":"Point","coordinates":[-0.478887,52.151212]},"properties":{"holder_names":"Mrs Nasreen Majeed","holder_address":"12 Beechey Avenue, Oxford, Oxfordshire, OX3 0JU","property_count":1}},{"type":"Feature","geometry":{"type":"Point","coordinates":[-1.269052,51.761862]},"properties":{"holder_names":"Ms Lucy Group Ltd Group Ltd","holder_address":"Eagle Works , Walton Well Road , Oxford , OX2 6EE","property_count":1}},{"type":"Feature","geometry":{"type":"Point","coordinates":[-1.225197,51.710762]},"properties":{"holder_names":"Mr Warren Allen","holder_address":"Kyalami, 48 Henley Road, Sandford On Thames, Oxford, OX4 4YP","property_count":1}},{"type":"Feature","geometry":{"type":"Point","coordinates":[-0.352938,51.814955]},"properties":{"holder_names":"Mr Farooq Ahmed Ghulam; Mr Farooq Ghulam","holder_address":"6 Staunton Road, Oxford, Oxfordshire, OX3 7TW","property_count":3}},{"type":"Feature","geometry":{"type":"Point","coordinates":[-1.293159,51.718172]},"properties":{"holder_names":"Mr Stuart Charles Packford","holder_address":"Christow Bedwells Heath , Boars Hill , Oxford , OX1 5JE","property_count":1}},{"type":"Feature","geometry":{"type":"Point","coordinates":[-1.287979,51.7392]},"properties":{"holder_names":"Mr Michael Charles Wilson Geekie","holder_address":"Braeriach, Grosvenor Road, Oxford, OX2 9AX","property_count":1}},{"type":"Feature","geometry":{"type":"Point","coordinates":[-0.352938,51.814955]},"properties":{"holder_names":"Mr Antony Edwin St John Brett","holder_address":"6 Reliance Way, Oxford, Oxfordshire, OX4 2FU","property_count":1}},{"type":"Feature","geometry":{"type":"Point","coordinates":[-1.209267,51.758608]},"properties":{"holder_names":"Mr Bryan Quarterman","holder_address":"Home Quarters, 81 St Leonard's Road, Oxford, OX3 8AD","property_count":2}},{"type":"Feature","geometry":{"type":"Point","coordinates":[-1.254754,51.765913]},"properties":{"holder_names":"Mr Steven Harris","holder_address":"8 Charlbury Road, Oxford, Oxfordshire, OX2 6UT","property_count":1}},{"type":"Feature","geometry":{"type":"Point","coordinates":[-0.478671,52.151284]},"properties":{"holder_names":"Mr Edward Bell","holder_address":"14 Minster Road, Oxford, Oxfordshire, OX4 1LX","property_count":1}},{"type":"Feature","geometry":{"type":"Point","coordinates":[-1.211144,51.814424]},"properties":{"holder_names":"Mr Peter Long","holder_address":"Tythefield, Noke, OX3 9TU","property_count":1}},{"type":"Feature","geometry":{"type":"Point","coordinates":[6.7643,51.211817]},"properties":{"holder_names":"Mr Shinder Pal Singh; Mr Simran Pal Singh Gill","holder_address":"3 Cotswold Crescent, Oxford, Oxfordshire, OX3 0SG","property_count":4}},{"type":"Feature","geometry":{"type":"Point","coordinates":[-1.20121,51.733406]},"properties":{"holder_names":"Mrs Jacintha Woods","holder_address":"160 Fern Hill Road , Oxford , OX4 2JR","property_count":1}},{"type":"Feature","geometry":{"type":"Point","coordinates":[-0.640755,51.731905]},"properties":{"holder_names":"Mr Warren Allen","holder_address":"48 Henley Road, Sandford-on-Thames, OXFORD, OX4 4YP","property_count":1}},{"type":"Feature","geometry":{"type":"Point","coordinates":[-1.299562,51.714816]},"properties":{"holder_names":"Mrs Frances Moy Hawxwell","holder_address":"Farleigh , Orchard Lane , Old Boars Hill , Oxford , OX1 5JH","property_count":1}},{"type":"Feature","geometry":{"type":"Point","coordinates":[-1.293916,51.742489]},"properties":{"holder_names":"Mr Harold Grant","holder_address":"Summerhill House , Yarnells Hill , Oxfordshire , OX2 9BG","property_count":1}},{"type":"Feature","geometry":{"type":"Point","coordinates":[-1.198853,51.753442]},"properties":{"holder_names":"Keere Khar Ltd","holder_address":"Conway House, Old Road, Shotover Hill, Oxford, OX3 8SZ","property_count":2}},{"type":"Feature","geometry":{"type":"Point","coordinates":[-1.26446,51.776231]},"properties":{"holder_names":"Mr Richard Anthony Hunt","holder_address":"195 Banbury Road, Oxford , OX2 7AR","property_count":1}},{"type":"Feature","geometry":{"type":"Point","coordinates":[-1.834693,51.573859]},"properties":{"holder_names":"Mrs Khair-Un Nisa","holder_address":"5 John Buchan Road, Oxford, OX3 9QN","property_count":1}},{"type":"Feature","geometry":{"type":"Point","coordinates":[6.7643,51.211817]},"properties":{"holder_names":"Mr Shinder Pal Singh","holder_address":"3 Cotswold Crescent, Marston, Oxford, Oxfordshire, OX3 0SG","property_count":1}},{"type":"Feature","geometry":{"type":"Point","coordinates":[-0.352938,51.814955]},"properties":{"holder_names":"Mr Mehboob Khan","holder_address":"6 Lytton Road, Oxford, Oxfordshire, OX4 3PB","property_count":1}},{"type":"Feature","geometry":{"type":"Point","coordinates":[103.905003,52.59341]},"properties":{"holder_names":"Mr Ralph Mark Dennison","holder_address":"49 Church Lane , Old Marston , Oxford , OX3 0PT","property_count":1}},{"type":"Feature","geometry":{"type":"Point","coordinates":[3.871821,43.840858]},"properties":{"holder_names":"Mrs Moira Joyce Dorey","holder_address":"34 Elizabeth Jennings Way, Oxford , OX2 7BN","property_count":1}},{"type":"Feature","geometry":{"type":"Point","coordinates":[-79.027688,-8.116178]},"properties":{"holder_names":"Mrs Robinah Babirye","holder_address":"1A Northfield Road, Headington, Oxford, OX3 9EW","property_count":1}},{"type":"Feature","geometry":{"type":"Point","coordinates":[-2.29415,53.782902]},"properties":{"holder_names":"Mrs Elizabeth Dunmore","holder_address":"65 Jack Straw's Lane, Oxford, Oxfordshire, OX3 0DW","property_count":1}},{"type":"Feature","geometry":{"type":"Point","coordinates":[-0.426591,51.417397]},"properties":{"holder_names":"Mr Richard Wormell","holder_address":"8 Mill Lane, Iffley, Oxford, OX4 4EJ","property_count":2}},{"type":"Feature","geometry":{"type":"Point","coordinates":[-1.259717,51.766041]},"properties":{"holder_names":"Mr Martin Keown","holder_address":"8 Park Town, Oxford , OX2 GSH","property_count":1}},{"type":"Feature","geometry":{"type":"Point","coordinates":[-1.834693,51.573859]},"properties":{"holder_names":"Mrs Susan Grundy","holder_address":"5 Glanville Road, Oxford, Oxfordshire, OX4 2DB","property_count":1}},{"type":"Feature","geometry":{"type":"Point","coordinates":[-3.020432,51.64465]},"properties":{"holder_names":"Mr Michael Geoffrey Mowat","holder_address":"20 Lincoln Road, Oxford, Oxfordshire, OX1 4TB","property_count":1}},{"type":"Feature","geometry":{"type":"Point","coordinates":[1.170733,49.213836]},"properties":{"holder_names":"Finders Keepers Shared Letting","holder_address":"27 St Clements, Oxford , OX4 1AB","property_count":2}},{"type":"Feature","geometry":{"type":"Point","coordinates":[9.309379,54.965648]},"properties":{"holder_names":"Mrs Marjan Salimian","holder_address":"83 Stone Meadow , Oxford , OX2 6TD","property_count":1}},{"type":"Feature","geometry":{"type":"Point","coordinates":[0.472293,51.733465]},"properties":{"holder_names":"Mr Clive Jenkins","holder_address":"39 Kennett Road, Oxford, Oxfordshire, OX3 7BH","property_count":1}},{"type":"Feature","geometry":{"type":"Point","coordinates":[139.536566,36.246112]},"properties":{"holder_names":"Mr Nithiyanantham Subramanian","holder_address":"57 Oliver Road, Oxford, Oxfordshire, OX4 2JQ","property_count":1}},{"type":"Feature","geometry":{"type":"Point","coordinates":[-0.640755,51.731905]},"properties":{"holder_names":"Mrs Rose Florence Citroen Hanshaw","holder_address":"48 Bagley Wood Road, Oxford, OX1 5LY","property_count":2}},{"type":"Feature","geometry":{"type":"Point","coordinates":[-1.187948,51.766981]},"properties":{"holder_names":"Mr Samuel Suraj","holder_address":"Bayswater Farm House, Bayswater Farm Road, Oxford, OX3 8BY","property_count":3}},{"type":"Feature","geometry":{"type":"Point","coordinates":[-5.237539,56.712067]},"properties":{"holder_names":"Miss Corina Harris","holder_address":"73 Banbury Road, Oxford, OX2 6PE","property_count":1}},{"type":"Feature","geometry":{"type":"Point","coordinates":[-1.261369,51.759704]},"properties":{"holder_names":"Mr Andrew Parker","holder_address":"Treasurer And Domestic Bursar, Somerville College, Woodstock Road, Oxford, OX2 6HD","property_count":1}},{"type":"Feature","geometry":{"type":"Point","coordinates":[13.111386,45.665982]},"properties":{"holder_names":"Mr Shajaat Hussain","holder_address":"36 The Grates, Oxford, Oxfordshire, OX4 3LJ","property_count":3}},{"type":"Feature","geometry":{"type":"Point","coordinates":[-0.931568,51.461421]},"properties":{"holder_names":"Mr Patrick Joseph Heritage","holder_address":"1 Dene Road, Oxford, Oxfordshire, OX3 7EF","property_count":1}},{"type":"Feature","geometry":{"type":"Point","coordinates":[-1.236114,51.747432]},"properties":{"holder_names":"Mr Abdul Shorkar","holder_address":"158A Cowley Road , Oxford, OX4 1UE","property_count":1}},{"type":"Feature","geometry":{"type":"Point","coordinates":[-1.187948,51.766981]},"properties":{"holder_names":"Mr Samuel Suraj","holder_address":"Bayswater Farm House , Bayswater Farm Road, OX3 8BY","property_count":1}},{"type":"Feature","geometry":{"type":"Point","coordinates":[-1.232347,51.733781]},"properties":{"holder_names":"Mr Kenneth Macmillan","holder_address":"Turn House, 5 Iffley Turn , Oxford , OX4 4DU","property_count":1}},{"type":"Feature","geometry":{"type":"Point","coordinates":[-0.426591,51.417397]},"properties":{"holder_names":"Mr Khalid Omer","holder_address":"8 Lewin Close , Cowley , Oxford, OX4 3JL","property_count":1}},{"type":"Feature","geometry":{"type":"Point","coordinates":[0.180868,51.870642]},"properties":{"holder_names":"Mrs Nirmala Shori","holder_address":"13 Turnpike Road, Oxford, OX2 9JQ","property_count":1}},{"type":"Feature","geometry":{"type":"Point","coordinates":[121.033583,14.590482]},"properties":{"holder_names":"Mr Sujaad Ahmed","holder_address":"141 Merewood Avenue, Oxford, OX3 8EQ","property_count":2}},{"type":"Feature","geometry":{"type":"Point","coordinates":[-0.679788,51.481023]},"properties":{"holder_names":"Mr Richard James Way","holder_address":"52 Elizabeth Jennings Way, Oxford, OX2 7BN","property_count":1}},{"type":"Feature","geometry":{"type":"Point","coordinates":[28.22433,61.055625]},"properties":{"holder_names":"190 Iffley Road Limited","holder_address":"31 Beaumont Street, Oxford, OX1 2NP","property_count":1}},{"type":"Feature","geometry":{"type":"Point","coordinates":[-0.478887,52.151212]},"properties":{"holder_names":"Mr Anthony Binnington","holder_address":"12 Warneford Road, Oxford, Oxfordshire, OX4 1LU","property_count":3}},{"type":"Feature","geometry":{"type":"Point","coordinates":[-1.548121,51.410989]},"properties":{"holder_names":"Mr John Darshan","holder_address":"71 Boswell Road, Cowley, Oxford, OX4 3HP","property_count":1}},{"type":"Feature","geometry":{"type":"Point","coordinates":[-1.225197,51.710762]},"properties":{"holder_names":"Mr Warren Allen","holder_address":"Kyalami, 48 Henley Road, Sandford-on-Thames, OX4 4YP","property_count":1}},{"type":"Feature","geometry":{"type":"Point","coordinates":[33.442262,49.131697]},"properties":{"holder_names":"Dr Robert Conway","holder_address":"50 Dene Road, Oxford, Oxfordshire, OX3 7EE","property_count":1}},{"type":"Feature","geometry":{"type":"Point","coordinates":[-0.931568,51.461421]},"properties":{"holder_names":"Mrs Felicity Steadman","holder_address":"1 Stone Street, Oxford, Oxfordshire, OX4 1NH","property_count":1}},{"type":"Feature","geometry":{"type":"Point","coordinates":[-1.237595,51.773118]},"properties":{"holder_names":"Ms Gina Carver","holder_address":"Willow Barn, Oxford Road, Old Marston, Oxford, OX3 0PQ","property_count":1}},{"type":"Feature","geometry":{"type":"Point","coordinates":[-5.237539,56.712067]},"properties":{"holder_names":"Mrs Sarah Gadsden","holder_address":"73 Bainton Road, Oxford , OX2 7AG","property_count":1}},{"type":"Feature","geometry":{"type":"Point","coordinates":[-1.271557,51.791607]},"properties":{"holder_names":"Dr Yousaf Amir Malik","holder_address":"534 Banbury Road, Oxford, OX2 8EG","property_count":1}},{"type":"Feature","geometry":{"type":"Point","coordinates":[-1.225197,51.710762]},"properties":{"holder_names":"Mr Warren Allen","holder_address":"Kyalami, 48 Henley Road, Sandford, OX4 4YP","property_count":1}},{"type":"Feature","geometry":{"type":"Point","coordinates":[0.502721,51.744898]},"properties":{"holder_names":"Mr Nenad Vranjes","holder_address":"5 East Field Close , Headington , Oxford, OX4 7SH","property_count":1}},{"type":"Feature","geometry":{"type":"Point","coordinates":[-79.027688,-8.116178]},"properties":{"holder_names":"Mr Abdul Ghaffar; Mr Mohammed Osman Ghaffar","holder_address":"1A Marshall Road, Oxford, Oxfordshire, OX4 2NP","property_count":3}},{"type":"Feature","geometry":{"type":"Point","coordinates":[-3.177781,51.440925]},"properties":{"holder_names":"Prof Charles Hulme","holder_address":"34A Davenant Road, Oxford, Oxfordshire, OX2 8BY","property_count":1}},{"type":"Feature","geometry":{"type":"Point","coordinates":[-0.47846,52.151355]},"properties":{"holder_names":"Mrs Despina Andonova","holder_address":"15 Arlington Drive , Marston, Oxford, OX3 0SH","property_count":1}},{"type":"Feature","geometry":{"type":"Point","coordinates":[-0.478887,52.151212]},"properties":{"holder_names":"Mr Kujitm Mera; Mr Kujtim Mera","holder_address":"12 Longlands Road , Oxford , OX4 6BP","property_count":2}},{"type":"Feature","geometry":{"type":"Point","coordinates":[-1.229208,51.749633]},"properties":{"holder_names":"Mr Aeron Morgan Buchanan","holder_address":"98B Morrell Avenue , Oxford , OX4 1NA","property_count":1}},{"type":"Feature","geometry":{"type":"Point","coordinates":[-1.268855,51.761812]},"properties":{"holder_names":"Lucy Group Ltd","holder_address":"Eagle Works , Walton Well Road , Oxford, OX2 6E","property_count":1}},{"type":"Feature","geometry":{"type":"Point","coordinates":[-0.477338,52.150429]},"properties":{"holder_names":"Mr James Finnemore","holder_address":"2 Carey Close, Oxford, OX2 8HX","property_count":1}},{"type":"Feature","geometry":{"type":"Point","coordinates":[121.033583,14.590482]},"properties":{"holder_names":"Mr Sujaad Ahmed","holder_address":"141 Merewood Avenue , Oxford , OX3 8EQ","property_count":3}},{"type":"Feature","geometry":{"type":"Point","coordinates":[-1.20958,51.762889]},"properties":{"holder_names":"Mr Craig Haller","holder_address":"Bury Knowle Barn , North Place , Oxford, OX3 9HY","property_count":1}},{"type":"Feature","geometry":{"type":"Point","coordinates":[-0.477338,52.150429]},"properties":{"holder_names":"Mr Mark Heron Johnson-Watts","holder_address":"2 Walton Lane, Oxford, Oxfordshire, OX1 2JN","property_count":1}},{"type":"Feature","geometry":{"type":"Point","coordinates":[-1.251656,51.752098]},"properties":{"holder_names":"Mr Thomas Povey","holder_address":"University College , High Street , Oxford, OX1 4BH","property_count":1}},{"type":"Feature","geometry":{"type":"Point","coordinates":[-1.274977,51.783739]},"properties":{"holder_names":"Mrs Sandra Crampton Smith; Ms Sandra Crampton Smith","holder_address":"340 Woodstock Road , Oxford , OX2 7NS","property_count":5}},{"type":"Feature","geometry":{"type":"Point","coordinates":[15.970028,45.79777]},"properties":{"holder_names":"Mr Nigel David Cowell","holder_address":"21 Mill Lane, Old Marston, Oxford, OX3 0PY","property_count":1}},{"type":"Feature","geometry":{"type":"Point","coordinates":[139.536566,36.246112]},"properties":{"holder_names":"Mr Nithiyanantham Subramanian","holder_address":"57 Oliver Road, Oxford, OX4 2JQ","property_count":1}},{"type":"Feature","geometry":{"type":"Point","coordinates":[-1.301104,51.402198]},"properties":{"holder_names":"Mr John Darshan","holder_address":"87 Oliver Road, Cowley, Oxford, OX4 2JH","property_count":2}},{"type":"Feature","geometry":{"type":"Point","coordinates":[-0.304619,51.482158]},"properties":{"holder_names":"Mr Hassan Arshad; Mr Mohammed Razvan Raja","holder_address":"101A Cowley Road, OXFORD, OX4 1HU","property_count":32}},{"type":"Feature","geometry":{"type":"Point","coordinates":[-1.242695,51.750287]},"properties":{"holder_names":"Ms Iram Yasin","holder_address":"C/O, Finders Keepers Shared Letting, 27 St Clements, , Oxford, , OX4 1AB","property_count":1}},{"type":"Feature","geometry":{"type":"Point","coordinates":[-0.479106,52.151138]},"properties":{"holder_names":"Mr Abdalstar Ziab","holder_address":"11 Barns Road, Oxford, Oxfordshire, OX4 3QY","property_count":1}},{"type":"Feature","geometry":{"type":"Point","coordinates":[-0.477486,52.151361]},"properties":{"holder_names":"Mr Peter John Kimber","holder_address":"16 Coppock Close, Oxford, Oxfordshire, OX3 8JS","property_count":1}},{"type":"Feature","geometry":{"type":"Point","coordinates":[-1.274977,51.783739]},"properties":{"holder_names":"Ms Sandra Crampton Smith","holder_address":"340 Woodstock Road, Oxford, Oxfordshire, OX2 7NS","property_count":1}},{"type":"Feature","geometry":{"type":"Point","coordinates":[-1.222903,51.740778]},"properties":{"holder_names":"Mr Michael McCabe","holder_address":"123 Reliance Way, Oxford , OX4 2FW","property_count":1}},{"type":"Feature","geometry":{"type":"Point","coordinates":[60.048602,54.938642]},"properties":{"holder_names":"Mr Jeffrey Measor","holder_address":"164 Upper Road , Kennington , Oxford, OX1 5LP","property_count":1}},{"type":"Feature","geometry":{"type":"Point","coordinates":[12.269756,55.651846]},"properties":{"holder_names":"Mr Mohammed Nawaz","holder_address":"169 Cowley Road, Oxford, Oxfordshire, OX4 1UT","property_count":2}},{"type":"Feature","geometry":{"type":"Point","coordinates":[-1.22324,51.760568]},"properties":{"holder_names":"Mrs Noreen Sarwar","holder_address":"190 Headley Way , Headington, Oxford, OX3 7TA","property_count":1}},{"type":"Feature","geometry":{"type":"Point","coordinates":[-0.931568,51.461421]},"properties":{"holder_names":"Mrs Hind Elagab","holder_address":"1 Lambton Close, Oxford, OX4 2PS","property_count":1}},{"type":"Feature","geometry":{"type":"Point","coordinates":[-0.426591,51.417397]},"properties":{"holder_names":"Mr Arnold Harpin","holder_address":"8 Adderbury Road, Oxford, OX4 4ES","property_count":1}},{"type":"Feature","geometry":{"type":"Point","coordinates":[-0.679421,51.485046]},"properties":{"holder_names":"Dr Kim Hoang","holder_address":"53 Kelburne Road, Oxford, Oxfordshire, OX4 3SH","property_count":2}},{"type":"Feature","geometry":{"type":"Point","coordinates":[-1.339887,52.852046]},"properties":{"holder_names":"Mr Ian James Robertson","holder_address":"25 Glebelands, Oxford, Oxfordshire, OX3 7EN","property_count":1}},{"type":"Feature","geometry":{"type":"Point","coordinates":[-1.263115,51.756455]},"properties":{"holder_names":"Mr Robin Swailes","holder_address":"151 Walton Street, Oxford, Oxfordshire, OX1 2HG","property_count":7}},{"type":"Feature","geometry":{"type":"Point","coordinates":[-0.931568,51.461421]},"properties":{"holder_names":"Mr Jamil Akhtar","holder_address":"1 Tawney Street, Oxford, Oxfordshire, OX4 1NJ","property_count":4}},{"type":"Feature","geometry":{"type":"Point","coordinates":[-0.478887,52.151212]},"properties":{"holder_names":"Nasreen Majeed","holder_address":"12 Beechey Avenue , Oxford , OX3 0JU","property_count":1}},{"type":"Feature","geometry":{"type":"Point","coordinates":[-1.249476,51.735112]},"properties":{"holder_names":"Mr Krystian Volak","holder_address":"The Studio, 11 Chatham Road, Oxford, Oxfordshire, OX1 4UZ","property_count":1}},{"type":"Feature","geometry":{"type":"Point","coordinates":[-1.223958,51.727357]},"properties":{"holder_names":"Mr Niaz Mohammed","holder_address":"127 Rose Hill, Oxford , Oxfordshire, OX4 4HT","property_count":1}},{"type":"Feature","geometry":{"type":"Point","coordinates":[-1.307314,51.719849]},"properties":{"holder_names":"Mr Christopher Kingsley","holder_address":"White Barn, Wootton Ridge, Boars Hill, Oxford , OX1 5HJ","property_count":1}},{"type":"Feature","geometry":{"type":"Point","coordinates":[-1.263115,51.756455]},"properties":{"holder_names":"Mr Robin Swailes","holder_address":"151 Walton Street, Oxford, OX1 2HG","property_count":3}},{"type":"Feature","geometry":{"type":"Point","coordinates":[-1.13582,52.956435]},"properties":{"holder_names":"Mr Melih Tanyeri","holder_address":"10 Little Clarendon Street, Oxford, Oxfordshire, OX1 2HP","property_count":1}},{"type":"Feature","geometry":{"type":"Point","coordinates":[-1.22942,51.74512]},"properties":{"holder_names":"Mr Jianhua Wang","holder_address":"255 Cowley Road, Oxford, Oxfordshire, OX4 1XQ","property_count":1}},{"type":"Feature","geometry":{"type":"Point","coordinates":[-1.235175,51.739083]},"properties":{"holder_names":"Mr Imran Hussain","holder_address":"291A Iffley Road, Oxford, Oxfordshire, OX4 4AQ","property_count":3}},{"type":"Feature","geometry":{"type":"Point","coordinates":[-5.237539,56.712067]},"properties":{"holder_names":"Mrs Sophie Fyson","holder_address":"73 Five Mile Drive, Oxford, Oxfordshire, OX2 8HW","property_count":1}},{"type":"Feature","geometry":{"type":"Point","coordinates":[-0.460144,51.472561]},"properties":{"holder_names":"Dr Imran Uddin Alvi","holder_address":"24A Hawthorn Avenue, Oxford, Oxfordshire, OX3 9JG","property_count":1}},{"type":"Feature","geometry":{"type":"Point","coordinates":[7.102074,50.699777]},"properties":{"holder_names":"Mr Adil Soufani","holder_address":"40 Cherwell Drive, Oxford, Oxfordshire, OX3 0LZ","property_count":1}},{"type":"Feature","geometry":{"type":"Point","coordinates":[-0.931568,51.461421]},"properties":{"holder_names":"Mr Patrick Heritage","holder_address":"1 Dene Road , Headington , Oxford , OX3 7EF","property_count":1}},{"type":"Feature","geometry":{"type":"Point","coordinates":[-1.22903,51.763175]},"properties":{"holder_names":"Mrs Phyllis Fairfax","holder_address":"55 Jack Straw's Lane, Oxford, Oxfordshire, OX3 0DW","property_count":1}},{"type":"Feature","geometry":{"type":"Point","coordinates":[-0.47783,52.151799]},"properties":{"holder_names":"Mr Mohammed Aslam","holder_address":"19 Kenilworth Avenue, Oxford, Oxfordshire, OX4 2AW","property_count":2}},{"type":"Feature","geometry":{"type":"Point","coordinates":[0.472293,51.733465]},"properties":{"holder_names":"Mr Howard Gordon Marshall","holder_address":"39 Henley Avenue, Iffley, Oxford, OX4 4DJ","property_count":1}},{"type":"Feature","geometry":{"type":"Point","coordinates":[1.170733,49.213836]},"properties":{"holder_names":"Ms Eve-Marie Masson","holder_address":"27 Islip Road , Oxford , OX2 7SN","property_count":1}},{"type":"Feature","geometry":{"type":"Point","coordinates":[68.339014,43.283425]},"properties":{"holder_names":"Mr Yousuf Ali","holder_address":"61 Hollow Way, Oxford, Oxfordshire, OX4 2ND","property_count":9}},{"type":"Feature","geometry":{"type":"Point","coordinates":[-0.931568,51.461421]},"properties":{"holder_names":"Mr Mazhar Dogar; Mr Mazhar Kamal Dogar","holder_address":"1 Hillsborough Road, Oxford, Oxfordshire, OX4 3SL","property_count":27}},{"type":"Feature","geometry":{"type":"Point","coordinates":[0.472293,51.733465]},"properties":{"holder_names":"Mr Akhmid Nazir","holder_address":"39 Union Street, Cowley, Oxford, OX4 1JP","property_count":3}},{"type":"Feature","geometry":{"type":"Point","coordinates":[-1.19619,51.753019]},"properties":{"holder_names":"Mr Naeem Ahmed","holder_address":"Conway House, Old Road, Headington, Oxford, OX3 7PL","property_count":1}},{"type":"Feature","geometry":{"type":"Point","coordinates":[3.881323,43.974931]},"properties":{"holder_names":"Mr Malik Sagher Salim","holder_address":"30 Marshall Road, Oxford, OX4 2NR","property_count":2}},{"type":"Feature","geometry":{"type":"Point","coordinates":[24.177345,54.350696]},"properties":{"holder_names":"Mr Mohammed Latif","holder_address":"33 Milton Road, OXFORD, OX4 3EF","property_count":1}},{"type":"Feature","geometry":{"type":"Point","coordinates":[-1.235175,51.739083]},"properties":{"holder_names":"Mr Imran Hussain","holder_address":"291A Iffley Road , Oxford , OX4 4AQ","property_count":2}},{"type":"Feature","geometry":{"type":"Point","coordinates":[-1.441281,52.395695]},"properties":{"holder_names":"Mr Munir Shafi","holder_address":"4 Belvedere Road , Oxford , OX4 2AZ","property_count":1}},{"type":"Feature","geometry":{"type":"Point","coordinates":[30.153458,59.795655]},"properties":{"holder_names":"Mr Muhammad Siddique","holder_address":"42 St Mary's Road, Oxford, OX4 1PY","property_count":1}},{"type":"Feature","geometry":{"type":"Point","coordinates":[68.339014,43.283425]},"properties":{"holder_names":"Mrs Jaspal Kaur Singh","holder_address":"123 Fern Hill Road, Oxford, Oxfordshire, OX4 2JR","property_count":1}},{"type":"Feature","geometry":{"type":"Point","coordinates":[-1.392745,51.40087]},"properties":{"holder_names":"Mr James Richard John Larminie","holder_address":"81 Old Road, Headington, Oxford, OX3 7LA","property_count":1}},{"type":"Feature","geometry":{"type":"Point","coordinates":[13.111386,45.665982]},"properties":{"holder_names":"Mr Shajaat Hussain","holder_address":"36 The Grates, Oxford, OX4 3LJ","property_count":1}},{"type":"Feature","geometry":{"type":"Point","coordinates":[51.80169,55.651549]},"properties":{"holder_names":"Ms Sue Trevor-Wilson","holder_address":"28 Church Way, Iffley, Oxford, OX4 4DY","property_count":1}},{"type":"Feature","geometry":{"type":"Point","coordinates":[-0.461092,51.47045]},"properties":{"holder_names":"Mrs Zeb Hasrat","holder_address":"323 Banbury Road, Oxford, Oxfordshire, OX2 7JH","property_count":1}},{"type":"Feature","geometry":{"type":"Point","coordinates":[-1.227238,51.742829]},"properties":{"holder_names":"Mrs Rashida Latif","holder_address":"362 Cowley Road, Oxford, Oxfordshire, OX4 2AG","property_count":1}},{"type":"Feature","geometry":{"type":"Point","coordinates":[24.177345,54.350696]},"properties":{"holder_names":"Mr Naveed Shan","holder_address":"33 Percy Street , Oxford , OX4 3AA","property_count":1}},{"type":"Feature","geometry":{"type":"Point","coordinates":[-0.304619,51.482158]},"properties":{"holder_names":"Mr Hassan Arshad; Mr Mohammed Razvan Raja","holder_address":"101A Cowley Road, Oxford, Oxfordshire, OX4 1HU","property_count":12}},{"type":"Feature","geometry":{"type":"Point","coordinates":[-0.47846,52.151355]},"properties":{"holder_names":"Mr Paul Rigby","holder_address":"15 Stockmore Street, Oxford, Oxfordshire, OX4 1JT","property_count":1}},{"type":"Feature","geometry":{"type":"Point","coordinates":[-1.318454,51.386206]},"properties":{"holder_names":"Mr Arshad Hussain","holder_address":"7 Abberbury Avenue, Oxford, Oxfordshire, OX4 4EU","property_count":3}},{"type":"Feature","geometry":{"type":"Point","coordinates":[-1.19619,51.753019]},"properties":{"holder_names":"Mr Naeem Ahmad","holder_address":"Conway House, Old Road, Oxford, OX3 8SZ","property_count":1}},{"type":"Feature","geometry":{"type":"Point","coordinates":[-1.318454,51.386206]},"properties":{"holder_names":"Mr Arshad Hussain; Mr Sarwar Hussain","holder_address":"7 Abberbury Avenue, Oxford, OX4 4EU","property_count":7}},{"type":"Feature","geometry":{"type":"Point","coordinates":[-1.264247,51.723515]},"properties":{"holder_names":"Raja Brothers (Oxford) Limited","holder_address":"Grove House , Badger Lane , Oxford , OX1 5BL","property_count":2}},{"type":"Feature","geometry":{"type":"Point","coordinates":[-0.986256,51.434458]},"properties":{"holder_names":"Mr Ali Azam","holder_address":"105 Fern Hill Road, Oxford, Oxfordshire, OX4 2JR","property_count":5}},{"type":"Feature","geometry":{"type":"Point","coordinates":[-1.321185,51.738856]},"properties":{"holder_names":"Mr Ronald Roy Watts","holder_address":"Bornholme Cottage , Chawley Lane , Cumnor , Oxford , OX2 9PX","property_count":1}},{"type":"Feature","geometry":{"type":"Point","coordinates":[-0.679788,51.481023]},"properties":{"holder_names":"Mr Peter James Scott- Symonds","holder_address":"52 Blenheim Drive, Oxford, Oxfordshire, OX2 8DQ","property_count":1}},{"type":"Feature","geometry":{"type":"Point","coordinates":[26.62446,51.311352]},"properties":{"holder_names":"Mr Amjad Hussain","holder_address":"56 Abingdon Road , OXFORD, OX1 4PE","property_count":1}},{"type":"Feature","geometry":{"type":"Point","coordinates":[-1.230864,51.740898]},"properties":{"holder_names":"Mr Manique Miah","holder_address":"131 Howard Street , OXFORD, OX4 3AZ","property_count":1}},{"type":"Feature","geometry":{"type":"Point","coordinates":[121.033583,14.590482]},"properties":{"holder_names":"Mr Sujaad Ahmed","holder_address":"141 Merewood Avenue, Oxford, Oxfordshire, OX3 8EQ","property_count":1}},{"type":"Feature","geometry":{"type":"Point","coordinates":[-0.47783,52.151799]},"properties":{"holder_names":"Mr Mohammed Aslam","holder_address":"19 Kenilworth Avenue, Oxford, OX4 2AW","property_count":2}},{"type":"Feature","geometry":{"type":"Point","coordinates":[-1.306329,51.745537]},"properties":{"holder_names":"Mrs Julia Anne Hopkins","holder_address":"Little Oaks, Stanville Road, Oxford, OX2 9JF","property_count":3}},{"type":"Feature","geometry":{"type":"Point","coordinates":[0.472293,51.733465]},"properties":{"holder_names":"Mr Akhmid Nazir","holder_address":"39 Union Street , Cowley , Oxford , OX4 1JP","property_count":1}},{"type":"Feature","geometry":{"type":"Point","coordinates":[-1.441281,52.395695]},"properties":{"holder_names":"Mr Munir Shafi","holder_address":"4 Belvedere Road, Oxford, Oxfordshire, OX4 2AZ","property_count":2}},{"type":"Feature","geometry":{"type":"Point","coordinates":[-1.219433,51.73425]},"properties":{"holder_names":"Mr Mohammed Ali Rashid","holder_address":"44 Clive Road, Cowley, OX4 3EL","property_count":1}},{"type":"Feature","geometry":{"type":"Point","coordinates":[-0.304619,51.482158]},"properties":{"holder_names":"Mr Mohammed Razvan Raja","holder_address":"101A Cowley Road, Oxford, OX1 1HU","property_count":1}},{"type":"Feature","geometry":{"type":"Point","coordinates":[-1.251656,51.752098]},"properties":{"holder_names":"Mr Thomas Povey","holder_address":"University College, High Street, Oxford, OX1 4BH","property_count":1}},{"type":"Feature","geometry":{"type":"Point","coordinates":[-0.477338,52.150429]},"properties":{"holder_names":"Mrs Sally Margaret Atkinson","holder_address":"2 Merrivale Square, Oxford, OX2 6QX","property_count":1}},{"type":"Feature","geometry":{"type":"Point","coordinates":[-1.247886,51.392607]},"properties":{"holder_names":"Ms Joy Zhaoying Lu","holder_address":"90 Wilkins Road, Oxford, Oxfordshire, OX4 2JB","property_count":1}},{"type":"Feature","geometry":{"type":"Point","coordinates":[-5.237539,56.712067]},"properties":{"holder_names":"Mrs Nimalka Lakhani","holder_address":"73 Windmill Road, Headington, Oxford, OX3 7BP","property_count":1}},{"type":"Feature","geometry":{"type":"Point","coordinates":[-1.233067,51.746345]},"properties":{"holder_names":"Mr Mohammed Idrees","holder_address":"226 Cowley Road, Oxford, Oxfordshire, OX4 1UH","property_count":13}},{"type":"Feature","geometry":{"type":"Point","coordinates":[33.442262,49.131697]},"properties":{"holder_names":"Mrs Nazia Taj","holder_address":"50 Hollow Way, Oxford, Oxfordshire, OX4 2NH","property_count":1}},{"type":"Feature","geometry":{"type":"Point","coordinates":[-0.478887,52.151212]},"properties":{"holder_names":"Mr Edward W Feltrim Fagan","holder_address":"12 Stockmore Street, Oxford, OX4 1JT","property_count":1}},{"type":"Feature","geometry":{"type":"Point","coordinates":[-1.204239,52.927353]},"properties":{"holder_names":"Mr Timothy Martin Bearder","holder_address":"2A Stanley Road , Oxford , OX4 1QZ","property_count":1}},{"type":"Feature","geometry":{"type":"Point","coordinates":[-1.318454,51.386206]},"properties":{"holder_names":"Mr Arshad Hussain","holder_address":"7 Abberbury Avenue , Iffley , Oxford, OX4 4EU","property_count":1}},{"type":"Feature","geometry":{"type":"Point","coordinates":[13.111386,45.665982]},"properties":{"holder_names":"Mr Azam Nazir","holder_address":"36 Divinity Road, Oxford, OX4 1LJ","property_count":2}},{"type":"Feature","geometry":{"type":"Point","coordinates":[-1.263115,51.756455]},"properties":{"holder_names":"Mr Robin Swailes","holder_address":"151 Walton Street, Oxford, OX2 6AD","property_count":1}},{"type":"Feature","geometry":{"type":"Point","coordinates":[-0.931568,51.461421]},"properties":{"holder_names":"Mrs Khatiga Ali","holder_address":"1 Weldon Road, Marston, Oxford, OX3 0HP","property_count":1}},{"type":"Feature","geometry":{"type":"Point","coordinates":[-0.426626,51.417531]},"properties":{"holder_names":"Mr Hongwei Yao","holder_address":"9 Horwood Close, Headington, Oxford, OX3 7RF","property_count":1}},{"type":"Feature","geometry":{"type":"Point","coordinates":[-1.231837,51.708528]},"properties":{"holder_names":"Mr Patrick Carney","holder_address":"Rose Oak, Church Road, Sandford-on-Thames, OX4 4YA","property_count":1}},{"type":"Feature","geometry":{"type":"Point","coordinates":[-1.834693,51.573859]},"properties":{"holder_names":"Mr Ashraf Ali Rana","holder_address":"5 Henley Avenue, Oxford, Oxfordshire, OX4 4DH","property_count":4}},{"type":"Feature","geometry":{"type":"Point","coordinates":[-3.020432,51.64465]},"properties":{"holder_names":"Mrs Maria Lindo","holder_address":"20 Glanville Road, Oxford, Oxfordshire, OX4 2DD","property_count":1}},{"type":"Feature","geometry":{"type":"Point","coordinates":[3.871821,43.840858]},"properties":{"holder_names":"Mr Daniel Suraj","holder_address":"34 Dodgson Road, Oxford, Oxfordshire, OX4 3QS","property_count":1}},{"type":"Feature","geometry":{"type":"Point","coordinates":[0.472293,51.733465]},"properties":{"holder_names":"Mr Akhmid Nazir","holder_address":"39 Union Street, Oxford, Oxfordshire, OX4 1JP","property_count":1}},{"type":"Feature","geometry":{"type":"Point","coordinates":[-1.216126,51.76563]},"properties":{"holder_names":"Mr Julian Nevill Lawton Smith","holder_address":"Ebor , Dunstan Road , Headington , Oxford , OX3 9BY","property_count":1}},{"type":"Feature","geometry":{"type":"Point","coordinates":[-2.674981,51.501612]},"properties":{"holder_names":"Mr Nasir Khan","holder_address":"18A Cherwell Drive, Oxford, OX3 0LY","property_count":1}},{"type":"Feature","geometry":{"type":"Point","coordinates":[-1.834693,51.573859]},"properties":{"holder_names":"Mr Mohsan Rana; Mr Mouazam Rana","holder_address":"5 St Mary's Road, Oxford, Oxfordshire, OX4 1PX","property_count":4}},{"type":"Feature","geometry":{"type":"Point","coordinates":[6.7643,51.211817]},"properties":{"holder_names":"Mr Nasir Ahmad","holder_address":"3 Clive Road, Cowley, Oxford, OX4 3EJ","property_count":1}},{"type":"Feature","geometry":{"type":"Point","coordinates":[30.153458,59.795655]},"properties":{"holder_names":"Mr David Wilding","holder_address":"42 Venneit Close , Oxford, OX1 1HY","property_count":1}},{"type":"Feature","geometry":{"type":"Point","coordinates":[13.111386,45.665982]},"properties":{"holder_names":"Mrs Maya Devi Angrish","holder_address":"36 Cowley Road, Oxford, Oxfordshire, OX4 1HZ","property_count":2}},{"type":"Feature","geometry":{"type":"Point","coordinates":[-1.29485,51.708796]},"properties":{"holder_names":"Mr Desmond Warne","holder_address":"Southview , Fox Lane, Boars Hill , Oxford, OX1 5DS","property_count":1}},{"type":"Feature","geometry":{"type":"Point","coordinates":[-1.265619,51.724418]},"properties":{"holder_names":"Raja Brothers (Oxford) Limited","holder_address":"Grove House , Badger Lane , Hinskey Hill , Oxford , OX1 5BL","property_count":2}},{"type":"Feature","geometry":{"type":"Point","coordinates":[-0.352938,51.814955]},"properties":{"holder_names":"Dr Amjad Ali","holder_address":"6 St. Omer Road, Oxford, OX4 3HB","property_count":1}},{"type":"Feature","geometry":{"type":"Point","coordinates":[-1.19619,51.753019]},"properties":{"holder_names":"Mr Usman Ahmad","holder_address":"Conway, Old Road, Headington, Oxford, OX3 8SZ","property_count":1}},{"type":"Feature","geometry":{"type":"Point","coordinates":[30.153458,59.795655]},"properties":{"holder_names":"Mrs Tina Milkovic","holder_address":"42 Balliol Court , Oxford, OX2 6QZ","property_count":1}},{"type":"Feature","geometry":{"type":"Point","coordinates":[-1.293159,51.718172]},"properties":{"holder_names":"Mr Stuart Charles Packford","holder_address":"Christow, Bewells Heath, Boars Hill, Oxford , OX1 5JE","property_count":1}},{"type":"Feature","geometry":{"type":"Point","coordinates":[-1.339887,52.852046]},"properties":{"holder_names":"Mr Ian James Robertson","holder_address":"25 Glebelands, Headington, Oxford, OX3 7EN","property_count":1}},{"type":"Feature","geometry":{"type":"Point","coordinates":[-0.478887,52.151212]},"properties":{"holder_names":"Mr Ian Langford","holder_address":"12 Guardian Court, New Cross Road, Headington, Oxford, OX3 8LP","property_count":1}},{"type":"Feature","geometry":{"type":"Point","coordinates":[-0.477741,52.151645]},"properties":{"holder_names":"Dr Elena Narinskaya","holder_address":"18 Havelock Road, Oxford, Oxfordshire, OX4 3EP","property_count":1}},{"type":"Feature","geometry":{"type":"Point","coordinates":[3.871821,43.840858]},"properties":{"holder_names":"Prof Marco Talevi","holder_address":"34 Cardinal Close, Oxford, OX4 3UE","property_count":1}},{"type":"Feature","geometry":{"type":"Point","coordinates":[26.62446,51.311352]},"properties":{"holder_names":"Mr Amjad Hussain","holder_address":"56 Abingdon Road, Oxford, OX1 4PE","property_count":1}},{"type":"Feature","geometry":{"type":"Point","coordinates":[-0.477594,52.150713]},"properties":{"holder_names":"Mr Mohammad Imran Faruq","holder_address":"9 Whitson Place, Oxford, Oxfordshire, OX4 3DD","property_count":9}},{"type":"Feature","geometry":{"type":"Point","coordinates":[-1.223804,51.759396]},"properties":{"holder_names":"Dr Philippa Anne Radcliffe","holder_address":"44 Franklin Road, Headington, Oxford, OX3 7SA","property_count":1}},{"type":"Feature","geometry":{"type":"Point","coordinates":[44.750717,48.797059]},"properties":{"holder_names":"Mr Steven Miles","holder_address":"26 Nicholas Avenue, Oxford, Oxfordshire, OX3 0RN","property_count":1}},{"type":"Feature","geometry":{"type":"Point","coordinates":[44.005361,36.206077]},"properties":{"holder_names":"Mr David Wilding","holder_address":"43 Venneit Close, Oxford, Oxfordshire, OX1 1HY","property_count":1}},{"type":"Feature","geometry":{"type":"Point","coordinates":[-1.13582,52.956435]},"properties":{"holder_names":"Mrs Elizabeth Cudbird","holder_address":"10 Rolfe Place, Oxford, Oxfordshire, OX3 0DS","property_count":1}},{"type":"Feature","geometry":{"type":"Point","coordinates":[-1.251695,51.736419]},"properties":{"holder_names":"Mr Alistair Yeomans","holder_address":"278 Abingdon Road, Oxford, OX1 4TA","property_count":1}},{"type":"Feature","geometry":{"type":"Point","coordinates":[-1.28104,51.789025]},"properties":{"holder_names":"Mrs Rosemary Harris","holder_address":"396 Woodstock Road, Oxford, OX2 8JW","property_count":2}},{"type":"Feature","geometry":{"type":"Point","coordinates":[44.005361,36.206077]},"properties":{"holder_names":"Mrs Claire Bray","holder_address":"43 Ferry Road, Marston, Oxford, OX3 0EU","property_count":1}},{"type":"Feature","geometry":{"type":"Point","coordinates":[-1.216276,51.764234]},"properties":{"holder_names":"Mr David O'Neill","holder_address":"10 Gouldlands Gardens, Oxford, OX3 9DQ","property_count":1}},{"type":"Feature","geometry":{"type":"Point","coordinates":[-0.477338,52.150429]},"properties":{"holder_names":"Mr Mr Ziaqat Ali Saddique","holder_address":"2 Inott Furze, Oxford, Oxfordshire, OX3 7ES","property_count":1}},{"type":"Feature","geometry":{"type":"Point","coordinates":[-1.208611,51.737712]},"properties":{"holder_names":"Mr Kelston Leslie Chorley","holder_address":"165 Crescent Road, Oxford, OX4 2NX","property_count":1}},{"type":"Feature","geometry":{"type":"Point","coordinates":[3.871821,43.840858]},"properties":{"holder_names":"Mr Shakil Akhtar","holder_address":"34 Littlehay Road, Oxford, Oxfordshire, OX4 3EG","property_count":1}},{"type":"Feature","geometry":{"type":"Point","coordinates":[-1.834693,51.573859]},"properties":{"holder_names":"Mr Mohsan Rana; Mr Mouazam Rana","holder_address":"5 St Mary's Road, Oxford , OX4 1PX","property_count":2}},{"type":"Feature","geometry":{"type":"Point","coordinates":[-0.679421,51.485046]},"properties":{"holder_names":"Dr Kim Hoang","holder_address":"53 Kelburne Road , Oxford, OX4 3SH","property_count":1}},{"type":"Feature","geometry":{"type":"Point","coordinates":[-1.834693,51.573859]},"properties":{"holder_names":"Miss Amna Kiran Rana","holder_address":"5 St Mary's Road, Cowley, Oxford, OX4 1PX","property_count":1}},{"type":"Feature","geometry":{"type":"Point","coordinates":[-5.237539,56.712067]},"properties":{"holder_names":"Mr Ghulam Yasin","holder_address":"73 Rose Hill, Oxford, OX4 4JR","property_count":1}},{"type":"Feature","geometry":{"type":"Point","coordinates":[28.22433,61.055625]},"properties":{"holder_names":"Mrs Phaik Goh","holder_address":"31 Rutherway , Oxford , OX2 6QY","property_count":1}},{"type":"Feature","geometry":{"type":"Point","coordinates":[-0.47846,52.151355]},"properties":{"holder_names":"Ms Lisa Lane","holder_address":"15 Canning Crescent, Oxford, Oxfordshire, OX1 4XA","property_count":1}},{"type":"Feature","geometry":{"type":"Point","coordinates":[-5.237539,56.712067]},"properties":{"holder_names":"Mr Mohammad Rohani","holder_address":"73 Turner Close, Oxford, Oxfordshire, OX4 2UA","property_count":2}},{"type":"Feature","geometry":{"type":"Point","coordinates":[-0.478887,52.151212]},"properties":{"holder_names":"Mr Anthony Binnington","holder_address":"12 Warneford Road, Oxford, OX4 1LU","property_count":2}},{"type":"Feature","geometry":{"type":"Point","coordinates":[-1.185991,51.79805]},"properties":{"holder_names":"Mrs Susan Margaret Coxhead","holder_address":"The Old Bakehouse , 5 Church Street , Beckley, OX3 9UT","property_count":1}},{"type":"Feature","geometry":{"type":"Point","coordinates":[24.177345,54.350696]},"properties":{"holder_names":"Mr Mohammed Latif","holder_address":"33 Milton Road, Oxford, Oxfordshire, OX4 3EF","property_count":1}},{"type":"Feature","geometry":{"type":"Point","coordinates":[26.62446,51.311352]},"properties":{"holder_names":"Mr Amjad Hussain","holder_address":"56 Abingdon Road , Oxford , OX1 4PE","property_count":2}},{"type":"Feature","geometry":{"type":"Point","coordinates":[-1.2129,51.753776]},"properties":{"holder_names":"Ms Shoshana Court","holder_address":"128 Lime Walk, Oxford, OX3 7AF","property_count":1}},{"type":"Feature","geometry":{"type":"Point","coordinates":[-1.230864,51.740898]},"properties":{"holder_names":"Mr Manique Miah","holder_address":"131 Howard Street, OXFORD, OX4 3AZ","property_count":1}},{"type":"Feature","geometry":{"type":"Point","coordinates":[-1.264247,51.723515]},"properties":{"holder_names":"Raja Brothers (Oxford) Limited","holder_address":"Grove House , Badger Lane, Oxford , OX1 5BL","property_count":1}},{"type":"Feature","geometry":{"type":"Point","coordinates":[-1.265619,51.724418]},"properties":{"holder_names":"NV Estates Limited; Raja Brothers (Oxford) Limited","holder_address":"Grove House , Badger Lane , Hinksey Hill , Oxford , OX1 5BL","property_count":3}},{"type":"Feature","geometry":{"type":"Point","coordinates":[-1.264415,51.776122]},"properties":{"holder_names":"Mr Philip Blanchard; Mr Phillip Blanchard","holder_address":"214 Banbury Road, Oxford, OX2 7BY","property_count":2}},{"type":"Feature","geometry":{"type":"Point","coordinates":[0.573402,51.36574]},"properties":{"holder_names":"Mr Gary Scott Richmond","holder_address":"22 Dynham Place, Oxford, Oxfordshire, OX3 7NL","property_count":1}},{"type":"Feature","geometry":{"type":"Point","coordinates":[3.871821,43.840858]},"properties":{"holder_names":"Ms Yvonne Susan Janecek","holder_address":"34 Home Close, Wolvercote, OX2 8PS","property_count":1}},{"type":"Feature","geometry":{"type":"Point","coordinates":[-1.258056,51.742102]},"properties":{"holder_names":"Mr Harmesh Balu; Mr Mengharam Balu","holder_address":"119 Marlborough Road, Oxford, Oxfordshire, OX1 4LX","property_count":2}},{"type":"Feature","geometry":{"type":"Point","coordinates":[-1.834693,51.573859]},"properties":{"holder_names":"Mrs Eranda Proko","holder_address":"5 Steep Rise , Headington , OX3 9QG","property_count":1}},{"type":"Feature","geometry":{"type":"Point","coordinates":[-1.267429,51.774656]},"properties":{"holder_names":"Mr Jeremy Farrar","holder_address":"214 Woodstock Road, Oxford, Oxfordshire, OX2 7NH","property_count":1}},{"type":"Feature","geometry":{"type":"Point","coordinates":[-1.223958,51.727357]},"properties":{"holder_names":"Mr Niaz Mohammed","holder_address":"127 Rose Hill, Oxford, OX4 4HT","property_count":1}},{"type":"Feature","geometry":{"type":"Point","coordinates":[-1.20666,51.746988]},"properties":{"holder_names":"Mr Javaid Ahmed","holder_address":"118 Dene Road, Oxford, OX3 7EG","property_count":1}},{"type":"Feature","geometry":{"type":"Point","coordinates":[-1.225134,51.724898]},"properties":{"holder_names":"Mr Surinder Masih","holder_address":"47 Asquith Road, Oxford, Oxfordshire, OX4 4RN","property_count":3}},{"type":"Feature","geometry":{"type":"Point","coordinates":[15.970028,45.79777]},"properties":{"holder_names":"Mr Shahab Ahmed","holder_address":"21 Lucerne Road, Oxford, Oxfordshire, OX2 7QB","property_count":1}},{"type":"Feature","geometry":{"type":"Point","coordinates":[28.22433,61.055625]},"properties":{"holder_names":"Mr Neil O'Mahoney","holder_address":"31 Downside Road, Oxford, Oxfordshire, OX3 8HP","property_count":1}},{"type":"Feature","geometry":{"type":"Point","coordinates":[-0.478671,52.151284]},"properties":{"holder_names":"Mr Rana Imran Bashir","holder_address":"14 Fairlie Road, Oxford, Oxfordshire, OX4 3SW","property_count":1}},{"type":"Feature","geometry":{"type":"Point","coordinates":[-1.13582,52.956435]},"properties":{"holder_names":"Mr Kanwaljit Singh Kamal","holder_address":"10 Meyseys Close, Oxford, Oxfordshire, OX3 7SF","property_count":1}},{"type":"Feature","geometry":{"type":"Point","coordinates":[-0.477338,52.150429]},"properties":{"holder_names":"Mr Mohammed Hanif","holder_address":"2 Burrows Close, Headington, Oxford, OX3 8AN","property_count":2}},{"type":"Feature","geometry":{"type":"Point","coordinates":[-1.264415,51.776122]},"properties":{"holder_names":"Mr Philip Blanchard","holder_address":"214 Banbury Road , Oxford , OX2 7BY","property_count":2}},{"type":"Feature","geometry":{"type":"Point","coordinates":[-1.318454,51.386206]},"properties":{"holder_names":"Mrs Alice Styles","holder_address":"7 Denmark Street, Oxford, OX4 1QS","property_count":1}},{"type":"Feature","geometry":{"type":"Point","coordinates":[-0.352938,51.814955]},"properties":{"holder_names":"Dr Amjad Ali","holder_address":"6 St Omer Road, Oxford, Oxfordshire, OX4 3HB","property_count":1}},{"type":"Feature","geometry":{"type":"Point","coordinates":[-1.29425,51.782867]},"properties":{"holder_names":"Mr Gordon Robert Faulkner","holder_address":"153 Godstow Road, Oxford, Oxfordshire, OX2 0PB","property_count":1}},{"type":"Feature","geometry":{"type":"Point","coordinates":[-1.27249,51.748009]},"properties":{"holder_names":"Oxfordshire Community Churches","holder_address":"Edge Housing, The Kings Centre , Oxford , OX2 0ES","property_count":1}},{"type":"Feature","geometry":{"type":"Point","coordinates":[-1.238418,51.748397]},"properties":{"holder_names":"Mr Mohammed Razvan Raja","holder_address":"RMA Properties Ltd, 101A Cowley Road, Oxford, Oxfordshire, OX4 1HU","property_count":1}},{"type":"Feature","geometry":{"type":"Point","coordinates":[-5.237539,56.712067]},"properties":{"holder_names":"Mr Mohammad Rohani","holder_address":"73 Turner Close , OX4 2UA","property_count":1}},{"type":"Feature","geometry":{"type":"Point","coordinates":[-2.29415,53.782902]},"properties":{"holder_names":"Mr Abul Boshor","holder_address":"65 Girdlestone Road, Oxford, Oxfordshire, OX3 7NU","property_count":1}},{"type":"Feature","geometry":{"type":"Point","coordinates":[-0.47783,52.151799]},"properties":{"holder_names":"Mr Zamir Akhtar","holder_address":"19 Eastfield Close , Oxford , OX3 7SH","property_count":1}},{"type":"Feature","geometry":{"type":"Point","coordinates":[-0.47783,52.151799]},"properties":{"holder_names":"Dr Barkat Ahmed; Mr Mohammed Shafqat","holder_address":"19 Islip Road, Oxford, Oxfordshire, OX2 7SN","property_count":4}},{"type":"Feature","geometry":{"type":"Point","coordinates":[-1.13582,52.956435]},"properties":{"holder_names":"Mr Daniel Norman","holder_address":"10 Baynhams Drive, Oxford, Oxfordshire, OX2 8FF","property_count":1}},{"type":"Feature","geometry":{"type":"Point","coordinates":[0.472293,51.733465]},"properties":{"holder_names":"Mr Hassan Ali","holder_address":"39 Holyoake Road, Oxford, Oxfordshire, OX3 8AF","property_count":1}},{"type":"Feature","geometry":{"type":"Point","coordinates":[-1.237028,51.744594]},"properties":{"holder_names":"Lilita Grinberga","holder_address":"The Studios , 30B Henley Street, Oxford , OX4 1ES","property_count":1}},{"type":"Feature","geometry":{"type":"Point","coordinates":[-0.47846,52.151355]},"properties":{"holder_names":"Mr David Wheater","holder_address":"15 Brookside, Headington, Oxford, OX3 7PJ","property_count":1}},{"type":"Feature","geometry":{"type":"Point","coordinates":[-1.266629,51.751038]},"properties":{"holder_names":"Aspire Oxfordshire Community Enterprise Limited","holder_address":"St Thomas' School, Osney Lane, Oxford, OX1 1NJ","property_count":3}},{"type":"Feature","geometry":{"type":"Point","coordinates":[44.005361,36.206077]},"properties":{"holder_names":"Mr Harbans Singh Lahori","holder_address":"43 Warburg Crescent, Blackbird Leys, Oxford, OX4 6BS","property_count":1}},{"type":"Feature","geometry":{"type":"Point","coordinates":[-1.834693,51.573859]},"properties":{"holder_names":"Mr Ashraf Ali Rana","holder_address":"5 Henley Avenue, Oxford, OX3 7PL","property_count":1}},{"type":"Feature","geometry":{"type":"Point","coordinates":[-5.237539,56.712067]},"properties":{"holder_names":"Dr Brian Stuart McBeth","holder_address":"73 Princes Street, Oxford, Oxfordshire, OX4 1DE","property_count":1}},{"type":"Feature","geometry":{"type":"Point","coordinates":[-1.202339,51.748986]},"properties":{"holder_names":"Miss Aisha Bibi","holder_address":"148 Leiden Road, Oxford, Oxfordshire, OX3 8QU","property_count":1}},{"type":"Feature","geometry":{"type":"Point","coordinates":[-1.28104,51.789025]},"properties":{"holder_names":"Mrs Rosemary Harris; Ms Rosemary Harris","holder_address":"396 Woodstock Road , Oxford , OX2 8JW","property_count":2}},{"type":"Feature","geometry":{"type":"Point","coordinates":[0.180868,51.870642]},"properties":{"holder_names":"Mr Francis Bossom","holder_address":"13 William Street, Oxford, Oxfordshire, OX3 0ES","property_count":1}},{"type":"Feature","geometry":{"type":"Point","coordinates":[-0.477615,52.151507]},"properties":{"holder_names":"Ms Monica Turner","holder_address":"17 Bedford Street , Oxford , OX4 1SU","property_count":1}},{"type":"Feature","geometry":{"type":"Point","coordinates":[-1.227105,51.740684]},"properties":{"holder_names":"Mr Ali Shah","holder_address":"55 Cricket Road, Oxford, Oxfordshire, OX4 3DH","property_count":1}},{"type":"Feature","geometry":{"type":"Point","coordinates":[0.472293,51.733465]},"properties":{"holder_names":"Mr Khalid Sharif","holder_address":"39 Old Marston Road, Oxford, Oxfordshire, OX3 0JR","property_count":1}},{"type":"Feature","geometry":{"type":"Point","coordinates":[-1.252638,51.727832]},"properties":{"holder_names":"Mr Philip Berg Roberts","holder_address":"106 Kennington Road, Kennington, Oxford, OX1 5PE","property_count":1}},{"type":"Feature","geometry":{"type":"Point","coordinates":[-1.220061,51.7386]},"properties":{"holder_names":"Mr Shaied Gulzar","holder_address":"473 Cowley Road, Oxford, Oxfordshire, OX4 2DN","property_count":1}},{"type":"Feature","geometry":{"type":"Point","coordinates":[-1.222196,51.755822]},"properties":{"holder_names":"Mr Abbas Younus","holder_address":"General Stores & Newsagent , 2 Grays Road, Headington, Oxford, OX3 7QA","property_count":1}},{"type":"Feature","geometry":{"type":"Point","coordinates":[-0.478671,52.151284]},"properties":{"holder_names":"Ms Nadia Akhtar","holder_address":"14 Fairlie Road, Oxford, OX4 3SW","property_count":1}},{"type":"Feature","geometry":{"type":"Point","coordinates":[-0.304619,51.482158]},"properties":{"holder_names":"Mr Hassan Arshad","holder_address":"101A Cowley Road,, Oxford,, OX4 1HU","property_count":1}},{"type":"Feature","geometry":{"type":"Point","coordinates":[44.019673,36.209099]},"properties":{"holder_names":"Mr Nanu Miah","holder_address":"217 Poplar Grove , Kennington , OX1 5QT","property_count":1}},{"type":"Feature","geometry":{"type":"Point","coordinates":[-0.477615,52.151507]},"properties":{"holder_names":"Mr Hem Chandra Pant; Mr Hem Pant; Mrs Kalpana Pant","holder_address":"17 Squitchey Lane, Oxford, Oxfordshire, OX2 7LD","property_count":7}},{"type":"Feature","geometry":{"type":"Point","coordinates":[-1.26446,51.776231]},"properties":{"holder_names":"Mr Richard Hunt","holder_address":"195 Banbury Road, Summertown, Oxford, OX2 7AR","property_count":1}},{"type":"Feature","geometry":{"type":"Point","coordinates":[-1.232591,51.735689]},"properties":{"holder_names":"Mr Petar Gledic","holder_address":"377 Iffley Road, Oxford , OX4 4DP","property_count":1}},{"type":"Feature","geometry":{"type":"Point","coordinates":[0.126263,51.470961]},"properties":{"holder_names":"Mr Nicholas John Warry","holder_address":"53 St Clement's Street, Oxford, OX4 1AG","property_count":1}},{"type":"Feature","geometry":{"type":"Point","coordinates":[-1.441281,52.395695]},"properties":{"holder_names":"Ms Nicola Johnson","holder_address":"4 Gladstone Road , Headington , Oxford , OX3 8LJ","property_count":1}},{"type":"Feature","geometry":{"type":"Point","coordinates":[-1.219433,51.73425]},"properties":{"holder_names":"Mrs Rahila Roomi Rashid","holder_address":"44 Clive Road, Oxford, OX4 3EL","property_count":1}},{"type":"Feature","geometry":{"type":"Point","coordinates":[-1.22324,51.760568]},"properties":{"holder_names":"Mrs Noreen Sarwar","holder_address":"190 Headley Way, Oxford, Oxfordshire, OX3 7TA","property_count":6}},{"type":"Feature","geometry":{"type":"Point","coordinates":[-1.392745,51.40087]},"properties":{"holder_names":"Mr Sarfraz Khan","holder_address":"81 Horspath Road, Cowley, Oxford, OX4 2QP","property_count":1}},{"type":"Feature","geometry":{"type":"Point","coordinates":[-1.318454,51.386206]},"properties":{"holder_names":"Mr Jeffrey Bethray; Mr Jeffrey Ernest Bethray","holder_address":"7 Tackley Place, OX2 6RR","property_count":2}},{"type":"Feature","geometry":{"type":"Point","coordinates":[0.180868,51.870642]},"properties":{"holder_names":"Mr David Healy","holder_address":"13 Buckingham Street, Oxford, Oxfordshire, OX1 4LH","property_count":1}},{"type":"Feature","geometry":{"type":"Point","coordinates":[-2.29415,53.782902]},"properties":{"holder_names":"Dr Meriel Cronin","holder_address":"65 William Street, Oxford, Oxfordshire, OX3 0ES","property_count":1}},{"type":"Feature","geometry":{"type":"Point","coordinates":[-1.339887,52.852046]},"properties":{"holder_names":"Mrs Rakhshandeh Mygdal","holder_address":"25 Windmill Road, Oxford, OX3 7BW","property_count":1}},{"type":"Feature","geometry":{"type":"Point","coordinates":[-1.834693,51.573859]},"properties":{"holder_names":"Mr Shah Chaudhry","holder_address":"5 Stubbs Avenue, Oxford, OX3 8RT","property_count":1}},{"type":"Feature","geometry":{"type":"Point","coordinates":[-1.236276,51.747453]},"properties":{"holder_names":"Mr Abdul Khuja; Mr Mohammed Ishfaq","holder_address":"154 Cowley Road, Oxford, Oxfordshire, OX4 1UE","property_count":2}},{"type":"Feature","geometry":{"type":"Point","coordinates":[-1.319694,51.738509]},"properties":{"holder_names":"Mr Ronald Roy Watts","holder_address":"Bornholm Cottage, Chawley Lane, Cumnor, OX2 9PX","property_count":1}},{"type":"Feature","geometry":{"type":"Point","coordinates":[-0.426591,51.417397]},"properties":{"holder_names":"Mrs Zahida Aziz","holder_address":"8 White Road, Oxford, Oxfordshire, OX4 2JJ","property_count":2}},{"type":"Feature","geometry":{"type":"Point","coordinates":[-1.287205,51.752785]},"properties":{"holder_names":"Mr Nazahkit Hussain","holder_address":"205 Botley Road, Oxford, Oxfordshire, OX2 0HG","property_count":1}},{"type":"Feature","geometry":{"type":"Point","coordinates":[-1.17488,51.793485]},"properties":{"holder_names":"Mr Leonardo Federico Bocci","holder_address":"Barossa , Woodperry Road , Oxford , OX3 9UZ","property_count":1}},{"type":"Feature","geometry":{"type":"Point","coordinates":[45.422062,35.569807]},"properties":{"holder_names":"Mr Richard Austin Balkwill","holder_address":"106 Poplar Grove, Kennington, OXFORD, OX1 5QP","property_count":1}},{"type":"Feature","geometry":{"type":"Point","coordinates":[15.970028,45.79777]},"properties":{"holder_names":"Mr Shahab Ahmed","holder_address":"21 Lucerne Road, Oxford, OX2 7QB","property_count":1}},{"type":"Feature","geometry":{"type":"Point","coordinates":[141.433489,40.547494]},"properties":{"holder_names":"Mr Attik Rahman","holder_address":"29 Littlehay Road, Cowley, Oxford, OX4 3EG","property_count":1}},{"type":"Feature","geometry":{"type":"Point","coordinates":[-0.944201,51.457182]},"properties":{"holder_names":"Mr Abdul Amin; Mr Muhammad Abdul Hannan","holder_address":"59 Balfour Road, Oxford, Oxfordshire, OX4 6AF","property_count":2}},{"type":"Feature","geometry":{"type":"Point","coordinates":[-0.426591,51.417397]},"properties":{"holder_names":"Mrs Krishna Singh","holder_address":"8 Fern Hill Road, Oxford, OX4 2JN","property_count":1}},{"type":"Feature","geometry":{"type":"Point","coordinates":[-1.22324,51.760568]},"properties":{"holder_names":"Mrs Noreen Sarwar","holder_address":"190 Headley Way, Oxford, OX3 7TA","property_count":2}},{"type":"Feature","geometry":{"type":"Point","coordinates":[-1.211964,51.738583]},"properties":{"holder_names":"Mr Mustaq Mohammed","holder_address":"108 Crescent Road, OXFORD, OX4 2PD","property_count":1}},{"type":"Feature","geometry":{"type":"Point","coordinates":[-0.477486,52.151361]},"properties":{"holder_names":"Mr John Amantrading","holder_address":"16 Van Diemans Lane, Oxford, OX4 3QD","property_count":1}},{"type":"Feature","geometry":{"type":"Point","coordinates":[-0.478671,52.151284]},"properties":{"holder_names":"Mrs Julie Stormont","holder_address":"14 Tree Lane , Iffley , Oxford, OX4 4EY","property_count":1}},{"type":"Feature","geometry":{"type":"Point","coordinates":[-1.834693,51.573859]},"properties":{"holder_names":"Mr Stephen Dingle","holder_address":"5 Bungalow Close , OXFORD, OX3 9XA","property_count":1}},{"type":"Feature","geometry":{"type":"Point","coordinates":[-0.679788,51.481023]},"properties":{"holder_names":"Mr Muhammad Nadeem; Mr Muhammed Nadeem","holder_address":"52 Morrell Avenue, Oxford, Oxfordshire, OX4 1ND","property_count":3}},{"type":"Feature","geometry":{"type":"Point","coordinates":[-1.318454,51.386206]},"properties":{"holder_names":"Mr David Grantley Kear","holder_address":"7 Kames Close, Oxford, Oxfordshire, OX4 3LD","property_count":1}},{"type":"Feature","geometry":{"type":"Point","coordinates":[-1.277985,51.783604]},"properties":{"holder_names":"Mr Mustafa Misirlizade","holder_address":"44 Blenheim Drive, Oxford, Oxfordshire, OX2 8DQ","property_count":1}},{"type":"Feature","geometry":{"type":"Point","coordinates":[-0.640755,51.731905]},"properties":{"holder_names":"Mr Robin Swailes","holder_address":"48 Walton Street, Oxford, Oxfordshire, OX1 2HG","property_count":7}},{"type":"Feature","geometry":{"type":"Point","coordinates":[-3.18266,51.660093]},"properties":{"holder_names":"Mr Ashfaq Sawar","holder_address":"24 Kelburne Road, Oxford, Oxfordshire, OX4 3SJ","property_count":1}},{"type":"Feature","geometry":{"type":"Point","coordinates":[-1.28104,51.789025]},"properties":{"holder_names":"Mrs Rosemary Harris","holder_address":"396 Woodstock Rd , Oxford, OX2 8JW","property_count":1}},{"type":"Feature","geometry":{"type":"Point","coordinates":[-1.265824,51.759686]},"properties":{"holder_names":"Mr Stephen Baker; Mrs Debbie Swailes","holder_address":"47 Walton Street, Oxford, Oxfordshire, OX2 6AD","property_count":3}},{"type":"Feature","geometry":{"type":"Point","coordinates":[-0.47783,52.151799]},"properties":{"holder_names":"Mr John Michael Vincent","holder_address":"19 Appleton Road, Cumnor, Oxford, OX2 9QH","property_count":1}},{"type":"Feature","geometry":{"type":"Point","coordinates":[-1.26372,51.775039]},"properties":{"holder_names":"Mr Gwyn Harries- Jones","holder_address":"176 Banbury Road, Oxford, Oxfordshire, OX2 7BT","property_count":1}},{"type":"Feature","geometry":{"type":"Point","coordinates":[-1.834693,51.573859]},"properties":{"holder_names":"Ms Kirsti Louise Brisk","holder_address":"5 Sadler Walk, Oxford, OX1 1TX","property_count":1}},{"type":"Feature","geometry":{"type":"Point","coordinates":[-1.22942,51.74512]},"properties":{"holder_names":"Mr Jianhua Wang","holder_address":"255 Cowley Road , Oxford, OX4 1XQ","property_count":1}},{"type":"Feature","geometry":{"type":"Point","coordinates":[-1.270394,51.777773]},"properties":{"holder_names":"Mrs Ann Hart","holder_address":"303 Woodstock Road, Oxford, OX2 7NY","property_count":1}},{"type":"Feature","geometry":{"type":"Point","coordinates":[-1.257749,51.747521]},"properties":{"holder_names":"Homeless Oxfordshire Ltd","holder_address":"O'Hanlon House , Luther Street , Oxford, OX1 1UL","property_count":3}},{"type":"Feature","geometry":{"type":"Point","coordinates":[-1.269052,51.761862]},"properties":{"holder_names":"Lucy Group Ltd","holder_address":"Eagle Works, Walton Well Road, Oxford , OX2 6EE","property_count":2}},{"type":"Feature","geometry":{"type":"Point","coordinates":[-1.13582,52.956435]},"properties":{"holder_names":"Mrs Aysha Sarwar; Mrs Norsheen Sarwar; Mrs Tazim Akhtar; Mrs Zainab Sarwar; Ms Aysha Sarwar; Ms Norsheen Sarwar; Ms Zainab Sarwar","holder_address":"10 Divinity Road, Oxford, Oxfordshire, OX4 1LJ","property_count":16}},{"type":"Feature","geometry":{"type":"Point","coordinates":[-1.201486,51.733807]},"properties":{"holder_names":"Mrs Zarina Ashraf","holder_address":"107 Fern Hill Road, Oxford, Oxfordshire, OX4 2JR","property_count":2}},{"type":"Feature","geometry":{"type":"Point","coordinates":[24.177345,54.350696]},"properties":{"holder_names":"Mr Naveed Shan","holder_address":"33 Percy Street, Oxford, Oxfordshire, OX4 3AA","property_count":2}},{"type":"Feature","geometry":{"type":"Point","coordinates":[-0.478671,52.151284]},"properties":{"holder_names":"Mr Vijay Thapar","holder_address":"14 Lake Street, Oxford, Oxfordshire, OX1 4RN","property_count":1}},{"type":"Feature","geometry":{"type":"Point","coordinates":[-1.255503,51.742338]},"properties":{"holder_names":"Mr Dharmaraj Prasad","holder_address":"86 Abingdon Road, Oxford, OX1 4PL","property_count":1}},{"type":"Feature","geometry":{"type":"Point","coordinates":[-1.230203,51.744496]},"properties":{"holder_names":"Mr Waqar Ahmed","holder_address":"157 Magdalen Road, Oxfordshire, OX4 1RN","property_count":1}},{"type":"Feature","geometry":{"type":"Point","coordinates":[-1.222925,51.761239]},"properties":{"holder_names":"Mr Ajaz Rehman","holder_address":"155 Headley Way, Oxford, Oxfordshire, OX3 7ST","property_count":1}},{"type":"Feature","geometry":{"type":"Point","coordinates":[-1.227154,51.719342]},"properties":{"holder_names":"Response Organisation","holder_address":"AG Palmer House, Morrell Crescent, Oxford, OX4 4SU","property_count":7}},{"type":"Feature","geometry":{"type":"Point","coordinates":[-0.426591,51.417397]},"properties":{"holder_names":"Mr Alkas Ali","holder_address":"8 Swinburne Road, Oxford, Oxfordshire, OX4 4BG","property_count":2}},{"type":"Feature","geometry":{"type":"Point","coordinates":[-0.477486,52.151361]},"properties":{"holder_names":"Mr Muqarab Shabbir","holder_address":"16 Princes Street, Oxford, Oxfordshire, OX4 1DD","property_count":1}},{"type":"Feature","geometry":{"type":"Point","coordinates":[-1.230203,51.744496]},"properties":{"holder_names":"Mr Taseer Ahmed","holder_address":"157 Magdalen Road, Oxford, OX4 1RN","property_count":1}},{"type":"Feature","geometry":{"type":"Point","coordinates":[-1.236276,51.747453]},"properties":{"holder_names":"Mr Mohammed Ishfaq","holder_address":"154 Cowley Road, Oxford , OX4 1UE","property_count":1}},{"type":"Feature","geometry":{"type":"Point","coordinates":[-2.674981,51.501612]},"properties":{"holder_names":"Mr Mohammad Ali Rana; Mr Mohammad Rana","holder_address":"18A Cherwell Drive, Oxford, Oxfordshire, OX3 0LY","property_count":6}},{"type":"Feature","geometry":{"type":"Point","coordinates":[-0.479106,52.151138]},"properties":{"holder_names":"Mr Baldev Singh Kamal","holder_address":"11 Van Diemans Lane, Oxford, OX4 3QA","property_count":1}},{"type":"Feature","geometry":{"type":"Point","coordinates":[44.750717,48.797059]},"properties":{"holder_names":"Mrs Agnieszka Jaciow","holder_address":"26 Ash Grove, Headington, Oxford, OX3 9JL","property_count":1}},{"type":"Feature","geometry":{"type":"Point","coordinates":[-0.426591,51.417397]},"properties":{"holder_names":"Mr Tony Anstice","holder_address":"8 Forest Road , Headington, Oxford , OX3 8LF","property_count":1}},{"type":"Feature","geometry":{"type":"Point","coordinates":[-1.236785,51.774947]},"properties":{"holder_names":"Mrs Anjum Ahmed","holder_address":"10 White Hart , Old Marston Village, Oxford, OX3 OPL","property_count":1}},{"type":"Feature","geometry":{"type":"Point","coordinates":[130.073768,42.540267]},"properties":{"holder_names":"Ms Parveen Hussain","holder_address":"91 Hurst Street, OXFORD, OX4 1HA","property_count":1}},{"type":"Feature","geometry":{"type":"Point","coordinates":[-1.441281,52.395695]},"properties":{"holder_names":"Mr Domenico Tosti","holder_address":"4 Harbord Road, OXFORD, Oxfordshire, OX2 8LQ","property_count":1}},{"type":"Feature","geometry":{"type":"Point","coordinates":[-1.318454,51.386206]},"properties":{"holder_names":"Mr Jeff Bethray","holder_address":"7 Tackley Place , Oxford , OX2 6RR","property_count":1}},{"type":"Feature","geometry":{"type":"Point","coordinates":[44.749294,48.794839]},"properties":{"holder_names":"Mr Christopher Jerome Moran","holder_address":"37 Ash Grove, Oxford, Oxfordshire, OX3 9JN","property_count":1}},{"type":"Feature","geometry":{"type":"Point","coordinates":[-0.426626,51.417531]},"properties":{"holder_names":"Mr Israr Hussain","holder_address":"9 Havelock Road, Oxford, Oxfordshire, OX4 3EP","property_count":4}},{"type":"Feature","geometry":{"type":"Point","coordinates":[0.180868,51.870642]},"properties":{"holder_names":"Miss Sofina Iqbal; Mr Zafar Iqbal","holder_address":"13 Valentia Road, Headington, Oxford, OX3 7PN","property_count":3}},{"type":"Feature","geometry":{"type":"Point","coordinates":[-3.020432,51.64465]},"properties":{"holder_names":"Mr Mohammed Ishfaq","holder_address":"20 Brasenose Driftway, Oxford, OX4 1UE","property_count":1}},{"type":"Feature","geometry":{"type":"Point","coordinates":[-0.477486,52.151361]},"properties":{"holder_names":"Mr Mohammed Idrees","holder_address":"16 Stansfield Place, Oxford, OX3 8QH","property_count":1}},{"type":"Feature","geometry":{"type":"Point","coordinates":[-0.47783,52.151799]},"properties":{"holder_names":"Mr Mohammed Shafqat","holder_address":"19 Islip Road, Oxford, OX2 7SN","property_count":4}},{"type":"Feature","geometry":{"type":"Point","coordinates":[6.7643,51.211817]},"properties":{"holder_names":"Mr Shavaeb Ahmed","holder_address":"3 Cleveland Drive, Oxford, OX4 3HA","property_count":1}},{"type":"Feature","geometry":{"type":"Point","coordinates":[-1.202373,51.735824]},"properties":{"holder_names":"Mr Saroop Gill","holder_address":"102 Normandy Crescent, Oxford, Oxfordshire, OX4 2TN","property_count":1}},{"type":"Feature","geometry":{"type":"Point","coordinates":[-0.477338,52.150429]},"properties":{"holder_names":"Mr Mohammed Hanif","holder_address":"2 Burrows Close, Oxford, Oxfordshire, OX3 8AN","property_count":1}},{"type":"Feature","geometry":{"type":"Point","coordinates":[-5.237564,56.711941]},"properties":{"holder_names":"Mr Dragoslav Bibic","holder_address":"74 Divinity Road, Oxford, OX4 1LJ","property_count":1}},{"type":"Feature","geometry":{"type":"Point","coordinates":[-1.219175,51.727043]},"properties":{"holder_names":"Mr Mohammed Sharif","holder_address":"135 Cowley Road , Oxford, OX4 3TH","property_count":1}},{"type":"Feature","geometry":{"type":"Point","coordinates":[7.102596,50.699772]},"properties":{"holder_names":"Mr Zuhaib Ellahi","holder_address":"41 James Street, Oxford, OX4 1ET","property_count":1}},{"type":"Feature","geometry":{"type":"Point","coordinates":[7.102596,50.699772]},"properties":{"holder_names":"Mr Zuhaib Ellahi","holder_address":"41 James Street, Oxford, Oxfordshire, OX4 1ET","property_count":1}},{"type":"Feature","geometry":{"type":"Point","coordinates":[-0.640755,51.731905]},"properties":{"holder_names":"Mr Robin Swailes","holder_address":"48 Walton Street, Oxford, OX2 6AD","property_count":9}},{"type":"Feature","geometry":{"type":"Point","coordinates":[-1.28104,51.789025]},"properties":{"holder_names":"Mrs Rosemary Harris","holder_address":"396 Woodstock Road , Oxford , Oxfordshire, OX2 8JW","property_count":1}},{"type":"Feature","geometry":{"type":"Point","coordinates":[-0.640755,51.731905]},"properties":{"holder_names":"Mr Robin Swailes","holder_address":"48 Walton Street, Oxford, Oxfordshire, OX2 6AD","property_count":9}},{"type":"Feature","geometry":{"type":"Point","coordinates":[15.970028,45.79777]},"properties":{"holder_names":"Dr Andrew Farmery","holder_address":"21 Polstead Road, Oxford, Oxfordshire, OX2 6TW","property_count":1}},{"type":"Feature","geometry":{"type":"Point","coordinates":[-1.253568,51.751831]},"properties":{"holder_names":"Mr Ian Skinner","holder_address":"Oriel College, Oriel Square, OX1 4EW","property_count":1}},{"type":"Feature","geometry":{"type":"Point","coordinates":[-0.478671,52.151284]},"properties":{"holder_names":"OXWILL Limited","holder_address":"14 Henley Avenue, Oxford, OX4 4DJ","property_count":1}},{"type":"Feature","geometry":{"type":"Point","coordinates":[-0.477338,52.150429]},"properties":{"holder_names":"Mrs Mary Margaret Kathleen Conway","holder_address":"2 Woodbine Cottage, Headington Hill, Oxford , OX3 0BT","property_count":1}},{"type":"Feature","geometry":{"type":"Point","coordinates":[-1.257749,51.747521]},"properties":{"holder_names":"Homeless Oxfordshire Ltd","holder_address":"O'Hanlon House, Luther Street , Oxford , OX1 1UL","property_count":1}},{"type":"Feature","geometry":{"type":"Point","coordinates":[-1.227154,51.719342]},"properties":{"holder_names":"Response Organisation","holder_address":"AG Palmer House , Morrell Crescent , Oxford , OX4 4SU","property_count":2}},{"type":"Feature","geometry":{"type":"Point","coordinates":[-3.32834,51.924355]},"properties":{"holder_names":"Mr Shauket Ali Randawa","holder_address":"159 Pinnocks Way , Botley , Oxford, OX2 9DF","property_count":1}},{"type":"Feature","geometry":{"type":"Point","coordinates":[-1.221282,51.739184]},"properties":{"holder_names":"Mr Abdul Shorkar","holder_address":"158A Cowley Road, Oxford, Oxfordshire, OX4 2FU","property_count":1}},{"type":"Feature","geometry":{"type":"Point","coordinates":[0.500925,51.392265]},"properties":{"holder_names":"Mr Sujaad Ahmed","holder_address":"70 St Clement's Street, Oxford, Oxfordshire, OX4 1AH","property_count":1}},{"type":"Feature","geometry":{"type":"Point","coordinates":[-1.27249,51.748009]},"properties":{"holder_names":"Mr Nathan Rodway","holder_address":"Oxfordshire Community Churches , The Kings Centre , Osney Mead , OX2 0ES","property_count":1}},{"type":"Feature","geometry":{"type":"Point","coordinates":[-0.931568,51.461421]},"properties":{"holder_names":"Mr Adriaan Louis; Prof Adriaan Louis","holder_address":"1 Southmoor Place, Oxford, Oxfordshire, OX2 6NZ","property_count":3}},{"type":"Feature","geometry":{"type":"Point","coordinates":[24.321596,54.363814]},"properties":{"holder_names":"Mr Yao Hongwei","holder_address":"128 Dene Road , Headington, Oxford, OX3 7EG","property_count":1}},{"type":"Feature","geometry":{"type":"Point","coordinates":[-1.402052,50.941462]},"properties":{"holder_names":"Mr Shuaibur Rahman","holder_address":"58 Saunders Road, Oxford, Oxfordshire, OX4 2EF","property_count":1}},{"type":"Feature","geometry":{"type":"Point","coordinates":[-1.264271,51.775043]},"properties":{"holder_names":"Mrs Hemlata Aggarwal","holder_address":"171 Banbury Road, Summertown, Oxford, OX2 7AW","property_count":1}},{"type":"Feature","geometry":{"type":"Point","coordinates":[0.573402,51.36574]},"properties":{"holder_names":"Mr Mohammed Alam","holder_address":"22 Rede Close, Headington, Oxford , OX3 8PY","property_count":1}},{"type":"Feature","geometry":{"type":"Point","coordinates":[-1.210845,51.763636]},"properties":{"holder_names":"Sr Jennifer Maxine Ann Bear","holder_address":"The Priory, 85 Old High Street, Headington, Oxford , OX3 9HT","property_count":1}},{"type":"Feature","geometry":{"type":"Point","coordinates":[-1.13582,52.956435]},"properties":{"holder_names":"Mr Mohammad Jamil Faruq","holder_address":"10 Ridgefield Road, Oxford, OX4 3BT","property_count":9}},{"type":"Feature","geometry":{"type":"Point","coordinates":[-1.227154,51.719342]},"properties":{"holder_names":"Response Organisation","holder_address":"AG Palmer House, Morrell Crescent , Oxford, OX4 4SU","property_count":2}},{"type":"Feature","geometry":{"type":"Point","coordinates":[121.117045,14.585663]},"properties":{"holder_names":"Novello Properties Limited","holder_address":"60 Cranham Street, Oxford , OX2 6DD","property_count":1}},{"type":"Feature","geometry":{"type":"Point","coordinates":[-0.478671,52.151284]},"properties":{"holder_names":"Mrs Julie Stormont","holder_address":"14 Tree Lane, Iffley Village, Oxford , OX4 4EY","property_count":1}},{"type":"Feature","geometry":{"type":"Point","coordinates":[-1.13582,52.956435]},"properties":{"holder_names":"Mr Mohammad Gulzar Dogar","holder_address":"10 Fox Crescent, Oxford, OX1 4UX","property_count":1}},{"type":"Feature","geometry":{"type":"Point","coordinates":[-1.301104,51.402198]},"properties":{"holder_names":"Mrs Ying Liu","holder_address":"87 Courtland Road, Oxford, Oxfordshire, OX4 4HZ","property_count":1}},{"type":"Feature","geometry":{"type":"Point","coordinates":[-5.237564,56.711941]},"properties":{"holder_names":"Mr Dragoslav Bibic","holder_address":"74 Divinity Road, Oxford, Oxfordshire, OX4 1LJ","property_count":3}},{"type":"Feature","geometry":{"type":"Point","coordinates":[-0.931568,51.461421]},"properties":{"holder_names":"Mrs Louise Murphy","holder_address":"1 Swinbourne Road , Littlemore , Oxford, OX4 4PQ","property_count":1}},{"type":"Feature","geometry":{"type":"Point","coordinates":[-0.640755,51.731905]},"properties":{"holder_names":"Mr Robin Swailes","holder_address":"48 Walton Street , OXFORD , OX1 2HG","property_count":1}},{"type":"Feature","geometry":{"type":"Point","coordinates":[13.111386,45.665982]},"properties":{"holder_names":"Mr Shajaat Hussain","holder_address":"36 The Grates , Oxford, OX4 3LJ","property_count":1}},{"type":"Feature","geometry":{"type":"Point","coordinates":[-0.911485,53.383984]},"properties":{"holder_names":"Mr Shpetim Rama","holder_address":"68 Oliver Road, Oxford, Oxfordshire, OX4 2JF","property_count":1}},{"type":"Feature","geometry":{"type":"Point","coordinates":[-1.228596,51.742068]},"properties":{"holder_names":"Mrs Sheela Sundar","holder_address":"187 Howard Street, OXFORD, Oxfordshire, OX4 3BB","property_count":2}},{"type":"Feature","geometry":{"type":"Point","coordinates":[114.169033,22.435186]},"properties":{"holder_names":"Mr Mumtaz Ahmed","holder_address":"80A Kennington, Kennington, Oxford, OX1 5PB","property_count":1}},{"type":"Feature","geometry":{"type":"Point","coordinates":[-1.247886,51.392607]},"properties":{"holder_names":"Mr Gerald Edward Tucker","holder_address":"90 Old Road, Headington, Oxford, OX3 8SX","property_count":1}},{"type":"Feature","geometry":{"type":"Point","coordinates":[-1.233067,51.746345]},"properties":{"holder_names":"Mr Mohammed Idrees","holder_address":"226 Cowley Road, Oxford , OX4 1UH","property_count":2}},{"type":"Feature","geometry":{"type":"Point","coordinates":[-0.355567,51.427004]},"properties":{"holder_names":"Mr Elimelech Brackman","holder_address":"75 Cowley Road, Oxford, Oxfordshire, OX4 1HR","property_count":1}},{"type":"Feature","geometry":{"type":"Point","coordinates":[6.7643,51.211817]},"properties":{"holder_names":"Mr Mohammed Saeed","holder_address":"32 Liddell Road, Oxford, Oxfordshire, OX4 3QU","property_count":4}},{"type":"Feature","geometry":{"type":"Point","coordinates":[0.573402,51.36574]},"properties":{"holder_names":"Mr Mohammed Nadeem","holder_address":"22 Chester Street, Oxford, Oxfordshire, OX4 1SN","property_count":2}},{"type":"Feature","geometry":{"type":"Point","coordinates":[-1.215824,51.735758]},"properties":{"holder_names":"Mr David Gill","holder_address":"125 Oxford Road, Cowley, Oxford, OX4 2ES","property_count":1}},{"type":"Feature","geometry":{"type":"Point","coordinates":[6.7643,51.211817]},"properties":{"holder_names":"Mrs Daphne Joyce Holburn","holder_address":"32 St Margaret's Road, Oxford, Oxfordshire, OX2 6RX","property_count":1}},{"type":"Feature","geometry":{"type":"Point","coordinates":[141.433489,40.547494]},"properties":{"holder_names":"Mr Attik Rahman","holder_address":"29 Littlehay Road, Oxford, Oxfordshire, OX4 3EG","property_count":1}},{"type":"Feature","geometry":{"type":"Point","coordinates":[-0.477615,52.151507]},"properties":{"holder_names":"Mr Siju Scaria","holder_address":"17 Horseman Close, Oxford, Oxfordshire, OX3 0NR","property_count":1}},{"type":"Feature","geometry":{"type":"Point","coordinates":[141.433489,40.547494]},"properties":{"holder_names":"Mr Harley Robert Pouget","holder_address":"29 Riverside Road, Oxford, Oxfordshire, OX2 0HT","property_count":1}},{"type":"Feature","geometry":{"type":"Point","coordinates":[-0.478671,52.151284]},"properties":{"holder_names":"Mr Adam St John Grenville Marriott","holder_address":"14 Wytham Street, Oxford, Oxfordshire, OX1 4SU","property_count":1}},{"type":"Feature","geometry":{"type":"Point","coordinates":[-1.548121,51.410989]},"properties":{"holder_names":"Ms Roshina Khan","holder_address":"71 White Road, Oxford, Oxfordshire, OX4 2JL","property_count":1}},{"type":"Feature","geometry":{"type":"Point","coordinates":[-1.321185,51.738856]},"properties":{"holder_names":"Mr Ronald Roy Watts","holder_address":"Bornholme Cottage, Chawley Lane , Cumnor , Oxford , OX2 9PX","property_count":1}},{"type":"Feature","geometry":{"type":"Point","coordinates":[0.472293,51.733465]},"properties":{"holder_names":"Mrs Rashda Manzoor","holder_address":"39 Old Marston, Marston, Oxford, OX3 0JR","property_count":1}},{"type":"Feature","geometry":{"type":"Point","coordinates":[-1.232162,51.743609]},"properties":{"holder_names":"Mr Abdul Shakoor; Mr Viv Hollely; Sterling Lettings And Management Ltd","holder_address":"138 Magdalen Road, Oxford, Oxfordshire, OX4 1RJ","property_count":5}},{"type":"Feature","geometry":{"type":"Point","coordinates":[0.180868,51.870642]},"properties":{"holder_names":"Miss Sofina Iqbal; Mr Imran Iqbal; Mr Zafar Iqbal","holder_address":"13 Valentia Road, Oxford, Oxfordshire, OX3 7PN","property_count":3}},{"type":"Feature","geometry":{"type":"Point","coordinates":[-0.352938,51.814955]},"properties":{"holder_names":"Mr Shah Jahan Khan; Mr Shah Khan","holder_address":"6 Havelock Road, Oxford, Oxfordshire, OX4 3EP","property_count":2}},{"type":"Feature","geometry":{"type":"Point","coordinates":[-1.834693,51.573859]},"properties":{"holder_names":"Mr Milos Ivankovic","holder_address":"5 Wick Close, Oxford, Oxfordshire, OX3 9HB","property_count":1}},{"type":"Feature","geometry":{"type":"Point","coordinates":[-1.537529,53.588069]},"properties":{"holder_names":"Mr Mohammed Saddiq","holder_address":"38 St Omer Road, Oxford, Oxfordshire, OX4 3HB","property_count":4}},{"type":"Feature","geometry":{"type":"Point","coordinates":[-0.47846,52.151355]},"properties":{"holder_names":"Mrs Ping Wang","holder_address":"15 Holley Crescent, Oxford, Oxfordshire, OX3 8AW","property_count":1}},{"type":"Feature","geometry":{"type":"Point","coordinates":[-0.47846,52.151355]},"properties":{"holder_names":"Mrs Despina Andonova","holder_address":"15 Arlington Drive, Oxford, Oxfordshire, OX3 0SH","property_count":1}},{"type":"Feature","geometry":{"type":"Point","coordinates":[-5.237844,56.711781]},"properties":{"holder_names":"Ms Borica Stojanovic","holder_address":"79 Hamilton Road, Oxford, Oxfordshire, OX2 7QA","property_count":1}},{"type":"Feature","geometry":{"type":"Point","coordinates":[-1.26376,51.774459]},"properties":{"holder_names":"Mr Joseph Ryan","holder_address":"Flat 5 Diamond Court , 153 Banbury Road , Oxford , OX2 7AA","property_count":1}},{"type":"Feature","geometry":{"type":"Point","coordinates":[24.177345,54.350696]},"properties":{"holder_names":"Mr Steve Charles","holder_address":"33 Marston Street, Oxford, Oxfordshire, OX4 1JU","property_count":1}},{"type":"Feature","geometry":{"type":"Point","coordinates":[-1.236196,51.761564]},"properties":{"holder_names":"Mr Saida Garewal","holder_address":"301 Marston Road, Oxford, OX3 0EW","property_count":1}},{"type":"Feature","geometry":{"type":"Point","coordinates":[-0.352938,51.814955]},"properties":{"holder_names":"Miss Afsana Bibi","holder_address":"6 Radcliffe Road, Oxford, OX4 4BX","property_count":1}},{"type":"Feature","geometry":{"type":"Point","coordinates":[-0.479106,52.151138]},"properties":{"holder_names":"Mrs Fiona Gale","holder_address":"11 Holley Crescent, Oxford, Oxfordshire, OX3 8AW","property_count":1}},{"type":"Feature","geometry":{"type":"Point","coordinates":[-1.257749,51.747521]},"properties":{"holder_names":"Homeless Oxfordshire Ltd","holder_address":"O'Hanlon House, Luther Street, Oxford, OX1 1UL","property_count":1}},{"type":"Feature","geometry":{"type":"Point","coordinates":[-1.216276,51.764234]},"properties":{"holder_names":"Mr David O'Neill","holder_address":"10 Gouldland Gardens , Oxford , OX3 9DQ","property_count":1}},{"type":"Feature","geometry":{"type":"Point","coordinates":[121.117045,14.585663]},"properties":{"holder_names":"Novello Properties Ltd","holder_address":"60 Cranham Street, Oxford, Oxfordshire, OX2 6DD","property_count":1}},{"type":"Feature","geometry":{"type":"Point","coordinates":[0.573402,51.36574]},"properties":{"holder_names":"Mr Marius Oprea","holder_address":"22 Burdell Avenue , OXFORD, OX3 8ED","property_count":1}},{"type":"Feature","geometry":{"type":"Point","coordinates":[-1.537529,53.588069]},"properties":{"holder_names":"Mr Mohammed Saddiq","holder_address":"38 St Omer Road , Cowley, Oxford, OX4 3HB","property_count":1}},{"type":"Feature","geometry":{"type":"Point","coordinates":[-1.238489,51.734915]},"properties":{"holder_names":"Mr Oliver Tickell","holder_address":"379 Meadow Lane, Oxford, OX4 4BL","property_count":1}},{"type":"Feature","geometry":{"type":"Point","coordinates":[-0.640755,51.731905]},"properties":{"holder_names":"Mr Michael Kerr- Harnott","holder_address":"48 Templar Road, Oxford, OX2 8LU","property_count":1}},{"type":"Feature","geometry":{"type":"Point","coordinates":[-1.227154,51.719342]},"properties":{"holder_names":"Response Organisation","holder_address":"A G Palmer House, Morrell Crescent, Oxford, OX4 4SU","property_count":9}},{"type":"Feature","geometry":{"type":"Point","coordinates":[-1.264338,51.733238]},"properties":{"holder_names":"Mrs Laura Jean Colclough","holder_address":"Manor Barn, St Lawrence Road, Oxford, OX1 5AZ","property_count":1}},{"type":"Feature","geometry":{"type":"Point","coordinates":[51.80169,55.651549]},"properties":{"holder_names":"Mr Jacob Bally; Mr Jacob Joy Bally","holder_address":"28 Rose Hill, Oxford, OX4 4HS","property_count":2}},{"type":"Feature","geometry":{"type":"Point","coordinates":[-1.201647,51.733534]},"properties":{"holder_names":"Mrs Kamla Chand","holder_address":"150 Fern Hill Road, Oxford, Oxfordshire, OX4 2JR","property_count":1}},{"type":"Feature","geometry":{"type":"Point","coordinates":[-1.233067,51.746345]},"properties":{"holder_names":"Mr Mohammed Idrees","holder_address":"226 Cowley Road , Oxford , OX4 1UH","property_count":1}},{"type":"Feature","geometry":{"type":"Point","coordinates":[-1.834693,51.573859]},"properties":{"holder_names":"Dr Diana Margaret Ashley Briggs","holder_address":"5 Northmoor Road, Oxford, OX2 6UW","property_count":1}},{"type":"Feature","geometry":{"type":"Point","coordinates":[-1.225197,51.710762]},"properties":{"holder_names":"Mr Warren Allen","holder_address":"Kyalami, 48 Henley Road, Sandford, Oxford, OX4 4YP","property_count":1}},{"type":"Feature","geometry":{"type":"Point","coordinates":[6.7643,51.211817]},"properties":{"holder_names":"Mrs Noor Khan","holder_address":"32 Garsington Road, Cowley, Oxford , OX4 2LG","property_count":1}},{"type":"Feature","geometry":{"type":"Point","coordinates":[-1.441281,52.395695]},"properties":{"holder_names":"Mr Mohammad Murtaza Ali Rana; Mr Mohammad Rana; Ms Hajirah Rana","holder_address":"4 Highfield Avenue, Oxford, Oxfordshire, OX3 7LR","property_count":3}},{"type":"Feature","geometry":{"type":"Point","coordinates":[-0.479106,52.151138]},"properties":{"holder_names":"Mr Hajji Nour","holder_address":"11 Shelley Road, Oxford, Oxfordshire, OX4 3EB","property_count":1}},{"type":"Feature","geometry":{"type":"Point","coordinates":[-1.261856,51.764635]},"properties":{"holder_names":"Mrs Leila Chabane- Chaouche","holder_address":"11A Playfield Road, Kennington, Oxford, OX1 5RS","property_count":1}},{"type":"Feature","geometry":{"type":"Point","coordinates":[7.102074,50.699777]},"properties":{"holder_names":"Commonwealth House Limited","holder_address":"40 Pembroke Street, Oxford, OX1 1BP","property_count":2}},{"type":"Feature","geometry":{"type":"Point","coordinates":[-0.479106,52.151138]},"properties":{"holder_names":"Commonwealth House Limited","holder_address":"11 Pembroke Street , OXFORD, OX1 1BP","property_count":1}},{"type":"Feature","geometry":{"type":"Point","coordinates":[24.177345,54.350696]},"properties":{"holder_names":"Marketing Communications Ltd","holder_address":"33 Terrett Avenue, Oxford, Oxfordshire, OX3 8FE","property_count":1}},{"type":"Feature","geometry":{"type":"Point","coordinates":[-1.29485,51.708796]},"properties":{"holder_names":"Mr Desmond Warne","holder_address":"South View, Fox Lane, Boars Hill, OXFORD, OX1 5DS","property_count":2}},{"type":"Feature","geometry":{"type":"Point","coordinates":[-1.261559,51.724667]},"properties":{"holder_names":"Mrs Yan Zhang","holder_address":"Siskins, Spring Copse, Oxford, OX1 5BJ","property_count":1}},{"type":"Feature","geometry":{"type":"Point","coordinates":[-3.347001,55.947414]},"properties":{"holder_names":"Mr Naveed Akhtar","holder_address":"315 Marston Road, Oxford, Oxfordshire, OX3 0EP","property_count":2}},{"type":"Feature","geometry":{"type":"Point","coordinates":[-0.477486,52.151361]},"properties":{"holder_names":"Mrs Jose Strawson","holder_address":"16 Polstead Road, Oxford, Oxfordshire, OX2 6TN","property_count":1}},{"type":"Feature","geometry":{"type":"Point","coordinates":[-1.225366,51.763065]},"properties":{"holder_names":"Mr Ishfaq Ahmed","holder_address":"119 Staunton Road, Oxford, Oxfordshire, OX3 7TN","property_count":2}},{"type":"Feature","geometry":{"type":"Point","coordinates":[-0.944201,51.457182]},"properties":{"holder_names":"Mr Abdul Amin","holder_address":"59 Balfour Road, Oxford , OX4 6AF","property_count":1}},{"type":"Feature","geometry":{"type":"Point","coordinates":[-1.211373,51.729466]},"properties":{"holder_names":"Mr Khalid Mohammed Afzal","holder_address":"122 Barns Road, Oxford, OX4 3RF","property_count":1}},{"type":"Feature","geometry":{"type":"Point","coordinates":[-0.931568,51.461421]},"properties":{"holder_names":"Mr Sean Tohill","holder_address":"1 Windsor Crescent, Marston, Oxford, OX3 0SQ","property_count":1}},{"type":"Feature","geometry":{"type":"Point","coordinates":[-3.020432,51.64465]},"properties":{"holder_names":"Mr Ishfaq Mohammed; Mr Mohammed Ishfaq","holder_address":"20 Brasenose Driftway, Oxford, Oxfordshire, OX4 2QX","property_count":2}},{"type":"Feature","geometry":{"type":"Point","coordinates":[-0.477741,52.151645]},"properties":{"holder_names":"Mr Saqab Tasib","holder_address":"18 Wilkins Road, Oxford, Oxfordshire, OX4 2HX","property_count":1}},{"type":"Feature","geometry":{"type":"Point","coordinates":[-0.479106,52.151138]},"properties":{"holder_names":"Mr Ibrahim Selcuk","holder_address":"11 Maple Close, Oxford, OX2 9DZ","property_count":3}},{"type":"Feature","geometry":{"type":"Point","coordinates":[51.80169,55.651549]},"properties":{"holder_names":"Mr Michael Cuddy","holder_address":"28 Van Diemans Lane, Oxford, Oxfordshire, OX4 3QD","property_count":1}},{"type":"Feature","geometry":{"type":"Point","coordinates":[-4.14332,50.416683]},"properties":{"holder_names":"Fazel Abid Karim","holder_address":"278 Cowley Road, Oxford, Oxfordshire, OX4 1UR","property_count":1}},{"type":"Feature","geometry":{"type":"Point","coordinates":[-1.242227,51.77031]},"properties":{"holder_names":"Mr Paul Humphrey Allum","holder_address":"122 Arlington Drive, Oxford, Oxfordshire, OX3 0SL","property_count":1}},{"type":"Feature","geometry":{"type":"Point","coordinates":[-3.18266,51.660093]},"properties":{"holder_names":"Mr Paul Julian Weindling; Ms Julia Taplin; Prof Paul Julian Weindling","holder_address":"24 Leckford Road, Oxford, Oxfordshire, OX2 6HX","property_count":3}},{"type":"Feature","geometry":{"type":"Point","coordinates":[-0.477338,52.150429]},"properties":{"holder_names":"Hutong Properties Ltd","holder_address":"2 Summers Place, Sunderland Avenue, Oxford, Oxfordshire, OX2 8FA","property_count":1}},{"type":"Feature","geometry":{"type":"Point","coordinates":[15.970028,45.79777]},"properties":{"holder_names":"Mr Gui-Qiang George Chen","holder_address":"21 Burgess Mead, Oxford, Oxfordshire, OX2 6XP","property_count":1}},{"type":"Feature","geometry":{"type":"Point","coordinates":[-1.287517,51.747563]},"properties":{"holder_names":"Ms Mary Frances Lynch","holder_address":"86 North Hinksey Lane , Oxford , OX2 0LY","property_count":1}},{"type":"Feature","geometry":{"type":"Point","coordinates":[-1.537529,53.588069]},"properties":{"holder_names":"Mr Mohammed Saddiq","holder_address":"38 St Omer Road, Cowley, Oxford, OX4 3HB","property_count":6}},{"type":"Feature","geometry":{"type":"Point","coordinates":[-1.815598,51.562237]},"properties":{"holder_names":"Mr Mohammed Najib","holder_address":"23 Kenilworth Avenue, Oxford, OX4 2AW","property_count":1}},{"type":"Feature","geometry":{"type":"Point","coordinates":[-1.537529,53.588069]},"properties":{"holder_names":"Mr Takhayer Rizvi","holder_address":"38 Hurst Street, Oxford, Oxfordshire, OX4 1HD","property_count":1}},{"type":"Feature","geometry":{"type":"Point","coordinates":[-0.355567,51.427004]},"properties":{"holder_names":"Mr Gulbahar Khan","holder_address":"75 Mill Street, Oxford, Oxfordshire, OX2 0AL","property_count":1}},{"type":"Feature","geometry":{"type":"Point","coordinates":[7.102596,50.699772]},"properties":{"holder_names":"Mr Anthony Beedell","holder_address":"41 Templar Road, Oxford, OX2 8LS","property_count":1}},{"type":"Feature","geometry":{"type":"Point","coordinates":[-1.212966,51.759767]},"properties":{"holder_names":"Mr Dominic Hotik Tsang","holder_address":"Flat 2, Kingsway House, 77A-81A London Road, Headington, Oxford , OX3 9AA","property_count":1}},{"type":"Feature","geometry":{"type":"Point","coordinates":[-1.264605,51.77748]},"properties":{"holder_names":"Penny And Sinclair Ltd","holder_address":"Mayfield House, 256 Banbury Road, Oxford, OX2 7DE","property_count":1}},{"type":"Feature","geometry":{"type":"Point","coordinates":[-1.223762,51.762194]},"properties":{"holder_names":"Mr Saeed Akhtar","holder_address":"133 Headley Way, Oxford, OX3 7SS","property_count":1}},{"type":"Feature","geometry":{"type":"Point","coordinates":[-1.264415,51.776122]},"properties":{"holder_names":"Mr Philip Blanchard","holder_address":"214 Banbury Road , Oxford, OX2 7BY","property_count":2}},{"type":"Feature","geometry":{"type":"Point","coordinates":[-2.557698,53.405503]},"properties":{"holder_names":"Mr Mohammed Nawaz","holder_address":"173A Cowley Road, Oxford, Oxfordshire, OX4 1UT","property_count":2}},{"type":"Feature","geometry":{"type":"Point","coordinates":[-0.931568,51.461421]},"properties":{"holder_names":"Mr Bing Shian Tseu","holder_address":"1 Walton Lane, Oxford, Oxfordshire, OX1 2JN","property_count":1}},{"type":"Feature","geometry":{"type":"Point","coordinates":[-3.18266,51.660093]},"properties":{"holder_names":"Mr Kevin Charles Cruickshank","holder_address":"24 Harbord Road, Oxford, Oxfordshire, OX2 8LJ","property_count":1}},{"type":"Feature","geometry":{"type":"Point","coordinates":[-1.2053,51.730591]},"properties":{"holder_names":"Harris Jan Property Services Limited","holder_address":"Oxford House, Park Way Court , Oxford , OX4 2JY","property_count":1}},{"type":"Feature","geometry":{"type":"Point","coordinates":[-0.478887,52.151212]},"properties":{"holder_names":"Ms Rosemary Harlow","holder_address":"12 Wytham Street, Oxford, Oxfordshire, OX1 4SU","property_count":2}},{"type":"Feature","geometry":{"type":"Point","coordinates":[-1.214568,51.735147]},"properties":{"holder_names":"Mrs Shahidah N Majeed","holder_address":"153 Oxford Road, Cowley, Oxford, Oxfordshire, OX4 2ES","property_count":1}},{"type":"Feature","geometry":{"type":"Point","coordinates":[24.177345,54.350696]},"properties":{"holder_names":"Mrs Muqadas Ul- Hassan","holder_address":"33 North Way, Headington , Oxford , OX3 9ES","property_count":1}},{"type":"Feature","geometry":{"type":"Point","coordinates":[-0.477486,52.151361]},"properties":{"holder_names":"Mr Zafer Hussain Munshi","holder_address":"16 Jessops Close, Oxford, OX3 0NU","property_count":1}},{"type":"Feature","geometry":{"type":"Point","coordinates":[-0.352938,51.814955]},"properties":{"holder_names":"Mr Farooq Ghulam","holder_address":"6 Staunton Road , Headington , Oxford, OX3 7TW","property_count":1}},{"type":"Feature","geometry":{"type":"Point","coordinates":[3.881323,43.974931]},"properties":{"holder_names":"Mr Simon Pitkin","holder_address":"30 Broadhurst Gardens , Littlemore, OX4 4YQ","property_count":1}},{"type":"Feature","geometry":{"type":"Point","coordinates":[-0.931568,51.461421]},"properties":{"holder_names":"Mr Khurram Ijaz","holder_address":"1 Bursill Close, Headington, Oxford, OX3 8EW","property_count":1}},{"type":"Feature","geometry":{"type":"Point","coordinates":[-0.630181,52.071696]},"properties":{"holder_names":"Mr Richard Morgan","holder_address":"43B Sunderland Avenue, Oxford, OX2 8DT","property_count":1}},{"type":"Feature","geometry":{"type":"Point","coordinates":[103.905003,52.59341]},"properties":{"holder_names":"Miss Katie Washburn","holder_address":"49 Aldrich Road, Oxford, OX2 7ST","property_count":1}},{"type":"Feature","geometry":{"type":"Point","coordinates":[-1.22942,51.74512]},"properties":{"holder_names":"Mr Jianhua Wang","holder_address":"255 Cowley Road, , Oxford , OX4 1XQ","property_count":1}},{"type":"Feature","geometry":{"type":"Point","coordinates":[-0.47846,52.151355]},"properties":{"holder_names":"Mr Ghulam Adil Murtza","holder_address":"15 Derwent Avenue, Oxford, Oxfordshire, OX3 0AR","property_count":1}},{"type":"Feature","geometry":{"type":"Point","coordinates":[0.472293,51.733465]},"properties":{"holder_names":"Varsity Design Ltd","holder_address":"39 Henley Avenue, Oxford , OX4 4DJ","property_count":2}},{"type":"Feature","geometry":{"type":"Point","coordinates":[-1.201783,51.746135]},"properties":{"holder_names":"The Trustees Of The Saint Theosevia Trust","holder_address":"Flat 6 Marywood House, 3 David Steel Close, Oxford, OX3 8FU","property_count":1}},{"type":"Feature","geometry":{"type":"Point","coordinates":[-3.574118,51.949299]},"properties":{"holder_names":"Oxhold Limited","holder_address":"105A Lonsdale Road, Oxford, Oxfordshire, OX2 7ET","property_count":1}},{"type":"Feature","geometry":{"type":"Point","coordinates":[44.750717,48.797059]},"properties":{"holder_names":"Mrs Shabana Tariq","holder_address":"26 Weyland Road, Headington, Oxford , OX3 8PD","property_count":1}},{"type":"Feature","geometry":{"type":"Point","coordinates":[-0.478671,52.151284]},"properties":{"holder_names":"Mrs Yulan Jiang","holder_address":"14 Beech Road, Headington, Oxford, OX3 7RR","property_count":1}},{"type":"Feature","geometry":{"type":"Point","coordinates":[-0.134351,51.571001]},"properties":{"holder_names":"Linfield Limited","holder_address":"74 Lime Walk, Headington, OXFORD, OX3 7AE","property_count":1}},{"type":"Feature","geometry":{"type":"Point","coordinates":[-1.219433,51.73425]},"properties":{"holder_names":"Mr Mohammed Ali Rashid","holder_address":"44 Clive Road, Oxford, Oxfordshire, OX4 3EL","property_count":1}},{"type":"Feature","geometry":{"type":"Point","coordinates":[45.398905,35.575375]},"properties":{"holder_names":"Mr Waqar Sabir","holder_address":"117 Staunton Road, Headington, Oxford, OX3 7TR","property_count":3}},{"type":"Feature","geometry":{"type":"Point","coordinates":[-3.368001,55.946073]},"properties":{"holder_names":"Mr Chetankumar Patel","holder_address":"100 Lytton Road, Cowley, Oxford, OX4 3NZ","property_count":1}},{"type":"Feature","geometry":{"type":"Point","coordinates":[-0.931568,51.461421]},"properties":{"holder_names":"Mrs Louise Murphy","holder_address":"1 Swinbourne Road, Oxford, Oxfordshire, OX4 4PQ","property_count":1}},{"type":"Feature","geometry":{"type":"Point","coordinates":[33.442262,49.131697]},"properties":{"holder_names":"Mrs Tabassum Saeed","holder_address":"50 East Field Close, Headington, Oxford, OX3 7SH","property_count":1}},{"type":"Feature","geometry":{"type":"Point","coordinates":[-1.200787,51.733296]},"properties":{"holder_names":"Mr Iftakhar Qayyum","holder_address":"170 Fern Hill Road, Oxford, Oxfordshire, OX4 2JR","property_count":1}},{"type":"Feature","geometry":{"type":"Point","coordinates":[-3.10227,51.017659]},"properties":{"holder_names":"Mr Michael Richard Hopcraft","holder_address":"5A Davenant Road, Oxford , OX2 8BT","property_count":1}},{"type":"Feature","geometry":{"type":"Point","coordinates":[-1.402052,50.941462]},"properties":{"holder_names":"Mr Shuaibur Rahman","holder_address":"58 Saunders Road, Oxford, OX4 2EF","property_count":3}},{"type":"Feature","geometry":{"type":"Point","coordinates":[-1.242787,51.750004]},"properties":{"holder_names":"Mr Pete Saini","holder_address":"102 St Clements , Oxford, OX4 1AR","property_count":1}},{"type":"Feature","geometry":{"type":"Point","coordinates":[-0.478671,52.151284]},"properties":{"holder_names":"Mrs Julie Stormont","holder_address":"14 Tree Lane, Iffley Village, Oxford, OX4 4EY","property_count":2}},{"type":"Feature","geometry":{"type":"Point","coordinates":[-1.264559,51.777422]},"properties":{"holder_names":"Mr Tom Marriott","holder_address":"256 Mayfield House, Banbury Road, Summertown, OX2 7DE","property_count":1}},{"type":"Feature","geometry":{"type":"Point","coordinates":[-0.479106,52.151138]},"properties":{"holder_names":"Mrs Vivien Peto","holder_address":"11 Havelock Road, Oxford, Oxfordshire, OX4 3EP","property_count":1}},{"type":"Feature","geometry":{"type":"Point","coordinates":[-0.477741,52.151645]},"properties":{"holder_names":"Mr Shabaz Hussain","holder_address":"18 Liddell RoadOxford, Oxfordshire, OX4 3QU","property_count":1}},{"type":"Feature","geometry":{"type":"Point","coordinates":[-0.479106,52.151138]},"properties":{"holder_names":"Ms Julia Maddocks","holder_address":"11 Iffley Turn, Oxford, Oxfordshire, OX4 4HN","property_count":1}},{"type":"Feature","geometry":{"type":"Point","coordinates":[-1.392745,51.40087]},"properties":{"holder_names":"Mr Altaf Hussain","holder_address":"81 Lytton Road, Oxford, OX4 3NY","property_count":2}},{"type":"Feature","geometry":{"type":"Point","coordinates":[-0.477486,52.151361]},"properties":{"holder_names":"Mr Zafer Hussain","holder_address":"16 Jessops Close, Oxford, Oxfordshire, OX3 0NU","property_count":1}},{"type":"Feature","geometry":{"type":"Point","coordinates":[-2.845282,53.186097]},"properties":{"holder_names":"Mr Mohammed Ishfaq","holder_address":"122A Hollow Way, Oxford, Oxfordshire, OX4 2NL","property_count":1}},{"type":"Feature","geometry":{"type":"Point","coordinates":[-0.478887,52.151212]},"properties":{"holder_names":"Ms Rosemary Harlow","holder_address":"12 Wytham Street, Oxford, OX1 4SU","property_count":1}},{"type":"Feature","geometry":{"type":"Point","coordinates":[0.856938,52.484023]},"properties":{"holder_names":"Mrs Mingyu Chen","holder_address":"84 Rose Hill , Oxford , OX4 4HX","property_count":1}},{"type":"Feature","geometry":{"type":"Point","coordinates":[-0.426626,51.417531]},"properties":{"holder_names":"Mrs Mahroof Jan","holder_address":"9 Chester Street, Oxford, Oxfordshire, OX4 1SL","property_count":3}},{"type":"Feature","geometry":{"type":"Point","coordinates":[-0.47783,52.151799]},"properties":{"holder_names":"Mr Mohammed Assim Rashid","holder_address":"19 Salford Road, Oxford, Oxfordshire, OX3 0RX","property_count":1}},{"type":"Feature","geometry":{"type":"Point","coordinates":[-0.911485,53.383984]},"properties":{"holder_names":"Mr Mohammad Rauf","holder_address":"68 Iffley Turn, Oxford, OX4 4HN","property_count":1}},{"type":"Feature","geometry":{"type":"Point","coordinates":[-0.674906,51.482575]},"properties":{"holder_names":"Mrs Fareeda Jabbar","holder_address":"54 Westbury Crescent, Oxford, Oxfordshire, OX4 3SA","property_count":1}},{"type":"Feature","geometry":{"type":"Point","coordinates":[-1.230864,51.740898]},"properties":{"holder_names":"Mr Frederick Mark Latham","holder_address":"129 Howard St, Oxford, OX4 3AZ","property_count":1}},{"type":"Feature","geometry":{"type":"Point","coordinates":[-1.233067,51.746345]},"properties":{"holder_names":"Mr Mohammed Idrees","holder_address":"226 Cowley Rd , Oxford , OX4 1UH","property_count":1}},{"type":"Feature","geometry":{"type":"Point","coordinates":[-1.229528,51.735143]},"properties":{"holder_names":"Mr Andrew Eamon Scully","holder_address":"122 Cornwallis Road , Oxford , OX4 3NH","property_count":1}},{"type":"Feature","geometry":{"type":"Point","coordinates":[30.153458,59.795655]},"properties":{"holder_names":"Mr Michael O'Shea","holder_address":"42 Denny Gardens, Littlemore, Oxford , OX4 4GQ","property_count":1}},{"type":"Feature","geometry":{"type":"Point","coordinates":[-1.339887,52.852046]},"properties":{"holder_names":"Mr Nick Carlsen","holder_address":"25 Norreys Road , Oxford , OX2 9PT","property_count":1}},{"type":"Feature","geometry":{"type":"Point","coordinates":[-0.477615,52.151507]},"properties":{"holder_names":"Mrs Diana Elizabeth Harrison","holder_address":"17 Sandfield Road, Headington Road, Oxford, OX3 7RN","property_count":1}},{"type":"Feature","geometry":{"type":"Point","coordinates":[-0.477338,52.150429]},"properties":{"holder_names":"Mr Gary Clayton","holder_address":"2 Burra Close, Sandford-onThames, Oxfordshire, OX4 4YE","property_count":1}},{"type":"Feature","geometry":{"type":"Point","coordinates":[23.736909,37.949989]},"properties":{"holder_names":"Ms Eileen Kennedy","holder_address":"45 Ridgeway Road, Oxford, Oxfordshire, OX3 8DT","property_count":1}},{"type":"Feature","geometry":{"type":"Point","coordinates":[-1.233521,51.737108]},"properties":{"holder_names":"Dr Sahid Ahmed","holder_address":"339 Iffley Road, Oxford, OX4 4DP","property_count":1}},{"type":"Feature","geometry":{"type":"Point","coordinates":[-1.265619,51.724418]},"properties":{"holder_names":"Raja Brothers (Oxford) Limited","holder_address":"Grove House , Badger Lane , Hinskey Hill , Oxford, OX1 5BL","property_count":1}},{"type":"Feature","geometry":{"type":"Point","coordinates":[-0.47783,52.151799]},"properties":{"holder_names":"Mr Mohammed Assim Rashid","holder_address":"19 Salford Road, Marston, OXFORD, OX3 0RX","property_count":1}},{"type":"Feature","geometry":{"type":"Point","coordinates":[-1.537529,53.588069]},"properties":{"holder_names":"Mr Mohammed Saddiq","holder_address":"38 St Omer Road, Cowley, Oxford , OX4 3HB","property_count":1}},{"type":"Feature","geometry":{"type":"Point","coordinates":[-1.229528,51.735143]},"properties":{"holder_names":"Mr Andrew Eamon Scully","holder_address":"122 Cornwallis Road, Oxford, Oxfordshire, OX4 3NH","property_count":1}},{"type":"Feature","geometry":{"type":"Point","coordinates":[-1.239448,51.740544]},"properties":{"holder_names":"Mr Mushtaq Ahmed Rajah","holder_address":"55 Argyle Street, Oxford, Oxfordshire, OX4 1ST","property_count":1}},{"type":"Feature","geometry":{"type":"Point","coordinates":[-1.227579,51.743104]},"properties":{"holder_names":"Mrs Zahidaa Gulzar","holder_address":"352 Cowley Road, Oxford, Oxfordshire, OX4 2AG","property_count":1}},{"type":"Feature","geometry":{"type":"Point","coordinates":[-0.47783,52.151799]},"properties":{"holder_names":"Mrs Berenice Mary Anderson","holder_address":"19 Thorncliffe Road, Oxford, OX2 7BA","property_count":3}},{"type":"Feature","geometry":{"type":"Point","coordinates":[-1.233133,51.74637]},"properties":{"holder_names":"Mr Andrew Alder","holder_address":"224 Cowley Road, Oxford, Oxfordshire, OX4 1UH","property_count":1}},{"type":"Feature","geometry":{"type":"Point","coordinates":[-1.190165,51.749244]},"properties":{"holder_names":"Ms Jayne Cassell","holder_address":"The Orchard, The Ridings, OXFORD, OX3 8TB","property_count":1}},{"type":"Feature","geometry":{"type":"Point","coordinates":[-1.30337,51.74513]},"properties":{"holder_names":"Mrs Janet Sarah Darshan Finn","holder_address":"76 Cumnor Road, Oxford, OX1 5JP","property_count":1}},{"type":"Feature","geometry":{"type":"Point","coordinates":[0.472293,51.733465]},"properties":{"holder_names":"Mr Howard Gordon Marshall","holder_address":"39 Henley Avenue, Oxford, OX4 4DJ","property_count":1}},{"type":"Feature","geometry":{"type":"Point","coordinates":[-1.30878,51.743803]},"properties":{"holder_names":"Mr John Joseph Whitty","holder_address":"Wexford House , 79 Cumnor Hill , Oxford, OX2 9HX","property_count":1}},{"type":"Feature","geometry":{"type":"Point","coordinates":[-0.931568,51.461421]},"properties":{"holder_names":"Mr Osman Ghaffar","holder_address":"1 Marshall Road, Oxford, OX4 2NP","property_count":1}},{"type":"Feature","geometry":{"type":"Point","coordinates":[-1.318454,51.386206]},"properties":{"holder_names":"Mr Sirnawaz Khan; Mrs Naheed Khan","holder_address":"7 Fairfax Road, Oxford, Oxfordshire, OX4 2QG","property_count":5}},{"type":"Feature","geometry":{"type":"Point","coordinates":[-1.318454,51.386206]},"properties":{"holder_names":"Mrs Alice Mary Styles","holder_address":"7 Denmark Street, Oxford, Oxfordshire, OX4 1QS","property_count":1}},{"type":"Feature","geometry":{"type":"Point","coordinates":[-1.317408,51.710106]},"properties":{"holder_names":"Mr Mark Alexander Finn","holder_address":"76 Cumnor Road , Boars Hill, Oxford, OX1 5JP","property_count":1}},{"type":"Feature","geometry":{"type":"Point","coordinates":[-1.228596,51.742068]},"properties":{"holder_names":"Mrs Sheela Sundar","holder_address":"187 Howard Street, Cowley, OXFORD, OX4 3BB","property_count":3}},{"type":"Feature","geometry":{"type":"Point","coordinates":[-1.309183,51.748706]},"properties":{"holder_names":"Mr Andrew Dyer","holder_address":"Brindle Bank , 10 Third Acre Rise, Oxford, OX2 9DA","property_count":1}},{"type":"Feature","geometry":{"type":"Point","coordinates":[-1.176285,51.793945]},"properties":{"holder_names":"Mr Greg Kieran","holder_address":"Woodperry View, Woodperry Road, Beckley, OX3 9UZ","property_count":2}},{"type":"Feature","geometry":{"type":"Point","coordinates":[-1.222196,51.755822]},"properties":{"holder_names":"Mr Abbas Younus","holder_address":"General Stores And Newsagent, 2 Grays Road, Headington, Oxford, OX3 7QA","property_count":1}},{"type":"Feature","geometry":{"type":"Point","coordinates":[-1.265619,51.724418]},"properties":{"holder_names":"NV Estates Limited","holder_address":"Grove House , Badger Lane, Hinksey Hill, Oxford, OX1 5BL","property_count":1}},{"type":"Feature","geometry":{"type":"Point","coordinates":[-0.477594,52.150713]},"properties":{"holder_names":"Mr Mohammad Imran Faruq","holder_address":"9 Whitson Place, Oxford, OX4 3DD","property_count":12}},{"type":"Feature","geometry":{"type":"Point","coordinates":[-1.265619,51.724418]},"properties":{"holder_names":"NV Estates Limited; Raja Brothers (Oxford) Limited","holder_address":"Grove House, Badger Lane, Hinksey Hill, OXFORD, OX1 5BL","property_count":4}},{"type":"Feature","geometry":{"type":"Point","coordinates":[0.180868,51.870642]},"properties":{"holder_names":"Mr Siddiq Khan","holder_address":"13 Horspath Road, Oxford, OX4 2QL","property_count":1}},{"type":"Feature","geometry":{"type":"Point","coordinates":[-0.477338,52.150429]},"properties":{"holder_names":"Mr Saeed Khan","holder_address":"2 Sandford Road, Littlemore, Oxford, Oxfordshire, OX4 4PX","property_count":1}},{"type":"Feature","geometry":{"type":"Point","coordinates":[-1.263475,51.725755]},"properties":{"holder_names":"Mr Qaiser Sabir","holder_address":"Charnwood, Hinksey Hill, Oxford, OX1 5BD","property_count":4}},{"type":"Feature","geometry":{"type":"Point","coordinates":[6.7643,51.211817]},"properties":{"holder_names":"Mr Milan Vukoman","holder_address":"3 Belvedere Road, Oxford, Oxfordshire, OX4 2AZ","property_count":1}},{"type":"Feature","geometry":{"type":"Point","coordinates":[-0.352938,51.814955]},"properties":{"holder_names":"Mr Farooq Ahmed Ghulam; Mr Farooq Ghulam","holder_address":"6 Staunton Road, Headington, Oxford, OX3 7TW","property_count":2}},{"type":"Feature","geometry":{"type":"Point","coordinates":[-0.426591,51.417397]},"properties":{"holder_names":"Mr Terence Roger Butler","holder_address":"8 Gordon Street, OXFORD, OX1 4RJ","property_count":1}},{"type":"Feature","geometry":{"type":"Point","coordinates":[-3.18266,51.660093]},"properties":{"holder_names":"Mr Mariusz Bogumil","holder_address":"24 Comfrey Road, Oxford, Oxfordshire, OX4 6SP","property_count":1}},{"type":"Feature","geometry":{"type":"Point","coordinates":[-0.931568,51.461421]},"properties":{"holder_names":"Miss Aliya Rana","holder_address":"1 Fitzherbert Close , Oxford , OX4 4EN","property_count":1}},{"type":"Feature","geometry":{"type":"Point","coordinates":[44.005361,36.206077]},"properties":{"holder_names":"Mrs Nisa Khan","holder_address":"43 Fern Hill Road, Oxford, Oxfordshire, OX4 2JW","property_count":1}},{"type":"Feature","geometry":{"type":"Point","coordinates":[-1.401812,51.400843]},"properties":{"holder_names":"Mr Mumtaz Ahmed","holder_address":"80 Kennington Road, Kennington, Oxford, OX1 5PB","property_count":1}},{"type":"Feature","geometry":{"type":"Point","coordinates":[-0.426626,51.417531]},"properties":{"holder_names":"Ms Tokeeza Ali","holder_address":"9 Howard Street, Oxford, Oxfordshire, OX4 3AY","property_count":1}},{"type":"Feature","geometry":{"type":"Point","coordinates":[0.573402,51.36574]},"properties":{"holder_names":"Mr Feisal Ali","holder_address":"22 Howard Street, Oxford, OX4 3BE","property_count":1}},{"type":"Feature","geometry":{"type":"Point","coordinates":[15.970028,45.79777]},"properties":{"holder_names":"Mr Mohammed Najib","holder_address":"21 Kenilworth Avenue, Oxford , OX4 2AW","property_count":1}},{"type":"Feature","geometry":{"type":"Point","coordinates":[-1.301104,51.402198]},"properties":{"holder_names":"Ms Haitao Wang","holder_address":"87 Staunton Road, Oxford, Oxfordshire, OX3 7TL","property_count":1}},{"type":"Feature","geometry":{"type":"Point","coordinates":[6.7643,51.211817]},"properties":{"holder_names":"Mrs Noorjahan Khan","holder_address":"32 Garsington Road, Cowley, Oxford, OX4 2LG","property_count":1}},{"type":"Feature","geometry":{"type":"Point","coordinates":[-1.230203,51.744496]},"properties":{"holder_names":"Mr Taseer Ahmad","holder_address":"157 Magdalen Road, Oxford, Oxfordshire, OX4 1RN","property_count":1}},{"type":"Feature","geometry":{"type":"Point","coordinates":[-0.477486,52.151361]},"properties":{"holder_names":"Ms Soraya Jan","holder_address":"16 Warwick Street, Oxford, OX4 1SX","property_count":1}},{"type":"Feature","geometry":{"type":"Point","coordinates":[-1.291558,51.752715]},"properties":{"holder_names":"Miss Ruth Fitzsimmons","holder_address":"Savills (UK) Limited, Wytham Court , 11 West Way, Oxford , OX2 0QL","property_count":1}},{"type":"Feature","geometry":{"type":"Point","coordinates":[-1.834693,51.573859]},"properties":{"holder_names":"Mr Leo Rosenberg","holder_address":"5 Hugh Allen Crescent, Oxford, Oxfordshire, OX3 0HL","property_count":1}},{"type":"Feature","geometry":{"type":"Point","coordinates":[-0.426626,51.417531]},"properties":{"holder_names":"Mr Armond Lleshi","holder_address":"9 Giles Road, Littlemore, Oxford, OX4 4NN","property_count":1}},{"type":"Feature","geometry":{"type":"Point","coordinates":[-1.307314,51.719849]},"properties":{"holder_names":"Mr Christopher Kingsley","holder_address":"Wootton Ridge, White Barn, Boars Hill, Oxford, OX1 5HJ","property_count":1}},{"type":"Feature","geometry":{"type":"Point","coordinates":[-1.28104,51.789025]},"properties":{"holder_names":"Mrs Rosemary Harris","holder_address":"396 Woodstock Road, Oxford, Oxfordshire, OX2 8JW","property_count":1}},{"type":"Feature","geometry":{"type":"Point","coordinates":[-1.201486,51.733807]},"properties":{"holder_names":"Mr Mashtaq Ashraf","holder_address":"107 Fern Hill Road, Oxford , OX4 2JR","property_count":1}},{"type":"Feature","geometry":{"type":"Point","coordinates":[-1.401812,51.400843]},"properties":{"holder_names":"Mr Mumtaz Ahmed","holder_address":"80 A Kennington Road, Oxford , OX1 5PB","property_count":1}},{"type":"Feature","geometry":{"type":"Point","coordinates":[-0.477741,52.151645]},"properties":{"holder_names":"Mr Mervyn Anthony Edmead","holder_address":"18 Clinton Close, Rose Hill, Oxford, OX4 4US","property_count":1}},{"type":"Feature","geometry":{"type":"Point","coordinates":[-1.441281,52.395695]},"properties":{"holder_names":"Ms Li Shu Zhao","holder_address":"4 Paddox Close, Oxford, OX2 7LR","property_count":1}},{"type":"Feature","geometry":{"type":"Point","coordinates":[0.180868,51.870642]},"properties":{"holder_names":"Mr Shaun Bradford","holder_address":"13 Crabtree Road , Botley, Oxford, OX2 9DU","property_count":1}},{"type":"Feature","geometry":{"type":"Point","coordinates":[-1.236643,51.766903]},"properties":{"holder_names":"Mrs Rashda Manzoor","holder_address":"39 Old Marston Road, Marston, Oxford, OX3 OJR","property_count":1}},{"type":"Feature","geometry":{"type":"Point","coordinates":[-0.477615,52.151507]},"properties":{"holder_names":"Dr Xing Liu","holder_address":"17 York Avenue, OXFORD, OX3 8NS","property_count":1}},{"type":"Feature","geometry":{"type":"Point","coordinates":[-1.29485,51.708796]},"properties":{"holder_names":"Dr John Charles White","holder_address":"Willow Brook, Fox Lane, Boars Hill, Oxford, OX1 5DS","property_count":1}},{"type":"Feature","geometry":{"type":"Point","coordinates":[-1.264928,51.724868]},"properties":{"holder_names":"Mr Mohammad Aslam","holder_address":"Wayside, Hinksey Hill, Oxford, OX1 5BH","property_count":1}},{"type":"Feature","geometry":{"type":"Point","coordinates":[-1.257749,51.747521]},"properties":{"holder_names":"Homeless Oxfordshire","holder_address":"O'Hanlon House, Luther Street, Oxford, Oxfordshire, OX1 1UL","property_count":1}},{"type":"Feature","geometry":{"type":"Point","coordinates":[-0.640755,51.731905]},"properties":{"holder_names":"Mr Robin Swailes","holder_address":"48 Walton Street, Oxford, OX1 2HG","property_count":3}},{"type":"Feature","geometry":{"type":"Point","coordinates":[-1.27249,51.748009]},"properties":{"holder_names":"Mr Nathan Rodway","holder_address":"The Kings Centre, Osney Mead, Oxford, OX2 0ES","property_count":1}},{"type":"Feature","geometry":{"type":"Point","coordinates":[-1.834693,51.573859]},"properties":{"holder_names":"Mr Harold Ernest Roffey","holder_address":"5 Mileway Gardens, Oxford, OX3 7XH","property_count":1}},{"type":"Feature","geometry":{"type":"Point","coordinates":[-1.401812,51.400843]},"properties":{"holder_names":"Mr Thomas George Nealon","holder_address":"80 Old Road, Headington, Oxford, OX3 7LP","property_count":1}},{"type":"Feature","geometry":{"type":"Point","coordinates":[-1.2624,51.779904]},"properties":{"holder_names":"Mr Thomas Bright","holder_address":"Bright Properties (Oxford) Ltd, 105A Lonsdale Road, Oxford, Oxfordshire, OX2 7ET","property_count":1}},{"type":"Feature","geometry":{"type":"Point","coordinates":[-1.235238,51.739716]},"properties":{"holder_names":"Mr George McHugh","holder_address":"281 Iffley Road, Oxford, Oxfordshire, OX4 4AQ","property_count":1}},{"type":"Feature","geometry":{"type":"Point","coordinates":[-0.931568,51.461421]},"properties":{"holder_names":"Penny And Sinclair Ltd","holder_address":"1-4 The Plain, Oxford, Oxfordshire, OX4 1AS","property_count":1}},{"type":"Feature","geometry":{"type":"Point","coordinates":[-1.22324,51.760568]},"properties":{"holder_names":"Mrs Noreen Sarwar","holder_address":"190 Headley Way, Headington, Oxford, OX3 7TA","property_count":1}},{"type":"Feature","geometry":{"type":"Point","coordinates":[-0.911485,53.383984]},"properties":{"holder_names":"Mr Mohammad Dogar; Mr Mohammad Ovais","holder_address":"68 Iffley Turn, Oxford, Oxfordshire, OX4 4HN","property_count":2}},{"type":"Feature","geometry":{"type":"Point","coordinates":[1.170733,49.213836]},"properties":{"holder_names":"Mr Deepak Mukhi","holder_address":"27 Linkside Avenue, Oxford, Oxfordshire, OX2 8JE","property_count":1}},{"type":"Feature","geometry":{"type":"Point","coordinates":[1.170733,49.213836]},"properties":{"holder_names":"Mr Deepak Mukhi","holder_address":"27 Linkside Avenue, Oxford, OX2 8JE","property_count":1}},{"type":"Feature","geometry":{"type":"Point","coordinates":[30.153458,59.795655]},"properties":{"holder_names":"Mr Mohumed Hoque","holder_address":"42 Leon Close, Oxford, Oxfordshire, OX4 1GS","property_count":2}},{"type":"Feature","geometry":{"type":"Point","coordinates":[-1.293301,51.744676]},"properties":{"holder_names":"Mr Harold Grant","holder_address":"Summerhill House, Yarnells Hill, Oxford, OX2 9GB","property_count":1}},{"type":"Feature","geometry":{"type":"Point","coordinates":[-1.204239,52.927353]},"properties":{"holder_names":"Mr Abid Hameed Mufti","holder_address":"2A Orchard Road, Oxford, OX2 9BH","property_count":1}},{"type":"Feature","geometry":{"type":"Point","coordinates":[-0.931568,51.461421]},"properties":{"holder_names":"Mr Jamil Akhtar","holder_address":"1 Tawney Street, Oxford, OX4 1NJ","property_count":3}},{"type":"Feature","geometry":{"type":"Point","coordinates":[-1.23993,51.706852]},"properties":{"holder_names":"Mr Mohammad Afzal","holder_address":"229 Poplar Grove , Kennington , Oxford, OX1 5QT","property_count":1}},{"type":"Feature","geometry":{"type":"Point","coordinates":[-5.237389,56.71215]},"properties":{"holder_names":"Mr Habib Khushi","holder_address":"72 Cricket Road, Oxford, Oxfordshire, OX4 3DH","property_count":2}},{"type":"Feature","geometry":{"type":"Point","coordinates":[0.180868,51.870642]},"properties":{"holder_names":"Mr Imran Iqbal","holder_address":"13 Valentia Road , Headington , Oxford, OX3 7PN","property_count":1}},{"type":"Feature","geometry":{"type":"Point","coordinates":[-1.219068,51.754008]},"properties":{"holder_names":"Mr Sajid Sohail","holder_address":"96 Valentia Road, Headington, Oxford, OX3 7PW","property_count":1}},{"type":"Feature","geometry":{"type":"Point","coordinates":[-1.216276,51.764234]},"properties":{"holder_names":"Mrs Sylvia Rosa Maria Saxby","holder_address":"10 St Andrews Lane , Headington, Oxford , OX3 9DP","property_count":1}},{"type":"Feature","geometry":{"type":"Point","coordinates":[-1.204239,52.927353]},"properties":{"holder_names":"Mr Timothy Martin Bearder","holder_address":"2A Stanley Road, Oxford, OX4 1QZ","property_count":1}},{"type":"Feature","geometry":{"type":"Point","coordinates":[-0.477615,52.151507]},"properties":{"holder_names":"Mrs Shabana Nadeem","holder_address":"17 Elms Road, Botley, Oxford, OX2 9JZ","property_count":1}},{"type":"Feature","geometry":{"type":"Point","coordinates":[6.7643,51.211817]},"properties":{"holder_names":"Mr Haroon Rashid Khan","holder_address":"32 Garsington Road, Oxford, OX4 2LG","property_count":1}},{"type":"Feature","geometry":{"type":"Point","coordinates":[0.573402,51.36574]},"properties":{"holder_names":"Mrs Arshad Begum","holder_address":"22 Cowley Road, Littlemore, Oxford, OX4 4JY","property_count":1}},{"type":"Feature","geometry":{"type":"Point","coordinates":[-1.202339,51.748986]},"properties":{"holder_names":"Mr Mohammed Amer Akbar","holder_address":"130 Leiden Road, Oxford, OX3 8QU","property_count":1}},{"type":"Feature","geometry":{"type":"Point","coordinates":[-0.47846,52.151355]},"properties":{"holder_names":"Mrs Hinna Junaid","holder_address":"15 Netherwoods Road, Headington, Oxford, OX3 8HF","property_count":2}},{"type":"Feature","geometry":{"type":"Point","coordinates":[-1.237476,51.741196]},"properties":{"holder_names":"Mrs Sally Ahmed","holder_address":"242 Iffley Road, Oxford, OX4 1SE","property_count":1}},{"type":"Feature","geometry":{"type":"Point","coordinates":[-1.178898,51.794376]},"properties":{"holder_names":"Mr Li Zhou","holder_address":"Fieldfare, Woodperry Road, Beckley, Oxford , OX3 9UY","property_count":1}},{"type":"Feature","geometry":{"type":"Point","coordinates":[-0.477615,52.151507]},"properties":{"holder_names":"Mr Nicholas Paplomatas","holder_address":"17 Harberton Mead, Oxford, Oxfordshire, OX3 0DB","property_count":1}},{"type":"Feature","geometry":{"type":"Point","coordinates":[-79.027688,-8.116178]},"properties":{"holder_names":"Mr Mohammed Aftab Ghaffar","holder_address":"1A Marshall Road , Oxford , OX4 2NP","property_count":1}},{"type":"Feature","geometry":{"type":"Point","coordinates":[-1.225197,51.710762]},"properties":{"holder_names":"Mr Warren Allen","holder_address":"Kyalami , 48 Henley Road , Sandford , OX4 4YP","property_count":1}},{"type":"Feature","geometry":{"type":"Point","coordinates":[6.7643,51.211817]},"properties":{"holder_names":"Mrs Asha Masih","holder_address":"32 Marshall Road, Cowley, OXFORD, OX4 2NR","property_count":1}},{"type":"Feature","geometry":{"type":"Point","coordinates":[-1.441281,52.395695]},"properties":{"holder_names":"Mr Shahid Sharif","holder_address":"4 Aston Street, Oxford, Oxfordshire, OX4 1EP","property_count":1}},{"type":"Feature","geometry":{"type":"Point","coordinates":[-1.33002,51.734519]},"properties":{"holder_names":"Mrs Jennifer Anne Joynson","holder_address":"98 Oxford Road, Cumnor, Oxford, OX2 9PQ","property_count":1}},{"type":"Feature","geometry":{"type":"Point","coordinates":[-0.479106,52.151138]},"properties":{"holder_names":"Mr Richard John Pain","holder_address":"11 Hosker Close, Headington, Oxford, OX3 8EN","property_count":1}},{"type":"Feature","geometry":{"type":"Point","coordinates":[-0.426626,51.417531]},"properties":{"holder_names":"Mr Alexander James Gandon","holder_address":"9 Essex Street, Oxford, Oxfordshire, OX4 3AW","property_count":1}},{"type":"Feature","geometry":{"type":"Point","coordinates":[44.749294,48.794839]},"properties":{"holder_names":"Mr Colin Webb","holder_address":"37 Rippington Drive, Oxford, Oxfordshire, OX3 0RJ","property_count":1}},{"type":"Feature","geometry":{"type":"Point","coordinates":[-1.318454,51.386206]},"properties":{"holder_names":"Mr Sami Ullah","holder_address":"7 Cumnor Rise Road, Oxford , OX2 9HD","property_count":1}},{"type":"Feature","geometry":{"type":"Point","coordinates":[-1.240317,51.74894]},"properties":{"holder_names":"Mr Eli Brackman","holder_address":"Oxford Chabad Society, 75 Cowley Road, Oxford, Oxfordshire, OX4 1HR","property_count":1}},{"type":"Feature","geometry":{"type":"Point","coordinates":[-1.834693,51.573859]},"properties":{"holder_names":"Mr Kwok Wah Lau","holder_address":"5 Colegrove Down, Oxford , OX2 9HT","property_count":1}},{"type":"Feature","geometry":{"type":"Point","coordinates":[-1.793851,53.631809]},"properties":{"holder_names":"Miss Wei Quan","holder_address":"199 The Slade, Headington, Oxford, OX3 7HR","property_count":1}},{"type":"Feature","geometry":{"type":"Point","coordinates":[-1.252098,51.752577]},"properties":{"holder_names":"University College Oxford","holder_address":"The Master Of Fellows University College, High Street, Oxford, OX1 4BH","property_count":1}},{"type":"Feature","geometry":{"type":"Point","coordinates":[30.786482,46.574185]},"properties":{"holder_names":"Mr Ashok Kumar Sahonta Masih","holder_address":"51 Bailey Road, Oxford, Oxfordshire, OX4 3HU","property_count":1}},{"type":"Feature","geometry":{"type":"Point","coordinates":[-0.477338,52.150429]},"properties":{"holder_names":"Mr Mohammed Alyas","holder_address":"2 Warwick Street, Oxford, Oxfordshire, OX4 1SX","property_count":1}},{"type":"Feature","geometry":{"type":"Point","coordinates":[-1.441281,52.395695]},"properties":{"holder_names":"Mr Zia Murtaza","holder_address":"4 Nye Bevan Close, Oxford, Oxfordshire, OX4 1GB","property_count":1}},{"type":"Feature","geometry":{"type":"Point","coordinates":[24.177345,54.350696]},"properties":{"holder_names":"Mr Jonathan Kon Chung Lau","holder_address":"33 Woodcroft, Oxford, OX1 5NH","property_count":1}},{"type":"Feature","geometry":{"type":"Point","coordinates":[-3.020432,51.64465]},"properties":{"holder_names":"Mrs Maria Lindo","holder_address":"20 Glanville Road, Cowley , Oxford, OX4 2DD","property_count":1}},{"type":"Feature","geometry":{"type":"Point","coordinates":[-0.679421,51.485046]},"properties":{"holder_names":"Dr Kim P Hoang; Mr Kim Hoang","holder_address":"53 Kelburne Road, Oxford, OX4 3SH","property_count":2}},{"type":"Feature","geometry":{"type":"Point","coordinates":[-0.479106,52.151138]},"properties":{"holder_names":"Mrs Yasuko Fitch","holder_address":"11 Lovelace Road, Oxford, OX2 8LP","property_count":1}},{"type":"Feature","geometry":{"type":"Point","coordinates":[-1.221994,51.748338]},"properties":{"holder_names":"Mr Matthew Croot","holder_address":"55 Hill Top Road , OXFORD, OX4 1PD","property_count":1}},{"type":"Feature","geometry":{"type":"Point","coordinates":[-0.931568,51.461421]},"properties":{"holder_names":"Prof Adriaan Louis","holder_address":"1 Southmoor Place, Oxford, OX2 6NZ","property_count":1}},{"type":"Feature","geometry":{"type":"Point","coordinates":[-0.47846,52.151355]},"properties":{"holder_names":"Mr Abid Ali","holder_address":"15 Florence Park Road, Oxford, Oxfordshire, OX4 3PN","property_count":1}},{"type":"Feature","geometry":{"type":"Point","coordinates":[1.170733,49.213836]},"properties":{"holder_names":"Dr Tom Lubbock","holder_address":"27 St Margaret's Road, Oxford, Oxfordshire, OX2 6RX","property_count":1}},{"type":"Feature","geometry":{"type":"Point","coordinates":[7.102074,50.699777]},"properties":{"holder_names":"Mrs Catherine Smith","holder_address":"40 Ramsay Road, Headington, Oxford, OX3 8AY","property_count":1}},{"type":"Feature","geometry":{"type":"Point","coordinates":[1.137106,51.092798]},"properties":{"holder_names":"Mr Suraj Masih","holder_address":"184 Fern Hill Road, Oxford, Oxfordshire, OX4 2JR","property_count":1}},{"type":"Feature","geometry":{"type":"Point","coordinates":[6.7643,51.211817]},"properties":{"holder_names":"Ms Lucy Hedges","holder_address":"3 Whitehouse Road, Oxford, OX1 4PA","property_count":1}},{"type":"Feature","geometry":{"type":"Point","coordinates":[-0.478887,52.151212]},"properties":{"holder_names":"Mr Anthony Binnington","holder_address":"12 Warneford Road , Oxford, OX4 1LU","property_count":1}},{"type":"Feature","geometry":{"type":"Point","coordinates":[-1.245508,52.282178]},"properties":{"holder_names":"Mr Devan Sinha","holder_address":"99 Valentia Road, Oxford, Oxfordshire, OX3 7PP","property_count":1}},{"type":"Feature","geometry":{"type":"Point","coordinates":[-1.13582,52.956435]},"properties":{"holder_names":"Mrs Anjum Ahmed","holder_address":"10 White Hart , Old Marston Village, Oxford, OX3 0PL","property_count":1}},{"type":"Feature","geometry":{"type":"Point","coordinates":[-1.204239,52.927353]},"properties":{"holder_names":"Mr Ansar Javed Butt","holder_address":"2A Temple Road, Oxford, Oxfordshire, OX4 2HD","property_count":1}},{"type":"Feature","geometry":{"type":"Point","coordinates":[-0.304619,51.482158]},"properties":{"holder_names":"Mr Mohammed Razvan Raja","holder_address":"101A Cowley Road , Oxford , Oxfordshire, OX4 1HU","property_count":1}},{"type":"Feature","geometry":{"type":"Point","coordinates":[-0.478671,52.151284]},"properties":{"holder_names":"Mr Robin Ajit","holder_address":"14 Van Diemans Lane , Oxford , Oxfordshire, OX4 3QA","property_count":1}},{"type":"Feature","geometry":{"type":"Point","coordinates":[-1.815598,51.562237]},"properties":{"holder_names":"Mrs Sophie Carrier","holder_address":"23 Lincoln Road, Oxford, OX1 4TB","property_count":1}},{"type":"Feature","geometry":{"type":"Point","coordinates":[-1.218694,51.757247]},"properties":{"holder_names":"Mrs Susan Blaydes","holder_address":"The Pines, Brookside, Headington, OXFORD, OX3 7PJ","property_count":1}},{"type":"Feature","geometry":{"type":"Point","coordinates":[-0.478887,52.151212]},"properties":{"holder_names":"Mr Mohammad Amir Faruq","holder_address":"12 Whitson Place, Oxford, OX4 3DD","property_count":3}},{"type":"Feature","geometry":{"type":"Point","coordinates":[-0.477876,52.150618]},"properties":{"holder_names":"Mr Javeed Iqbal Faruq","holder_address":"8 Whitson Place, Oxford, OX4 3DD","property_count":5}},{"type":"Feature","geometry":{"type":"Point","coordinates":[-0.478887,52.151212]},"properties":{"holder_names":"Mr Mohammad Amir Faruq","holder_address":"12 Whitson Place, Oxford, Oxfordshire, OX4 3DD","property_count":6}},{"type":"Feature","geometry":{"type":"Point","coordinates":[-0.477876,52.150618]},"properties":{"holder_names":"Mr Javeed Iqbal Faruq","holder_address":"8 Whitson Place, Oxford, Oxfordshire, OX4 3DD","property_count":4}},{"type":"Feature","geometry":{"type":"Point","coordinates":[-0.477338,52.150429]},"properties":{"holder_names":"Mr Armando Nuraj","holder_address":"2 Bulan Road, Oxford, OX3 7HT","property_count":1}},{"type":"Feature","geometry":{"type":"Point","coordinates":[-0.352938,51.814955]},"properties":{"holder_names":"Mr Bashir Hussain","holder_address":"6 Little Acreage, Old Marston , Oxford, OX3 0PS","property_count":1}},{"type":"Feature","geometry":{"type":"Point","coordinates":[-0.477338,52.150429]},"properties":{"holder_names":"Mr Abbas Younus","holder_address":"2 Grays Road, Headington, Oxford, OX3 7QA","property_count":1}},{"type":"Feature","geometry":{"type":"Point","coordinates":[3.871821,43.840858]},"properties":{"holder_names":"Mrs Catharine Morris","holder_address":"34 Hamilton Road, Oxford, OX2 7PZ","property_count":1}},{"type":"Feature","geometry":{"type":"Point","coordinates":[-1.212818,51.759432]},"properties":{"holder_names":"Mr Farough Khodadadi","holder_address":"MBE Flat 237 , 94 London Road, Oxford, OX3 9FN","property_count":1}},{"type":"Feature","geometry":{"type":"Point","coordinates":[-1.537529,53.588069]},"properties":{"holder_names":"Mr Mohammed Saddiq","holder_address":"38 St Omer Road , Cowley , Oxford , OX4 3HB","property_count":1}},{"type":"Feature","geometry":{"type":"Point","coordinates":[-1.220061,51.7386]},"properties":{"holder_names":"Mrs Yasmin Gulzar","holder_address":"473 Cowley Road, Oxford, OX4 2DN","property_count":1}},{"type":"Feature","geometry":{"type":"Point","coordinates":[-1.815598,51.562237]},"properties":{"holder_names":"Mr Joseph Marshall Walker","holder_address":"23 Barrett Street, Oxford, OX2 0AT","property_count":1}},{"type":"Feature","geometry":{"type":"Point","coordinates":[6.7643,51.211817]},"properties":{"holder_names":"Mr Muhammad Younis","holder_address":"3 Herschel Crescent, Oxford, Oxfordshire, OX4 3TS","property_count":1}},{"type":"Feature","geometry":{"type":"Point","coordinates":[24.177345,54.350696]},"properties":{"holder_names":"Mr Naveed Shan","holder_address":"33 Percy Street, Oxford, OX4 3AA","property_count":2}},{"type":"Feature","geometry":{"type":"Point","coordinates":[24.177345,54.350696]},"properties":{"holder_names":"Mr Steve Charles","holder_address":"33 Marston Street , Oxford , OX4 1JU","property_count":1}},{"type":"Feature","geometry":{"type":"Point","coordinates":[30.786482,46.574185]},"properties":{"holder_names":"Mr Mohammed Sarfaraz; Mr Sarfaraz Mohammed","holder_address":"51 Westbury Crescent, Oxford, Oxfordshire, OX4 3SA","property_count":2}},{"type":"Feature","geometry":{"type":"Point","coordinates":[-3.020432,51.64465]},"properties":{"holder_names":"Mr Nderim Dema","holder_address":"20 Raymund Road, Oxford, Oxfordshire, OX3 0SW","property_count":1}},{"type":"Feature","geometry":{"type":"Point","coordinates":[-1.815598,51.562237]},"properties":{"holder_names":"Mr Masood Khan","holder_address":"23 Bullingdon Road, Cowley, Oxford, OX4 1QH","property_count":1}},{"type":"Feature","geometry":{"type":"Point","coordinates":[3.871821,43.840858]},"properties":{"holder_names":"Mrs Baljit Singh","holder_address":"34 Crotch Crescent, Oxford, Oxfordshire, OX3 0JJ","property_count":1}},{"type":"Feature","geometry":{"type":"Point","coordinates":[-0.477486,52.151361]},"properties":{"holder_names":"Mrs Jose Strawson","holder_address":"16 Polstead Road, Oxford, OX2 6TN","property_count":1}},{"type":"Feature","geometry":{"type":"Point","coordinates":[-5.237844,56.711781]},"properties":{"holder_names":"Mr Michael Greenway","holder_address":"79 The Avenue , Kennington , Oxford, OX1 5PP","property_count":1}},{"type":"Feature","geometry":{"type":"Point","coordinates":[-0.477486,52.151361]},"properties":{"holder_names":"Mr Ashiq Hussain","holder_address":"16 Prichard Road, Oxford, OX3 0DG","property_count":1}},{"type":"Feature","geometry":{"type":"Point","coordinates":[28.002882,-26.093302]},"properties":{"holder_names":"Mr Nikola Bibic","holder_address":"102 Cricket Road, Oxford, Oxfordshire, OX4 3DJ","property_count":1}},{"type":"Feature","geometry":{"type":"Point","coordinates":[-3.18266,51.660093]},"properties":{"holder_names":"Mr Amir Khan","holder_address":"24 Horspath Road, Oxford, Oxfordshire, OX4 2QS","property_count":1}},{"type":"Feature","geometry":{"type":"Point","coordinates":[-3.18266,51.660093]},"properties":{"holder_names":"Mr Humayon Rehman","holder_address":"24 Clive Road, Oxford, Oxfordshire, OX4 3EJ","property_count":1}},{"type":"Feature","geometry":{"type":"Point","coordinates":[-1.834693,51.573859]},"properties":{"holder_names":"Dr Peter Jack Collins","holder_address":"5 York Place, Oxford, OX4 1YL","property_count":1}},{"type":"Feature","geometry":{"type":"Point","coordinates":[30.153458,59.795655]},"properties":{"holder_names":"Mr Asghar Ali; Mr Balal Ali","holder_address":"42 Clive Road, Oxford, OX4 3EL","property_count":2}},{"type":"Feature","geometry":{"type":"Point","coordinates":[-0.426626,51.417531]},"properties":{"holder_names":"Mr Ian Taylor","holder_address":"9 Frenchay Road , Oxford, OX2 6TG","property_count":1}},{"type":"Feature","geometry":{"type":"Point","coordinates":[28.22433,61.055625]},"properties":{"holder_names":"Mr Nassir Ali Rana","holder_address":"31 Maidcroft Road, Oxford, Oxfordshire, OX4 3EN","property_count":1}},{"type":"Feature","geometry":{"type":"Point","coordinates":[0.573402,51.36574]},"properties":{"holder_names":"Mr Franco De Matteo","holder_address":"22 Belvedere Road, Oxford, OX4 2AZ","property_count":1}},{"type":"Feature","geometry":{"type":"Point","coordinates":[-1.238777,51.743085]},"properties":{"holder_names":"Mr Muhammed Nasib","holder_address":"207 Iffley Road, Oxford, Oxfordshire, OX4 1EN","property_count":1}},{"type":"Feature","geometry":{"type":"Point","coordinates":[44.750717,48.797059]},"properties":{"holder_names":"Mr Shahzada Tamour Ahmed","holder_address":"26 Franklin Road, Headington, Oxford, OX3 7RZ","property_count":1}},{"type":"Feature","geometry":{"type":"Point","coordinates":[44.069734,36.208943]},"properties":{"holder_names":"Mr Simran Bola","holder_address":"120 The Slade , Headington, OXFORD , OX3 7DX","property_count":1}},{"type":"Feature","geometry":{"type":"Point","coordinates":[-0.931568,51.461421]},"properties":{"holder_names":"Mr Anthony Edward Cammell","holder_address":"1 Belbroughton Road, Oxford , OX2 6UZ","property_count":1}},{"type":"Feature","geometry":{"type":"Point","coordinates":[0.01216,51.523875]},"properties":{"holder_names":"Mr Manavar Anwar","holder_address":"195 The Slade, Oxford, OX3 7HR","property_count":1}},{"type":"Feature","geometry":{"type":"Point","coordinates":[-0.931568,51.461421]},"properties":{"holder_names":"Mr Bruce Mortimer","holder_address":"1 Wadham Cottages, Parks Road, Oxford, Oxfordshire, OX1 3PA","property_count":1}},{"type":"Feature","geometry":{"type":"Point","coordinates":[-1.392745,51.40087]},"properties":{"holder_names":"Mr Altaf Hussain","holder_address":"81 Lytton Road, Oxford, Oxfordshire, OX4 3NY","property_count":1}},{"type":"Feature","geometry":{"type":"Point","coordinates":[-1.250765,51.734004]},"properties":{"holder_names":"Ms Christina Sagar","holder_address":"113 Wytham Street, Oxford, Oxfordshire, OX1 4TN","property_count":1}},{"type":"Feature","geometry":{"type":"Point","coordinates":[-1.656842,53.817814]},"properties":{"holder_names":"Mr Wilson Braich","holder_address":"265 Abingdon Road, Oxford, Oxfordshire, OX1 4TJ","property_count":1}},{"type":"Feature","geometry":{"type":"Point","coordinates":[33.442262,49.131697]},"properties":{"holder_names":"Mr Kamran Siddiq","holder_address":"50 Derwent Avenue, Oxford, Oxfordshire, OX3 0AP","property_count":1}},{"type":"Feature","geometry":{"type":"Point","coordinates":[-1.301104,51.402198]},"properties":{"holder_names":"Mr Darshan Baburam","holder_address":"87 Oliver Road, Oxford, Oxfordshire, OX4 2JH","property_count":1}},{"type":"Feature","geometry":{"type":"Point","coordinates":[-1.325322,51.40148]},"properties":{"holder_names":"Mr Mohammad Fayzan Qureshi","holder_address":"85 Cricket Road, Oxford, Oxfordshire, OX4 3DL","property_count":1}},{"type":"Feature","geometry":{"type":"Point","coordinates":[-0.355567,51.427004]},"properties":{"holder_names":"Mr Salman Naqvi","holder_address":"75 Morrell Avenue, Oxford, Oxfordshire, OX4 1NQ","property_count":1}},{"type":"Feature","geometry":{"type":"Point","coordinates":[6.7643,51.211817]},"properties":{"holder_names":"Mr Shinder Pal Singh","holder_address":"3 Cotswold Crescent , Marston , Oxford , OX3 0SG","property_count":1}},{"type":"Feature","geometry":{"type":"Point","coordinates":[-1.227154,51.719342]},"properties":{"holder_names":"Response Organisation","holder_address":"A G Palmer House, Morrell Crescent, OX4 4SU","property_count":1}},{"type":"Feature","geometry":{"type":"Point","coordinates":[125.616506,7.072482]},"properties":{"holder_names":"Ms Aneeqa Nazir","holder_address":"28 Harcourt Terrace , Headington, OX3 7QF","property_count":1}},{"type":"Feature","geometry":{"type":"Point","coordinates":[-1.216126,51.76563]},"properties":{"holder_names":"Mr Julian Lawton Smith","holder_address":"Ebor, Dunstan Road, Headington, OXFORD, OX3 9BY","property_count":1}},{"type":"Feature","geometry":{"type":"Point","coordinates":[-1.266735,51.770225]},"properties":{"holder_names":"Mrs Louise Cassell","holder_address":"183 Woodstock Road, Oxford, OX2 7NB","property_count":1}},{"type":"Feature","geometry":{"type":"Point","coordinates":[-0.47846,52.151355]},"properties":{"holder_names":"Mr Ghulam Adil Murtza","holder_address":"15 Derwent Avenue, Oxford, OX3 0AR","property_count":1}},{"type":"Feature","geometry":{"type":"Point","coordinates":[3.881323,43.974931]},"properties":{"holder_names":"Ms Katherine Whysall","holder_address":"30 Ouseley Close, Marston, Oxford, OX3 0JS","property_count":1}},{"type":"Feature","geometry":{"type":"Point","coordinates":[-1.266816,51.760876]},"properties":{"holder_names":"Mr Ali Amzed","holder_address":"108 Walton Street, Oxford, Oxfordshire, OX2 6AJ","property_count":1}},{"type":"Feature","geometry":{"type":"Point","coordinates":[-0.426626,51.417531]},"properties":{"holder_names":"Mr Israr Hussain","holder_address":"9 Havelock Road, Oxford, OX4 3EP","property_count":1}},{"type":"Feature","geometry":{"type":"Point","coordinates":[30.153458,59.795655]},"properties":{"holder_names":"Professor Deborah Bryceson","holder_address":"42 Middle Way, Oxford, OX2 7LG","property_count":1}},{"type":"Feature","geometry":{"type":"Point","coordinates":[-1.232527,51.743425]},"properties":{"holder_names":"Mr Ghazanfir Ali","holder_address":"132 Magdalen Road, Oxford, Oxfordshire, OX4 1RJ","property_count":1}},{"type":"Feature","geometry":{"type":"Point","coordinates":[1.170733,49.213836]},"properties":{"holder_names":"Mr Tarsem Lal Salhotra","holder_address":"27 Eden Drive, OXFORD, OX3 0AD","property_count":1}},{"type":"Feature","geometry":{"type":"Point","coordinates":[-1.289384,51.739088]},"properties":{"holder_names":"Mr Neil Warriner","holder_address":"Dormers, Stanton Road, Oxford, OX2 9AY","property_count":1}},{"type":"Feature","geometry":{"type":"Point","coordinates":[-1.583671,51.391997]},"properties":{"holder_names":"Mr Ayaz Shauket","holder_address":"67 Normandy Crescent , Oxford , OX4 2TQ","property_count":1}},{"type":"Feature","geometry":{"type":"Point","coordinates":[-1.205357,51.751184]},"properties":{"holder_names":"Mrs Hana Dogar","holder_address":"Organisation Investpad Ltd , 122 The Slade , Headington , Oxford , OX3 7DX","property_count":1}},{"type":"Feature","geometry":{"type":"Point","coordinates":[-1.268855,51.761812]},"properties":{"holder_names":"Prof Paul David Taggart","holder_address":"Flat 44 , Furnace House Eagle Works , Walton Well Road , Oxford , OX2 6GF","property_count":1}},{"type":"Feature","geometry":{"type":"Point","coordinates":[-1.287205,51.752785]},"properties":{"holder_names":"Mr Nazahkit Hussain","holder_address":"205 Botley Road, Oxford , OX2 0HG","property_count":1}},{"type":"Feature","geometry":{"type":"Point","coordinates":[-1.137477,51.400192]},"properties":{"holder_names":"Mr Kieran Lynch","holder_address":"95 Old Road , Headington, Oxford, OX3 8SX","property_count":1}},{"type":"Feature","geometry":{"type":"Point","coordinates":[28.002882,-26.093302]},"properties":{"holder_names":"Mr Joe Kondakje","holder_address":"102 Stanway Road, Oxford, Oxfordshire, OX3 8HX","property_count":1}},{"type":"Feature","geometry":{"type":"Point","coordinates":[-0.47783,52.151799]},"properties":{"holder_names":"Miss Kulwinder Kaur","holder_address":"19 Gipsy Lane, Oxford, OX3 7PT","property_count":1}},{"type":"Feature","geometry":{"type":"Point","coordinates":[-0.477338,52.150429]},"properties":{"holder_names":"Mr Shabaz Ali Ashraf","holder_address":"2 Bleache Place, Oxford, Oxfordshire, OX4 2JD","property_count":1}},{"type":"Feature","geometry":{"type":"Point","coordinates":[0.180868,51.870642]},"properties":{"holder_names":"Mr Fawei Geng","holder_address":"13 Arthur Street, Oxford , OX2 0AS","property_count":1}},{"type":"Feature","geometry":{"type":"Point","coordinates":[-0.352938,51.814955]},"properties":{"holder_names":"Mr Farooq Ghulam","holder_address":"6 Staunton Road , Headington , Oxford , OX3 7TW","property_count":1}},{"type":"Feature","geometry":{"type":"Point","coordinates":[0.500925,51.392265]},"properties":{"holder_names":"Mrs Diana Alexandra Ashby","holder_address":"70 Kingston Road, Oxford, Oxfordshire, OX2 6RJ","property_count":1}},{"type":"Feature","geometry":{"type":"Point","coordinates":[68.339014,43.283425]},"properties":{"holder_names":"Mr Yousuf Ali","holder_address":"61 Hollow Way, Oxford, OX4 2ND","property_count":2}},{"type":"Feature","geometry":{"type":"Point","coordinates":[-1.234175,51.743216]},"properties":{"holder_names":"Ms Ruth Elizabeth Ashcroft","holder_address":"139 Hurst Street, Oxford, Oxfordshire, OX4 1HE","property_count":1}},{"type":"Feature","geometry":{"type":"Point","coordinates":[-1.222925,51.761239]},"properties":{"holder_names":"Mr Ajaz Rehman; Mr Ajaz Ur Rehman","holder_address":"155 Headley Way, Oxford, OX3 7ST","property_count":3}},{"type":"Feature","geometry":{"type":"Point","coordinates":[-0.47846,52.151355]},"properties":{"holder_names":"Miss Tiffany Antonia Ching; Miss Tiffany Ching","holder_address":"15 Firs Meadow, Oxford, OX4 7GR","property_count":3}},{"type":"Feature","geometry":{"type":"Point","coordinates":[-0.47846,52.151355]},"properties":{"holder_names":"Miss Tiffany Ching","holder_address":"15 Firs Meadow, Oxford, Oxfordshire, OX4 7GR","property_count":1}},{"type":"Feature","geometry":{"type":"Point","coordinates":[28.22433,61.055625]},"properties":{"holder_names":"Mrs Catherine Odell","holder_address":"31 Howard Street, Oxford, Oxfordshire, OX4 3AY","property_count":1}},{"type":"Feature","geometry":{"type":"Point","coordinates":[130.073768,42.540267]},"properties":{"holder_names":"Mrs Mirjana Misina Kneafsey","holder_address":"91 Divinity Road, Oxford, Oxfordshire, OX4 1LN","property_count":1}},{"type":"Feature","geometry":{"type":"Point","coordinates":[3.871821,43.840858]},"properties":{"holder_names":"Mr Janssen Paul Masih","holder_address":"34 Canning Crescent , Oxford , OX1 4XB","property_count":1}},{"type":"Feature","geometry":{"type":"Point","coordinates":[0.126263,51.470961]},"properties":{"holder_names":"Mr Armend Qyqalla","holder_address":"53 Field Avenue, Oxford, OX4 6PA","property_count":1}},{"type":"Feature","geometry":{"type":"Point","coordinates":[-1.318454,51.386206]},"properties":{"holder_names":"Ms Soheila Benlevi","holder_address":"7 Stansfield Close, Headington, Oxford, OX3 8TH","property_count":1}},{"type":"Feature","geometry":{"type":"Point","coordinates":[-1.13582,52.956435]},"properties":{"holder_names":"Mr Bobby Singh","holder_address":"10 Fern Hill Road, Oxford, Oxfordshire, OX4 2JN","property_count":1}},{"type":"Feature","geometry":{"type":"Point","coordinates":[-0.479106,52.151138]},"properties":{"holder_names":"Mr Baldev Singh Kamal","holder_address":"11 Van Diemans Lane, Oxford, Oxfordshire, OX4 3QA","property_count":1}},{"type":"Feature","geometry":{"type":"Point","coordinates":[-1.215729,51.723455]},"properties":{"holder_names":"Mr Navid Nasiri","holder_address":"Sandford Gate , Sandy Lane West, Oxford , OX4 6LB","property_count":1}},{"type":"Feature","geometry":{"type":"Point","coordinates":[-1.215729,51.723455]},"properties":{"holder_names":"Mr Navid Nasiri","holder_address":"Sandford Gate , Sandy Lane West , Oxford , OX4 6LB","property_count":1}},{"type":"Feature","geometry":{"type":"Point","coordinates":[-1.513524,53.643197]},"properties":{"holder_names":"Dr Elizabeth Vivian Addy","holder_address":"283 Woodstock Road, Oxford, OX2 7NY","property_count":1}},{"type":"Feature","geometry":{"type":"Point","coordinates":[-1.21282,51.753487]},"properties":{"holder_names":"Mrs Sylvia Rosa Maria Saxby","holder_address":"134 Lime Walk , Headington , Oxford, OX3 7AF","property_count":1}},{"type":"Feature","geometry":{"type":"Point","coordinates":[30.786482,46.574185]},"properties":{"holder_names":"Mr Michael Anthony Baxter","holder_address":"51 Wootton Village, Boars Hill, Oxford , OX1 5HP","property_count":1}},{"type":"Feature","geometry":{"type":"Point","coordinates":[-1.254561,51.765969]},"properties":{"holder_names":"Dr Kersten Pucks; Mr Kersten Pucks","holder_address":"14 Linton Road, Oxford, Oxfordshire, OX2 6UL","property_count":2}},{"type":"Feature","geometry":{"type":"Point","coordinates":[30.153458,59.795655]},"properties":{"holder_names":"Mr Al Williams","holder_address":"42 Cuddesdon Way, Oxford , OX4 6SX","property_count":1}},{"type":"Feature","geometry":{"type":"Point","coordinates":[6.7643,51.211817]},"properties":{"holder_names":"Mr Roopesh John","holder_address":"3 Palmer Road, Oxford, Oxfordshire, OX3 8QE","property_count":1}},{"type":"Feature","geometry":{"type":"Point","coordinates":[30.153458,59.795655]},"properties":{"holder_names":"Mr Balal Ali","holder_address":"42 Clive Road, Oxford, Oxfordshire, OX4 3EL","property_count":1}},{"type":"Feature","geometry":{"type":"Point","coordinates":[-3.020432,51.64465]},"properties":{"holder_names":"Mr Ibrar Mohammed","holder_address":"20 Newman Road, Oxford, OX4 3UJ","property_count":1}},{"type":"Feature","geometry":{"type":"Point","coordinates":[-1.249476,51.735112]},"properties":{"holder_names":"Mr Krystian Volak","holder_address":"The Studio, 11 Chatham Road, Oxford, OX1 4UZ","property_count":2}},{"type":"Feature","geometry":{"type":"Point","coordinates":[-0.426626,51.417531]},"properties":{"holder_names":"Mr Habib Khan","holder_address":"9 Cumberland Road, Oxford, Oxfordshire, OX4 2BZ","property_count":1}},{"type":"Feature","geometry":{"type":"Point","coordinates":[141.433489,40.547494]},"properties":{"holder_names":"Mr Harley Robert Pouget","holder_address":"29 Riverside Road , Osney , Oxford , OX2 0HT","property_count":1}},{"type":"Feature","geometry":{"type":"Point","coordinates":[-1.318454,51.386206]},"properties":{"holder_names":"Mr Arshad Hussain","holder_address":"7 Abberbury Avenue, Oxford , OX4 4EU","property_count":1}},{"type":"Feature","geometry":{"type":"Point","coordinates":[-0.479106,52.151138]},"properties":{"holder_names":"Mr Baldev Singh Kamal","holder_address":"11 Van Diemans Lane, Littlemore, Oxford, OX4 3QA","property_count":3}},{"type":"Feature","geometry":{"type":"Point","coordinates":[-0.106403,51.599065]},"properties":{"holder_names":"Mr Peter Charles Chilton","holder_address":"79 Rose Hill, Oxford, Oxfordshire, OX4 4HT","property_count":1}},{"type":"Feature","geometry":{"type":"Point","coordinates":[-1.318454,51.386206]},"properties":{"holder_names":"Mr Nauman Masood","holder_address":"7 Simon House, Windmill Road, Headington, Oxford, OX3 7BU","property_count":1}},{"type":"Feature","geometry":{"type":"Point","coordinates":[-1.834693,51.573859]},"properties":{"holder_names":"Mrs Marjan Salimian","holder_address":"5 Boyce Crescents, Oxford, OX3 9GT","property_count":1}},{"type":"Feature","geometry":{"type":"Point","coordinates":[-1.22324,51.760568]},"properties":{"holder_names":"Mrs Noreen Sarwar","holder_address":"190 Headley Way, Oxford , OX3 7TA","property_count":1}},{"type":"Feature","geometry":{"type":"Point","coordinates":[-1.221697,51.729196]},"properties":{"holder_names":"Mr Nisar Sadiq","holder_address":"86 Westbury Crescent, Oxford, Oxfordshire, OX4 3SA","property_count":1}},{"type":"Feature","geometry":{"type":"Point","coordinates":[-1.402052,50.941462]},"properties":{"holder_names":"Mr Mohammed Abdal","holder_address":"58 Dashwood Road, Oxford, Oxfordshire, OX4 4SH","property_count":1}},{"type":"Feature","geometry":{"type":"Point","coordinates":[-1.300353,51.751197]},"properties":{"holder_names":"Ms Lucy White","holder_address":"Suite A, Hinksey Court, West Way, Botley, OX2 9JU","property_count":1}},{"type":"Feature","geometry":{"type":"Point","coordinates":[-0.426626,51.417531]},"properties":{"holder_names":"Mr Armond Lleshi","holder_address":"9 Giles Road, Oxford, Oxfordshire, OX4 4NN","property_count":1}},{"type":"Feature","geometry":{"type":"Point","coordinates":[-1.13582,52.956435]},"properties":{"holder_names":"Mr Shuaib Amin Kharal","holder_address":"10 Glebelands, Oxford, Oxfordshire, OX3 7EL","property_count":1}},{"type":"Feature","geometry":{"type":"Point","coordinates":[-3.020432,51.64465]},"properties":{"holder_names":"Dr Guanli Zhang","holder_address":"20 Wykeham Crescent, Oxford, Oxfordshire, OX4 3SB","property_count":1}},{"type":"Feature","geometry":{"type":"Point","coordinates":[-1.290499,51.746796]},"properties":{"holder_names":"Mrs Nasrin Sadeghi","holder_address":"160 Westminster Way, Botley, Oxford, OX2 0LR","property_count":1}},{"type":"Feature","geometry":{"type":"Point","coordinates":[7.102596,50.699772]},"properties":{"holder_names":"Mr Anthony Beedell","holder_address":"41 Templar Road, Oxford, Oxfordshire, OX2 8LS","property_count":2}},{"type":"Feature","geometry":{"type":"Point","coordinates":[-3.48437,51.644055]},"properties":{"holder_names":"Mr Mohammed Shafique","holder_address":"182A Headley Way, Oxford, OX3 7TA","property_count":1}},{"type":"Feature","geometry":{"type":"Point","coordinates":[51.80169,55.651549]},"properties":{"holder_names":"Mr Michael Cuddy","holder_address":"28 Van Diemans Lane, Littlemore, Oxford, OX4 3QD","property_count":1}},{"type":"Feature","geometry":{"type":"Point","coordinates":[-0.931568,51.461421]},"properties":{"holder_names":"Mrs Rashda Manzoor","holder_address":"1 Water Eaton Road, Oxford, OX2 7QQ","property_count":2}},{"type":"Feature","geometry":{"type":"Point","coordinates":[-1.225366,51.763065]},"properties":{"holder_names":"Mr Ishfaq Ahmed","holder_address":"119 Staunton Road, Headington, Oxford, OX3 7TN","property_count":1}},{"type":"Feature","geometry":{"type":"Point","coordinates":[-1.834693,51.573859]},"properties":{"holder_names":"Mr Adil Soufiani","holder_address":"5 Holyoake Road , Headington , Oxford , OX3 8AF","property_count":1}},{"type":"Feature","geometry":{"type":"Point","coordinates":[3.871821,43.840858]},"properties":{"holder_names":"Mr Janssen Paul Masih","holder_address":"34 Canning Crescent, Oxford, Oxfordshire, OX1 4XB","property_count":1}},{"type":"Feature","geometry":{"type":"Point","coordinates":[-3.347001,55.947414]},"properties":{"holder_names":"Mr Naveed Akhtar","holder_address":"315 Marston Road, Oxford, OX3 0EP","property_count":2}},{"type":"Feature","geometry":{"type":"Point","coordinates":[-1.263929,51.752104]},"properties":{"holder_names":"The University Of Oxford","holder_address":"Residential Lettings , The Malthouse , Tidmarsh Lane, OXFORD, OX1 1NQ","property_count":1}},{"type":"Feature","geometry":{"type":"Point","coordinates":[-1.137477,51.400192]},"properties":{"holder_names":"Mr Nagesh Manjunath Shet","holder_address":"95 Bernwood Road, Headington, Oxford, OX3 7LH","property_count":1}},{"type":"Feature","geometry":{"type":"Point","coordinates":[-2.857289,55.894043]},"properties":{"holder_names":"Mr Paul Henry Ilott","holder_address":"Flat 4 , 63 North Hinksey Lane, Oxford, OX2 0LU","property_count":1}},{"type":"Feature","geometry":{"type":"Point","coordinates":[-1.318454,51.386206]},"properties":{"holder_names":"Mrs Anne-Marie Heslop","holder_address":"7 Cumnor Hill , Oxford , OX2 9EU","property_count":1}},{"type":"Feature","geometry":{"type":"Point","coordinates":[-1.265824,51.759686]},"properties":{"holder_names":"Mrs Debbie Swailes","holder_address":"47 Walton Street , Oxford, OX2 6AD","property_count":1}},{"type":"Feature","geometry":{"type":"Point","coordinates":[13.111386,45.665982]},"properties":{"holder_names":"Ms Amna Rana","holder_address":"36 Magdalen Road, Oxford, Oxfordshire, OX4 1RB","property_count":1}},{"type":"Feature","geometry":{"type":"Point","coordinates":[-0.352938,51.814955]},"properties":{"holder_names":"Diamond Property","holder_address":"Unit 5,6 And 7 Thomas Dawson House, Dawson Street, OX4 1GQ","property_count":1}},{"type":"Feature","geometry":{"type":"Point","coordinates":[139.536566,36.246112]},"properties":{"holder_names":"Mr Nithiyanantham Subramanian","holder_address":"57 Oliver Road, Cowley , Oxford , OX4 2JQ","property_count":1}},{"type":"Feature","geometry":{"type":"Point","coordinates":[-1.446896,51.402113]},"properties":{"holder_names":"Prof Marco Talevi","holder_address":"78 Ridgefield Road, Oxford, OX4 3DA","property_count":1}},{"type":"Feature","geometry":{"type":"Point","coordinates":[13.111386,45.665982]},"properties":{"holder_names":"Mr John Alexander Ayyub","holder_address":"36 Cavendish Drive , Marston , Oxford , OX3 0SD","property_count":1}},{"type":"Feature","geometry":{"type":"Point","coordinates":[33.442262,49.131697]},"properties":{"holder_names":"Mr Mohammed Umer","holder_address":"50 Hollow Way , Cowley , Oxford, OX4 2NH","property_count":1}},{"type":"Feature","geometry":{"type":"Point","coordinates":[-1.265878,51.759718]},"properties":{"holder_names":"Mr Robin Swailes","holder_address":"Swailes Family Estates, 48 Walton Street , Oxford , OX2 6AD","property_count":1}},{"type":"Feature","geometry":{"type":"Point","coordinates":[-1.255845,51.749873]},"properties":{"holder_names":"Mr Jonathan Down","holder_address":"Christ Church House Surveyor , Christ Church , St Aldates , Oxford, OX1 1DP","property_count":1}},{"type":"Feature","geometry":{"type":"Point","coordinates":[-1.249476,51.735112]},"properties":{"holder_names":"Mr Krystian Volak","holder_address":"The Studio, 11 Chatham Road , Oxford , OX1 4UZ","property_count":1}},{"type":"Feature","geometry":{"type":"Point","coordinates":[-1.293374,51.747027]},"properties":{"holder_names":"Mrs Edna Rose Clarke","holder_address":"The Squirrels , 2A Yarnells Hill, OX2 9BD","property_count":1}},{"type":"Feature","geometry":{"type":"Point","coordinates":[3.881323,43.974931]},"properties":{"holder_names":"Mr Usman Afzal","holder_address":"30 Clive Road, Oxford, Oxfordshire, OX4 3EJ","property_count":1}},{"type":"Feature","geometry":{"type":"Point","coordinates":[45.398905,35.575375]},"properties":{"holder_names":"Ms Lorraine Jones","holder_address":"117 Rose Hill, Oxford, Oxfordshire, OX4 4HT","property_count":1}},{"type":"Feature","geometry":{"type":"Point","coordinates":[-5.237835,56.711572]},"properties":{"holder_names":"Dr Adam John Ritchie","holder_address":"77 Ferry Road, Oxford, Oxfordshire, OX3 0EU","property_count":1}},{"type":"Feature","geometry":{"type":"Point","coordinates":[3.871821,43.840858]},"properties":{"holder_names":"Ms Yvonne Susan Janecek","holder_address":"34 Home Close, Wolvercote, Oxford, OX2 8PS","property_count":1}},{"type":"Feature","geometry":{"type":"Point","coordinates":[30.153458,59.795655]},"properties":{"holder_names":"Mrs Tina Milkovic","holder_address":"42 Balliol Court, Rutherway, Oxford , OX2 6QZ","property_count":1}},{"type":"Feature","geometry":{"type":"Point","coordinates":[130.073768,42.540267]},"properties":{"holder_names":"Mr Mohinder Gill","holder_address":"91 Oliver Road, OXFORD, OX4 2JH","property_count":1}},{"type":"Feature","geometry":{"type":"Point","coordinates":[-1.230681,51.745465]},"properties":{"holder_names":"Miss Denise Mosciatti","holder_address":"Middle Flat, 247B Cowley Road, Oxford , OX4 1XG","property_count":1}},{"type":"Feature","geometry":{"type":"Point","coordinates":[-5.237389,56.71215]},"properties":{"holder_names":"Mr Habib Khushi","holder_address":"72 Cricket Road, Oxford, OX4 3DH","property_count":1}},{"type":"Feature","geometry":{"type":"Point","coordinates":[27.146994,38.436963]},"properties":{"holder_names":"Dr Dominic Peter James Howard","holder_address":"35 Cumnor Hill , Oxford , OX2 9EY","property_count":1}},{"type":"Feature","geometry":{"type":"Point","coordinates":[121.033583,14.590482]},"properties":{"holder_names":"Mr Sujaad Ahmed","holder_address":"141 Merewood Avenue , Headington , Oxford, OX3 8EQ","property_count":1}},{"type":"Feature","geometry":{"type":"Point","coordinates":[0.573402,51.36574]},"properties":{"holder_names":"Mr Guijan Wu","holder_address":"22 Maywood Road , Oxford , OX4 4EE","property_count":1}},{"type":"Feature","geometry":{"type":"Point","coordinates":[30.153458,59.795655]},"properties":{"holder_names":"Ms Mary McKnight","holder_address":"42 Victoria Road, Oxford, Oxfordshire, OX2 7QD","property_count":1}},{"type":"Feature","geometry":{"type":"Point","coordinates":[-1.325322,51.40148]},"properties":{"holder_names":"Mr Zakir Rehman","holder_address":"85 Bullingdon Road, Oxford, Oxfordshire, OX4 1QL","property_count":1}},{"type":"Feature","geometry":{"type":"Point","coordinates":[-1.293916,51.742489]},"properties":{"holder_names":"Mr Harold Grant","holder_address":"Summerhill House , Yarnells Hill , Oxford , OX2 9BG","property_count":1}},{"type":"Feature","geometry":{"type":"Point","coordinates":[-1.29347,51.782073]},"properties":{"holder_names":"Mrs Kim Priddis","holder_address":"191 Godstow Road , Oxford , OX2 8PG","property_count":1}},{"type":"Feature","geometry":{"type":"Point","coordinates":[68.339014,43.283425]},"properties":{"holder_names":"Hutton Parker Property Management Ltd; Mr Paul McMackin; Ms Jenni Bruno","holder_address":"61 St Clements, Oxford, OX4 1AH","property_count":5}},{"type":"Feature","geometry":{"type":"Point","coordinates":[-1.210654,51.764441]},"properties":{"holder_names":"Mr Stephen Paul Reeves","holder_address":"Mathers Farm , Barton Lane , Headington , Oxford , OX3 9JP","property_count":1}},{"type":"Feature","geometry":{"type":"Point","coordinates":[-1.401812,51.400843]},"properties":{"holder_names":"Mr Ejaz Aziz; Mr Ejaz Khan Aziz","holder_address":"80 Ridgefield Road, Oxford, Oxfordshire, OX4 3DA","property_count":2}},{"type":"Feature","geometry":{"type":"Point","coordinates":[51.80169,55.651549]},"properties":{"holder_names":"Mr Wilfred Debaise","holder_address":"28 Harefields, Oxford, OX2 8NS","property_count":1}},{"type":"Feature","geometry":{"type":"Point","coordinates":[0.180868,51.870642]},"properties":{"holder_names":"Mr Zafar Iqbal","holder_address":"13 Valentia Road, Headington, Oxford , OX3 7PN","property_count":1}},{"type":"Feature","geometry":{"type":"Point","coordinates":[-0.477486,52.151361]},"properties":{"holder_names":"Mrs Anne Hall","holder_address":"16 Southfield Road, Oxford, Oxfordshire, OX4 1NZ","property_count":1}},{"type":"Feature","geometry":{"type":"Point","coordinates":[-0.352938,51.814955]},"properties":{"holder_names":"Mr Christopher Lavy","holder_address":"6 Brindley Close, Oxford, OX2 6XN","property_count":1}},{"type":"Feature","geometry":{"type":"Point","coordinates":[24.177345,54.350696]},"properties":{"holder_names":"Mr Naveed Shan","holder_address":"33 Percy Street, OX4 3AA","property_count":1}},{"type":"Feature","geometry":{"type":"Point","coordinates":[-0.911485,53.383984]},"properties":{"holder_names":"Ms Fatos Barnes","holder_address":"68 Foundry House Eagle Works, Walton Well Road, Oxford, OX2 6AQ","property_count":1}},{"type":"Feature","geometry":{"type":"Point","coordinates":[-1.441281,52.395695]},"properties":{"holder_names":"Mr Hans Raj","holder_address":"4 James Wolfe Road , OXFORD, OX4 2PY","property_count":1}},{"type":"Feature","geometry":{"type":"Point","coordinates":[-1.234281,51.737209]},"properties":{"holder_names":"Miss Mary Quirke","holder_address":"342 Iffley Road , Oxford , OX4 4AU","property_count":1}},{"type":"Feature","geometry":{"type":"Point","coordinates":[-1.237028,51.744594]},"properties":{"holder_names":"Ms Lilita Grinberga","holder_address":"The Studios, 30B Henley Street, Oxford , OX4 1ES","property_count":1}},{"type":"Feature","geometry":{"type":"Point","coordinates":[-0.640755,51.731905]},"properties":{"holder_names":"Mr Luke Andrew Richard Hanshaw","holder_address":"48 Bagley Wood Road, Kennington, Oxford, OX1 5LY","property_count":1}},{"type":"Feature","geometry":{"type":"Point","coordinates":[-1.318454,51.386206]},"properties":{"holder_names":"Ms Rehana Irshad","holder_address":"7 Nye Bevan Close, Oxford, OX4 1GB","property_count":1}},{"type":"Feature","geometry":{"type":"Point","coordinates":[-1.265824,51.759686]},"properties":{"holder_names":"Mr Costa Ioannou","holder_address":"47 Walton Street, Oxford, OX2 6AD","property_count":1}},{"type":"Feature","geometry":{"type":"Point","coordinates":[-0.931568,51.461421]},"properties":{"holder_names":"Mr Ruedi Baumann","holder_address":"1 Walton Crescent, Oxford, Oxfordshire, OX1 2JG","property_count":1}},{"type":"Feature","geometry":{"type":"Point","coordinates":[-0.352938,51.814955]},"properties":{"holder_names":"Mr Solomon Degefa","holder_address":"6 Forestside , Kennington , Oxford, OX1 5LQ","property_count":1}},{"type":"Feature","geometry":{"type":"Point","coordinates":[24.177345,54.350696]},"properties":{"holder_names":"Mr Raymond Langford","holder_address":"33 Barton Road, Oxford, OX3 9JB","property_count":1}},{"type":"Feature","geometry":{"type":"Point","coordinates":[-1.201458,51.744043]},"properties":{"holder_names":"Mrs Xiaoping Zhong","holder_address":"236 Hollow Way, Oxford, Oxfordshire, OX3 7JF","property_count":1}},{"type":"Feature","geometry":{"type":"Point","coordinates":[-1.219175,51.727043]},"properties":{"holder_names":"Mr Sajid Sharif","holder_address":"135 Cowley Road, Littlemore, Oxford, OX4 3TH","property_count":1}},{"type":"Feature","geometry":{"type":"Point","coordinates":[-0.47783,52.151799]},"properties":{"holder_names":"Mr Alan Teh","holder_address":"19 Buckingham Street, Oxford, Oxfordshire, OX1 4LH","property_count":1}},{"type":"Feature","geometry":{"type":"Point","coordinates":[-0.931568,51.461421]},"properties":{"holder_names":"Mr Guoqing Dai","holder_address":"1 Harberton Mead , Headington , Oxford, OX3 0DB","property_count":1}},{"type":"Feature","geometry":{"type":"Point","coordinates":[30.786482,46.574185]},"properties":{"holder_names":"Mr Mark Applewhaite","holder_address":"51 Windmill Road , Headington, Oxford, OX3 7BP","property_count":1}},{"type":"Feature","geometry":{"type":"Point","coordinates":[-1.265619,51.724418]},"properties":{"holder_names":"NV Estates Limited","holder_address":"Grove House, Badger Lane, Hinksey Hill, Oxford , OX1 5BL","property_count":1}},{"type":"Feature","geometry":{"type":"Point","coordinates":[121.033583,14.590482]},"properties":{"holder_names":"Mr Sujaad Ahmed","holder_address":"141 Merewood Avenue, Headington, Oxford, OX3 8EQ","property_count":2}},{"type":"Feature","geometry":{"type":"Point","coordinates":[-1.318454,51.386206]},"properties":{"holder_names":"Mr Sirnawaz Khan","holder_address":"7 Fairfax Road , Oxford , OX4 2QG","property_count":1}},{"type":"Feature","geometry":{"type":"Point","coordinates":[-0.478671,52.151284]},"properties":{"holder_names":"Mrs Robina Yasmeen","holder_address":"14 Bartlemas Close, Oxford, Oxfordshire, OX4 2AE","property_count":1}},{"type":"Feature","geometry":{"type":"Point","coordinates":[-1.265812,51.778779]},"properties":{"holder_names":"Oxford Heritage Property Management Ltd","holder_address":"Prama House, 267 Banbury Road, Oxford, OX2 7HT","property_count":1}},{"type":"Feature","geometry":{"type":"Point","coordinates":[-2.29415,53.782902]},"properties":{"holder_names":"Mr Melih Tanyeri","holder_address":"65 Butler Close, Oxford, Oxfordshire, OX2 6JQ","property_count":1}},{"type":"Feature","geometry":{"type":"Point","coordinates":[-1.266629,51.751038]},"properties":{"holder_names":"Aspire Oxfordshire Community Enterprise Limited","holder_address":"St Thomas School , Osney Lane , Oxford , OX1 1NJ","property_count":1}},{"type":"Feature","geometry":{"type":"Point","coordinates":[-1.267172,51.758201]},"properties":{"holder_names":"Mr Adrian Mclean","holder_address":"Great Clarendon Street, Oxford, OX2 6DP","property_count":1}},{"type":"Feature","geometry":{"type":"Point","coordinates":[30.153458,59.795655]},"properties":{"holder_names":"Mrs Yasmin Akhtar","holder_address":"42 Howard Street, Oxford, Oxfordshire, OX4 3BE","property_count":2}},{"type":"Feature","geometry":{"type":"Point","coordinates":[-3.201118,55.952968]},"properties":{"holder_names":"Mrs Hiroko Koyama; Ms Hiroko Koyama","holder_address":"77A Sandfield Road, Oxford, Oxfordshire, OX3 7RW","property_count":2}},{"type":"Feature","geometry":{"type":"Point","coordinates":[-1.834693,51.573859]},"properties":{"holder_names":"Mr Partap Singh Kamal","holder_address":"5 Meyseys Close, Oxford, Oxfordshire, OX3 7SF","property_count":2}},{"type":"Feature","geometry":{"type":"Point","coordinates":[-0.679788,51.481023]},"properties":{"holder_names":"Ms Nina Vadher","holder_address":"52 Freelands Road, Oxford, Oxfordshire, OX4 4BT","property_count":1}},{"type":"Feature","geometry":{"type":"Point","coordinates":[-1.261074,51.767871]},"properties":{"holder_names":"Ms Lee Veronica Reed","holder_address":"Flat 2 , Murray Court , 80 Banbury Road , Oxford , OX2 6LQ","property_count":1}},{"type":"Feature","geometry":{"type":"Point","coordinates":[-1.446896,51.402113]},"properties":{"holder_names":"Mr Grady Reid","holder_address":"78 Westbury Crescent, Oxford, Oxfordshire, OX4 3SA","property_count":1}},{"type":"Feature","geometry":{"type":"Point","coordinates":[-1.225366,51.763065]},"properties":{"holder_names":"Mr Ishfaq Ahmed","holder_address":"119 Staunton Road , Headington , Oxford, OX3 7TN","property_count":1}},{"type":"Feature","geometry":{"type":"Point","coordinates":[68.339014,43.283425]},"properties":{"holder_names":"Hutton Parker Property Management Ltd","holder_address":"61 St Clements Street, Oxford , OX4 1AH","property_count":1}},{"type":"Feature","geometry":{"type":"Point","coordinates":[-0.911485,53.383984]},"properties":{"holder_names":"Mr Oliver Sperry","holder_address":"68 Green Road, Oxford, OX3 8LA","property_count":1}},{"type":"Feature","geometry":{"type":"Point","coordinates":[-0.477338,52.150429]},"properties":{"holder_names":"Mr Naghman Hussain","holder_address":"2 Drove Acre Road, Oxford, Oxfordshire, OX4 3DF","property_count":1}},{"type":"Feature","geometry":{"type":"Point","coordinates":[6.7643,51.211817]},"properties":{"holder_names":"Mr Mohammed Rashid","holder_address":"32 Arthray Road , Oxford, OX2 9AA","property_count":1}},{"type":"Feature","geometry":{"type":"Point","coordinates":[0.573402,51.36574]},"properties":{"holder_names":"Mr Marius Oprea","holder_address":"22 Burdell Avenue, Oxford, Oxfordshire, OX3 8ED","property_count":1}},{"type":"Feature","geometry":{"type":"Point","coordinates":[-5.237539,56.712067]},"properties":{"holder_names":"Mr Ghulam Yasin","holder_address":"73 Rose Hill, Oxford, Oxfordshire, OX4 4JR","property_count":1}},{"type":"Feature","geometry":{"type":"Point","coordinates":[-1.215729,51.723455]},"properties":{"holder_names":"Mr Navid Nasiri","holder_address":"Sandford Gate, Sandy Lane West, Oxford, OX4 6LB","property_count":1}},{"type":"Feature","geometry":{"type":"Point","coordinates":[-0.477615,52.151507]},"properties":{"holder_names":"Mr Mohammed Owais Khan","holder_address":"17 Belvedere Road, Cowley, Oxford, Oxfordshire, OX4 2AZ","property_count":1}},{"type":"Feature","geometry":{"type":"Point","coordinates":[44.005361,36.206077]},"properties":{"holder_names":"Mr Javed Iqbal","holder_address":"43 Maidcroft Road, Oxford, OX4 3EW","property_count":1}},{"type":"Feature","geometry":{"type":"Point","coordinates":[-1.13582,52.956435]},"properties":{"holder_names":"Mrs Anjum Ahmed","holder_address":"10 White Hart, Old Marston Village, Oxfordshire, OX3 0PL","property_count":1}},{"type":"Feature","geometry":{"type":"Point","coordinates":[-3.020432,51.64465]},"properties":{"holder_names":"Jaspac Developments Ltd","holder_address":"20 Broad Street , Oxford , OX1 3AS","property_count":1}},{"type":"Feature","geometry":{"type":"Point","coordinates":[-1.267489,51.761517]},"properties":{"holder_names":"Mr Chun Tim Yip","holder_address":"Flat 7, Kingston Court, Walton Street, Oxford, Oxfordshire, OX2 6ES","property_count":1}},{"type":"Feature","geometry":{"type":"Point","coordinates":[-1.252638,51.727832]},"properties":{"holder_names":"Mr Assadollah Fatemain","holder_address":"160 Kennington Road , Kennington , Oxford, OX1 5PE","property_count":1}},{"type":"Feature","geometry":{"type":"Point","coordinates":[-1.211144,51.814424]},"properties":{"holder_names":"Mr Peter Long","holder_address":"Tythefield , Noke , Oxford, OX3 9TU","property_count":1}},{"type":"Feature","geometry":{"type":"Point","coordinates":[0.573402,51.36574]},"properties":{"holder_names":"Mr Fazal Karim","holder_address":"22 Rymers Lane , Oxford , OX4 3LA","property_count":1}},{"type":"Feature","geometry":{"type":"Point","coordinates":[-0.352938,51.814955]},"properties":{"holder_names":"Mrs Anita Lillian Evelyn Phillips","holder_address":"6 York Avenue, Headington, Oxford, OX3 8NS","property_count":1}},{"type":"Feature","geometry":{"type":"Point","coordinates":[1.170733,49.213836]},"properties":{"holder_names":"Mr Mathew Henry","holder_address":"27 Broad Oak, Oxford, Oxfordshire, OX3 8TS","property_count":1}},{"type":"Feature","geometry":{"type":"Point","coordinates":[-1.255503,51.742338]},"properties":{"holder_names":"Mr Dharamaraj Prasad; Mr Dharmaraj Prasad","holder_address":"86 Abingdon Road, Oxford, Oxfordshire, OX1 4PL","property_count":5}},{"type":"Feature","geometry":{"type":"Point","coordinates":[30.153458,59.795655]},"properties":{"holder_names":"Mr Mohumed Hoque","holder_address":"42 Leon Close, Oxford, OX4 1GS","property_count":1}},{"type":"Feature","geometry":{"type":"Point","coordinates":[-0.478887,52.151212]},"properties":{"holder_names":"Miss Siobhan Foley","holder_address":"12 Monmouth Road, Oxford, Oxfordshire, OX1 4TD","property_count":1}},{"type":"Feature","geometry":{"type":"Point","coordinates":[-1.834693,51.573859]},"properties":{"holder_names":"Mr Milos Ivankovic","holder_address":"5 Wick Close , Oxford , OX3 9HB","property_count":1}},{"type":"Feature","geometry":{"type":"Point","coordinates":[-0.100434,51.490663]},"properties":{"holder_names":"Mr Paul Gerard Olley","holder_address":"56A Littlehay Road, Oxford, Oxfordshire, OX4 3EQ","property_count":1}},{"type":"Feature","geometry":{"type":"Point","coordinates":[-3.32834,51.924355]},"properties":{"holder_names":"Mr Shauket Randawa","holder_address":"159 Pinnocks Way , Oxford, Oxfordshire, OX2 9DF","property_count":1}},{"type":"Feature","geometry":{"type":"Point","coordinates":[-0.477338,52.150429]},"properties":{"holder_names":"Mr Faisal Hussain","holder_address":"2 Mortimer Drive, Oxford, OX3 0RR","property_count":1}},{"type":"Feature","geometry":{"type":"Point","coordinates":[-1.257749,51.747521]},"properties":{"holder_names":"Homeless Oxfordshire","holder_address":"O'Hanlon House , Luther Street , Oxford , OX1 1UL","property_count":1}},{"type":"Feature","geometry":{"type":"Point","coordinates":[-1.187948,51.766981]},"properties":{"holder_names":"Mr Samuel Suraj","holder_address":"Bayswater Farm House , Bayswater Farm Road , Oxford , OX3 8BY","property_count":1}},{"type":"Feature","geometry":{"type":"Point","coordinates":[-1.30337,51.74513]},"properties":{"holder_names":"Mrs Janet Sarah Darshan Finn","holder_address":"76 Cumnor Road , Oxford, OX1 5JP","property_count":1}},{"type":"Feature","geometry":{"type":"Point","coordinates":[-0.479106,52.151138]},"properties":{"holder_names":"Prof Veronica Strang","holder_address":"11 East Street, Oxford, OX2 0AU","property_count":1}},{"type":"Feature","geometry":{"type":"Point","coordinates":[-1.221697,51.729196]},"properties":{"holder_names":"Mr Nisar Sadiq","holder_address":"86 Westbury Crescent, Cowley, Oxford, OX4 3SA","property_count":1}},{"type":"Feature","geometry":{"type":"Point","coordinates":[1.71606,52.619512]},"properties":{"holder_names":"Mr Karm Suraina","holder_address":"174 Marlborough Road, Oxford, Oxfordshire, OX1 4LT","property_count":1}},{"type":"Feature","geometry":{"type":"Point","coordinates":[13.111386,45.665982]},"properties":{"holder_names":"Mrs Ann Dooley","holder_address":"36 Kirk Close, Oxford , OX3 8JN","property_count":1}},{"type":"Feature","geometry":{"type":"Point","coordinates":[0.559105,51.374487]},"properties":{"holder_names":"Humphris Limited","holder_address":"33A Pony Road , Cowley , Oxford , Oxfordshire, OX4 2RD","property_count":1}},{"type":"Feature","geometry":{"type":"Point","coordinates":[24.321596,54.363814]},"properties":{"holder_names":"Mr Matthew White","holder_address":"128 Morrell Avenue, Oxford, Oxfordshire, OX4 1LZ","property_count":1}},{"type":"Feature","geometry":{"type":"Point","coordinates":[-1.537529,53.588069]},"properties":{"holder_names":"Mr Mohammed Saddiq","holder_address":"38 St Omar Road , Oxford, OX4 3HB","property_count":1}},{"type":"Feature","geometry":{"type":"Point","coordinates":[-0.47783,52.151799]},"properties":{"holder_names":"Prime Homestayz Limited","holder_address":"19 Buckingham Street , OX1 4LH","property_count":1}},{"type":"Feature","geometry":{"type":"Point","coordinates":[-0.477741,52.151645]},"properties":{"holder_names":"Ms Mayra Huerta","holder_address":"18 Riverside Road , Botley , Oxford, OX2 0HU","property_count":1}},{"type":"Feature","geometry":{"type":"Point","coordinates":[-1.233966,51.736733]},"properties":{"holder_names":"Mr Michael James Lord","holder_address":"352 Iffley Road, Oxford, Oxfordshire, OX4 4AU","property_count":1}},{"type":"Feature","geometry":{"type":"Point","coordinates":[-1.28104,51.789025]},"properties":{"holder_names":"Mrs Rosemary Harris","holder_address":"Rostar, 396 Woodstock Road, Oxford, Oxfordshire, OX2 8JW","property_count":1}},{"type":"Feature","geometry":{"type":"Point","coordinates":[-1.137477,51.400192]},"properties":{"holder_names":"Mr Kieran Lynch","holder_address":"95 Old Road, Headington, Oxford, Oxfordshire, OX3 8SX","property_count":1}},{"type":"Feature","geometry":{"type":"Point","coordinates":[-1.834693,51.573859]},"properties":{"holder_names":"Mr Daniel James Paddick","holder_address":"5 Nixon Road, Iffley Road, Oxford, OX4 4BU","property_count":1}},{"type":"Feature","geometry":{"type":"Point","coordinates":[-0.477741,52.151645]},"properties":{"holder_names":"Mr Gaurav Verma","holder_address":"18 Napier Road, Cowley, Oxford, OX4 3JA","property_count":1}},{"type":"Feature","geometry":{"type":"Point","coordinates":[-1.202339,51.748986]},"properties":{"holder_names":"Mr Mohammed Amer Akbar","holder_address":"130 Leiden Road, Oxford, Oxfordshire, OX3 8QU","property_count":1}},{"type":"Feature","geometry":{"type":"Point","coordinates":[-79.027688,-8.116178]},"properties":{"holder_names":"Mrs Margaret Jozefa Williams","holder_address":"1A Halliday Hill , Oxford , OX3 9PY","property_count":1}},{"type":"Feature","geometry":{"type":"Point","coordinates":[-1.257214,51.750885]},"properties":{"holder_names":"Mr Prasong Suppadungchon","holder_address":"101 St.Aldate, Oxford, OX1 1BT","property_count":1}},{"type":"Feature","geometry":{"type":"Point","coordinates":[-1.221666,51.739756]},"properties":{"holder_names":"Mr Hamid Ali Nawaz","holder_address":"443 Cowley Road, Oxford, OX4 2DL","property_count":1}},{"type":"Feature","geometry":{"type":"Point","coordinates":[-1.266629,51.751038]},"properties":{"holder_names":"Aspire Oxfordshire Community Enterprise Limited","holder_address":"St Thomas' School, Osney Lane,, Oxford, OX1 1NJ","property_count":1}},{"type":"Feature","geometry":{"type":"Point","coordinates":[-1.318454,51.386206]},"properties":{"holder_names":"Mr Liaqat Ali","holder_address":"7 Headley Way, Oxford, Oxfordshire, OX3 0LP","property_count":1}},{"type":"Feature","geometry":{"type":"Point","coordinates":[-0.477338,52.150429]},"properties":{"holder_names":"Mr Armando Nuraj","holder_address":"2 Bulan Road, Oxford, Oxfordshire, OX3 7HT","property_count":1}},{"type":"Feature","geometry":{"type":"Point","coordinates":[-1.247886,51.392607]},"properties":{"holder_names":"Mr Gerald Tucker","holder_address":"90 Old Road, Headington, Oxford, Oxfordshire, OX3 8SX","property_count":1}},{"type":"Feature","geometry":{"type":"Point","coordinates":[-0.47846,52.151355]},"properties":{"holder_names":"Mr Sajad Khan","holder_address":"15 Belvedere Road, Oxford, Oxfordshire, OX4 2AZ","property_count":1}},{"type":"Feature","geometry":{"type":"Point","coordinates":[13.111386,45.665982]},"properties":{"holder_names":"Mr Azam Nazir","holder_address":"36 Divinity Road , Oxford, OX4 1LJ","property_count":1}},{"type":"Feature","geometry":{"type":"Point","coordinates":[-1.269498,51.761623]},"properties":{"holder_names":"Mr Simon Smith","holder_address":"Holyfield House , 1 Walton Well Road , Oxford, OX2 6ED","property_count":1}},{"type":"Feature","geometry":{"type":"Point","coordinates":[24.177345,54.350696]},"properties":{"holder_names":"Mrs Ann Smyth","holder_address":"33 Southdale Road , Oxford , OX2 7SE","property_count":1}},{"type":"Feature","geometry":{"type":"Point","coordinates":[-3.48437,51.644055]},"properties":{"holder_names":"Mr Mohammed Shafique","holder_address":"182A Headley Way , Headington , OXFORD , OX3 7TA","property_count":1}},{"type":"Feature","geometry":{"type":"Point","coordinates":[-0.477486,52.151361]},"properties":{"holder_names":"Mr Paul Alexander Maskens","holder_address":"16 Bailey Road, Cowley, Oxford, OX4 3HY","property_count":1}},{"type":"Feature","geometry":{"type":"Point","coordinates":[-0.478887,52.151212]},"properties":{"holder_names":"Mr Mohammed Rooh- Al-Amin","holder_address":"12 Gillian's Way , Oxford, OX4 2YD","property_count":1}},{"type":"Feature","geometry":{"type":"Point","coordinates":[-1.217593,51.767756]},"properties":{"holder_names":"Mr Andrew John Wyatt","holder_address":"Flat 2, Dunstan Cottage, Dunstan Road, Old Headington, Oxford, OX3 9BY","property_count":1}},{"type":"Feature","geometry":{"type":"Point","coordinates":[0.126263,51.470961]},"properties":{"holder_names":"Mr Mohammed Yaqoob","holder_address":"53 Wolsey Road, Oxford, Oxfordshire, OX2 7TA","property_count":1}},{"type":"Feature","geometry":{"type":"Point","coordinates":[-0.931568,51.461421]},"properties":{"holder_names":"The House Of St Gregory And St Macrina (Oxford) Limited","holder_address":"1 Canterbury Road , Oxford, OX2 6LU","property_count":1}},{"type":"Feature","geometry":{"type":"Point","coordinates":[-0.477338,52.150429]},"properties":{"holder_names":"Mr Jonathan Paul Louw","holder_address":"2 Maywood Road, Oxford, OX4 4EE","property_count":1}},{"type":"Feature","geometry":{"type":"Point","coordinates":[6.7643,51.211817]},"properties":{"holder_names":"Mr Abdullah Khan","holder_address":"3 Catherine Street, Oxford, Oxfordshire, OX4 3AQ","property_count":1}},{"type":"Feature","geometry":{"type":"Point","coordinates":[-5.237564,56.711941]},"properties":{"holder_names":"Mr Younas Ali","holder_address":"74 Hollow Way, OXFORD, OX4 2ND","property_count":1}},{"type":"Feature","geometry":{"type":"Point","coordinates":[-1.266629,51.751038]},"properties":{"holder_names":"Aspire Oxfordshire Community Enterprise Ltd","holder_address":"St Thomas School, Osney Lane , Oxford , OX1 1NJ","property_count":1}},{"type":"Feature","geometry":{"type":"Point","coordinates":[0.180868,51.870642]},"properties":{"holder_names":"Mr Robert Golding","holder_address":"13 Hockmore Street, Oxford, Oxfordshire, OX4 3UU","property_count":1}},{"type":"Feature","geometry":{"type":"Point","coordinates":[6.7643,51.211817]},"properties":{"holder_names":"Mr Shinder Pal Singh","holder_address":"3 Cotswold Crescent, Marston , Oxford , OX3 0SG","property_count":1}},{"type":"Feature","geometry":{"type":"Point","coordinates":[6.7643,51.211817]},"properties":{"holder_names":"Mr Shinder Pal Singh","holder_address":"3 Cotswold Crescent, Marston , Oxford, OX3 0SG","property_count":1}},{"type":"Feature","geometry":{"type":"Point","coordinates":[-1.230203,51.744496]},"properties":{"holder_names":"Mr Taseer Ahmad","holder_address":"157 Magdalen Road , Oxford , OX4 1RN","property_count":1}},{"type":"Feature","geometry":{"type":"Point","coordinates":[33.442262,49.131697]},"properties":{"holder_names":"Mrs Nazia Taj","holder_address":"50 Hollow Way, Cowley, Oxford, OX4 2NH","property_count":1}},{"type":"Feature","geometry":{"type":"Point","coordinates":[15.970028,45.79777]},"properties":{"holder_names":"Mr Mark Pawlak","holder_address":"21 Barrington Close, Oxford, Oxfordshire, OX3 7AX","property_count":1}},{"type":"Feature","geometry":{"type":"Point","coordinates":[-1.225134,51.724898]},"properties":{"holder_names":"Mr Surinder Masih","holder_address":"47 Asquith Road, Rose Hill, OXFORD, OX4 4RN","property_count":1}},{"type":"Feature","geometry":{"type":"Point","coordinates":[-0.478887,52.151212]},"properties":{"holder_names":"Ms Anne Carter","holder_address":"12 Stanley Road, Oxford, OX4 1QZ","property_count":1}},{"type":"Feature","geometry":{"type":"Point","coordinates":[-1.225134,51.724898]},"properties":{"holder_names":"Mr Surinder Masih","holder_address":"47 Asquith Road, OXFORD, OX4 4RN","property_count":1}},{"type":"Feature","geometry":{"type":"Point","coordinates":[-0.426626,51.417531]},"properties":{"holder_names":"Mr Lior Pytowski","holder_address":"9 South Park Court, East Avenue, Oxford, OX4 1YZ","property_count":1}},{"type":"Feature","geometry":{"type":"Point","coordinates":[-0.477486,52.151361]},"properties":{"holder_names":"Mrs Shoa Dogar","holder_address":"16 Lyndworth Close , Headington , Oxford , OX3 9ER","property_count":1}},{"type":"Feature","geometry":{"type":"Point","coordinates":[-1.264247,51.723515]},"properties":{"holder_names":"Raja Brothers (Oxford) Limited","holder_address":"Grove House, Badger Lane, Oxford, OX1 5BL","property_count":1}},{"type":"Feature","geometry":{"type":"Point","coordinates":[0.180868,51.870642]},"properties":{"holder_names":"Mr Terence Phelan","holder_address":"13 York Avenue , Headington , Oxford , OX3 8NS","property_count":1}},{"type":"Feature","geometry":{"type":"Point","coordinates":[-0.477615,52.151507]},"properties":{"holder_names":"Mrs Shabana Nadeem","holder_address":"17 Elms Road , Botley , Oxford, OX2 9JZ","property_count":1}},{"type":"Feature","geometry":{"type":"Point","coordinates":[-1.264247,51.723515]},"properties":{"holder_names":"Raja Brothers (Oxford) Limited","holder_address":"Grove House, Badger Lane, Oxford , OX1 5BL","property_count":1}},{"type":"Feature","geometry":{"type":"Point","coordinates":[-1.264247,51.723515]},"properties":{"holder_names":"Raja Brothers (Oxford) Limited","holder_address":"Grove House , Badger Lane , Oxford, OX1 5BL","property_count":1}},{"type":"Feature","geometry":{"type":"Point","coordinates":[-1.22324,51.760568]},"properties":{"holder_names":"Mrs Noreen Sarwar","holder_address":"190 Headley Way , Headington , Oxford , OX3 7TA","property_count":1}},{"type":"Feature","geometry":{"type":"Point","coordinates":[141.433489,40.547494]},"properties":{"holder_names":"Mrs Mary Beulah Murugaiah","holder_address":"29 Liddell Road, Oxford, Oxfordshire, OX4 3QU","property_count":1}},{"type":"Feature","geometry":{"type":"Point","coordinates":[-1.210024,51.392803]},"properties":{"holder_names":"Mr Nigel George David Mace","holder_address":"92 Collinwood Road , Risinghurst , Oxford , OX3 8HL","property_count":1}},{"type":"Feature","geometry":{"type":"Point","coordinates":[-1.318454,51.386206]},"properties":{"holder_names":"Mr Daniel Jayapaul","holder_address":"7 Calcot Close , Headington, Oxford , OX3 8PX","property_count":1}},{"type":"Feature","geometry":{"type":"Point","coordinates":[-0.944201,51.457182]},"properties":{"holder_names":"Ms Vanessa Lai","holder_address":"59 Bailey Road , OXFORD, OX4 3HU","property_count":1}},{"type":"Feature","geometry":{"type":"Point","coordinates":[-0.679788,51.481023]},"properties":{"holder_names":"Mrs Najma Azeem","holder_address":"52 Kennett Road, Oxford, OX3 7BJ","property_count":1}},{"type":"Feature","geometry":{"type":"Point","coordinates":[0.01216,51.523875]},"properties":{"holder_names":"Mr Anwar Javid Dogar","holder_address":"195 The Slade, Oxford, Oxfordshire, OX3 7HR","property_count":1}},{"type":"Feature","geometry":{"type":"Point","coordinates":[-1.229205,51.762048]},"properties":{"holder_names":"Mr Mubashir Ahmed","holder_address":"The Haveli , Harberton Mead, Oxford , OX3 0DB","property_count":1}},{"type":"Feature","geometry":{"type":"Point","coordinates":[-0.426626,51.417531]},"properties":{"holder_names":"Mr Habib Khan","holder_address":"9 Cumberland Road, Oxford, OX4 2BZ","property_count":1}},{"type":"Feature","geometry":{"type":"Point","coordinates":[-3.020432,51.64465]},"properties":{"holder_names":"Ms Jill Campion","holder_address":"20 Stockmore Street, Oxford , Oxfordshire, OX4 1TJ","property_count":1}},{"type":"Feature","geometry":{"type":"Point","coordinates":[1.170733,49.213836]},"properties":{"holder_names":"Mr Mohammed Saqib Faradoon","holder_address":"27 Clive Road, Oxford, Oxfordshire, OX4 3EL","property_count":1}},{"type":"Feature","geometry":{"type":"Point","coordinates":[-1.13582,52.956435]},"properties":{"holder_names":"Mrs Anjum Ahmed","holder_address":"10 White Hart , Old Marston Village , Oxford, OX3 0PL","property_count":1}},{"type":"Feature","geometry":{"type":"Point","coordinates":[-1.234439,51.743403]},"properties":{"holder_names":"Mr Mohammad Saghad","holder_address":"129 Hurst Street, Oxford, Oxfordshire, OX4 1HE","property_count":1}},{"type":"Feature","geometry":{"type":"Point","coordinates":[0.559105,51.374487]},"properties":{"holder_names":"Humphris Limited","holder_address":"33A Pony Road , Cowley , Oxford , OX4 2RD","property_count":1}},{"type":"Feature","geometry":{"type":"Point","coordinates":[-1.247841,51.720238]},"properties":{"holder_names":"Mrs Nicole Merola","holder_address":"107 Upper Road, Kennington, Oxford, OX1 5LW","property_count":1}},{"type":"Feature","geometry":{"type":"Point","coordinates":[-1.226662,51.727882]},"properties":{"holder_names":"Mr Saad Ahmad","holder_address":"96 Spencer Crescent, Oxford, OX4 4SW","property_count":1}},{"type":"Feature","geometry":{"type":"Point","coordinates":[-1.409797,50.915735]},"properties":{"holder_names":"Mr Mohammed Javed","holder_address":"68 St Nicholas Road, Oxford, Oxfordshire, OX4 4PR","property_count":1}},{"type":"Feature","geometry":{"type":"Point","coordinates":[6.7643,51.211817]},"properties":{"holder_names":"Ms Rosanna Bianchini","holder_address":"32 East Street , Osney , Oxford , OX2 0AU","property_count":1}}]}